segment_type,segment_key,purchase_month,unit_grain,eligible_units,late_units,late_rate,avg_seller_handling_days,median_seller_handling_days,avg_carrier_transit_days,median_carrier_transit_days,avg_promised_window_days,median_promised_window_days,gmv,late_gmv,is_low_sample
customer_state,AC,2017-02-01,order,3,0,0.0,4.613325617283951,4.154143518518518,21.088942901234567,23.106747685185184,38.0,41.0,450.4,,True
customer_state,AC,2017-03-01,order,2,0,0.0,2.4913483796296294,2.4913483796296294,17.16862847222222,17.168628472222224,34.0,34.0,455.99,,True
customer_state,AC,2017-04-01,order,5,0,0.0,2.674363425925926,2.4899189814814817,22.762622685185185,22.227488425925927,38.6,37.0,1162.38,,True
customer_state,AC,2017-05-01,order,8,0,0.0,3.121056134259259,2.6953935185185185,16.28443142361111,16.63206597222222,37.375,36.0,2094.39,,True
customer_state,AC,2017-06-01,order,4,0,0.0,1.5692042824074075,1.4311400462962962,16.864398148148148,13.199415509259259,34.75,34.5,385.78,,True
customer_state,AC,2017-07-01,order,5,0,0.0,2.073638888888889,1.9179861111111112,14.796719907407407,13.259814814814815,34.0,34.0,618.69,,True
customer_state,AC,2017-08-01,order,4,0,0.0,2.2754253472222223,2.09953125,15.146513310185185,10.649189814814815,34.75,35.0,637.93,,True
customer_state,AC,2017-09-01,order,5,1,0.2,3.154337962962963,2.7601851851851853,23.341319444444444,12.2359375,44.2,44.0,1786.89,1200.0,True
customer_state,AC,2017-10-01,order,5,0,0.0,1.8375601851851853,0.8906944444444445,10.910425925925926,9.940740740740742,45.4,45.0,735.2,,True
customer_state,AC,2017-11-01,order,5,1,0.2,4.945775462962963,2.2526041666666665,18.70114583333333,16.084398148148146,42.0,40.0,649.92,250.0,True
customer_state,AC,2017-12-01,order,5,0,0.0,2.293925925925926,2.4008333333333334,18.14139351851852,13.943449074074074,53.4,53.0,1100.78,,True
customer_state,AC,2018-01-01,order,6,0,0.0,1.092824074074074,0.950642361111111,17.2406037808642,17.06866898148148,48.166666666666664,47.5,882.94,,True
customer_state,AC,2018-02-01,order,3,0,0.0,4.726446759259259,2.5576041666666667,16.939537037037038,17.305625,42.0,40.0,201.83,,True
customer_state,AC,2018-03-01,order,2,0,0.0,10.849375,10.849375,24.207638888888887,24.207638888888887,42.5,42.5,97.8,,True
customer_state,AC,2018-04-01,order,4,1,0.25,2.903900462962963,2.8037384259259257,32.08291377314815,22.00314236111111,45.25,44.5,422.98,74.99,True
customer_state,AC,2018-05-01,order,2,0,0.0,3.3571180555555555,3.3571180555555555,16.174907407407407,16.17490740740741,52.0,52.0,1364.89,,True
customer_state,AC,2018-06-01,order,3,0,0.0,1.3651215277777777,1.3651215277777777,9.73241512345679,10.36050925925926,42.333333333333336,41.0,427.9,,True
customer_state,AC,2018-07-01,order,4,0,0.0,1.4323813657407407,0.9668171296296296,12.241273148148148,12.744293981481482,39.5,36.0,1469.97,,True
customer_state,AC,2018-08-01,order,3,0,0.0,5.734427083333333,5.734427083333333,9.808881172839506,8.027731481481482,41.0,41.0,446.69,,True
customer_state,AL,2017-02-01,order,12,1,0.08333333333333333,2.2833613040123457,2.305306712962963,25.883439429012345,22.077540509259258,42.666666666666664,39.0,2616.03,949.0,True
customer_state,AL,2017-03-01,order,10,2,0.2,1.9486655092592593,1.5051041666666667,21.34950925925926,14.67373263888889,33.8,33.5,1174.79,122.9,True
customer_state,AL,2017-04-01,order,21,8,0.38095238095238093,3.5847040343915344,2.7801851851851853,26.897546296296298,26.84715277777778,35.95238095238095,34.0,4718.02,2739.45,True
customer_state,AL,2017-05-01,order,26,2,0.07692307692307693,1.9242686075498576,0.9770601851851852,19.893575498575498,18.6352025462963,34.42307692307692,33.0,4773.24,1289.8,True
customer_state,AL,2017-06-01,order,10,3,0.3,2.2795324074074075,1.1574074074074074,23.595802083333332,22.09053240740741,32.1,31.5,951.65,232.88,True
customer_state,AL,2017-07-01,order,15,7,0.4666666666666667,2.6227947530864197,2.0289930555555555,28.533266975308642,28.066354166666667,32.2,32.0,2336.09,894.58,True
customer_state,AL,2017-08-01,order,17,3,0.17647058823529413,3.586079112200436,1.9988425925925926,21.19355119825708,19.041921296296298,35.529411764705884,32.0,8972.07,959.8,True
customer_state,AL,2017-09-01,order,19,8,0.42105263157894735,3.355977095516569,2.081724537037037,27.58865618908382,26.113043981481482,29.94736842105263,29.0,4365.29,918.99,True
customer_state,AL,2017-10-01,order,28,2,0.07142857142857142,3.5051901455026453,2.7797627314814815,16.396190476190476,16.544600694444448,31.642857142857142,32.0,5344.36,529.98,True
customer_state,AL,2017-11-01,order,26,5,0.19230769230769232,3.5667632656695156,3.0481655092592597,18.83581508190883,16.124907407407406,30.73076923076923,31.0,5936.26,1923.22,True
customer_state,AL,2017-12-01,order,12,0,0.0,3.2694483024691356,3.2661284722222224,17.513126929012344,16.53048611111111,38.416666666666664,38.0,2223.87,,True
customer_state,AL,2018-01-01,order,36,12,0.3333333333333333,2.960223544973545,2.1454050925925925,24.442594843106995,22.250219907407406,33.80555555555556,34.0,5134.08,1775.35,True
customer_state,AL,2018-02-01,order,27,10,0.37037037037037035,3.6502974965706447,2.2630671296296296,23.353879458161867,21.66554398148148,33.2962962962963,32.0,4593.07,2386.04,True
customer_state,AL,2018-03-01,order,27,9,0.3333333333333333,3.5872715192043896,2.846840277777778,20.323970764746228,18.0175,30.185185185185187,28.0,6996.1,631.96,True
customer_state,AL,2018-04-01,order,27,7,0.25925925925925924,1.8157518518518518,0.9980787037037037,21.327911951303154,17.95545138888889,30.14814814814815,31.0,6106.23,2024.74,True
customer_state,AL,2018-05-01,order,19,2,0.10526315789473684,3.5725462962962964,1.4025462962962962,17.418033625730995,17.290416666666665,34.89473684210526,31.0,3657.09,167.1,True
customer_state,AL,2018-06-01,order,24,0,0.0,2.4496556712962962,1.7623611111111113,17.619776716820986,16.746180555555554,36.375,35.0,3730.6,,True
customer_state,AL,2018-07-01,order,22,4,0.18181818181818182,3.0336728395061727,2.240625,19.941400462962964,17.69681712962963,26.863636363636363,26.5,3956.23,537.88,True
customer_state,AL,2018-08-01,order,16,0,0.0,2.4549609375,1.5560243055555554,11.739463975694445,11.445520833333333,33.5625,33.0,2253.28,,True
customer_state,AM,2017-02-01,order,8,0,0.0,3.102255497685185,2.3302199074074075,13.717698206018518,9.673136574074075,43.5,41.0,902.89,,True
customer_state,AM,2017-03-01,order,5,0,0.0,3.8489768518518517,2.2257291666666665,25.642537037037037,23.33540509259259,35.8,33.0,631.39,,True
customer_state,AM,2017-04-01,order,13,0,0.0,2.0737028133903133,1.848912037037037,18.74178863960114,21.413657407407406,36.07692307692308,37.0,836.38,,True
customer_state,AM,2017-05-01,order,8,1,0.125,2.212767650462963,1.456278935185185,29.75564670138889,19.570931712962963,35.75,35.0,1072.77,149.9,True
customer_state,AM,2017-06-01,order,1,0,0.0,0.7174305555555556,0.7174305555555556,4.808854166666666,4.808854166666666,33.0,33.0,169.99,,True
customer_state,AM,2017-07-01,order,5,0,0.0,2.008675925925926,1.9309837962962964,16.672083333333333,18.272476851851852,40.4,38.0,705.6,,True
customer_state,AM,2017-08-01,order,5,0,0.0,2.0221180555555556,1.0756828703703705,21.235162037037036,23.988819444444445,35.8,35.0,1276.6,,True
customer_state,AM,2017-09-01,order,9,0,0.0,1.9898135288065844,1.3033101851851852,21.495241769547324,23.153784722222223,51.77777777777778,52.0,1163.28,,True
customer_state,AM,2017-10-01,order,3,0,0.0,1.7753973765432098,0.6833912037037037,17.83647762345679,11.280451388888888,50.666666666666664,50.0,70.88,,True
customer_state,AM,2017-11-01,order,10,0,0.0,3.147127314814815,2.3172511574074073,30.68012962962963,31.357390046296295,49.3,49.0,2635.25,,True
customer_state,AM,2017-12-01,order,6,0,0.0,3.3564274691358027,4.085775462962963,33.29413387345679,34.05031828703704,52.0,51.5,1029.46,,True
customer_state,AM,2018-01-01,order,12,0,0.0,1.957278163580247,2.2319791666666666,28.623184799382717,31.43177083333333,53.25,51.5,2925.65,,True
customer_state,AM,2018-02-01,order,8,1,0.125,2.3927502893518517,1.7988020833333334,29.83080295138889,31.46597800925926,48.875,48.0,2028.62,57.98,True
customer_state,AM,2018-03-01,order,8,2,0.25,3.4134664351851853,3.2223611111111112,35.4237037037037,34.90476851851852,45.625,45.0,1118.16,468.9,True
customer_state,AM,2018-04-01,order,6,0,0.0,2.362548225308642,1.5221469907407408,23.995243055555555,25.179693287037036,47.333333333333336,45.5,667.79,,True
customer_state,AM,2018-05-01,order,9,0,0.0,2.4250617283950615,1.772037037037037,23.253032407407407,22.082546296296297,51.22222222222222,52.0,1811.8,,True
customer_state,AM,2018-06-01,order,7,0,0.0,1.9621114417989418,0.9595138888888889,16.55381779100529,19.169467592592593,57.42857142857143,59.0,924.72,,True
customer_state,AM,2018-07-01,order,18,0,0.0,3.127488425925926,2.183900462962963,18.77669431584362,20.2406712962963,44.77777777777778,42.5,2004.91,,True
customer_state,AM,2018-08-01,order,4,0,0.0,1.3205526620370371,1.011232638888889,17.54751736111111,20.052199074074075,48.0,47.5,380.7,,True
customer_state,AP,2017-02-01,order,2,0,0.0,3.403888888888889,3.403888888888889,13.517378472222223,13.517378472222223,43.5,43.5,549.85,,True
customer_state,AP,2017-03-01,order,3,2,0.6666666666666666,2.404803240740741,1.255150462962963,76.44054012345678,42.970219907407404,40.333333333333336,43.0,303.79,270.8,True
customer_state,AP,2017-05-01,order,4,0,0.0,1.0912065972222222,0.45678240740740744,17.092627314814816,16.663755787037037,34.5,35.0,1320.38,,True
customer_state,AP,2017-06-01,order,2,0,0.0,3.3614756944444446,3.361475694444444,19.698836805555555,19.698836805555555,34.5,34.5,252.7,,True
customer_state,AP,2017-07-01,order,1,0,0.0,0.7020486111111112,0.7020486111111112,15.20417824074074,15.20417824074074,36.0,36.0,259.9,,True
customer_state,AP,2017-08-01,order,3,0,0.0,6.035320216049382,3.7136574074074074,15.001296296296296,14.103923611111112,42.666666666666664,42.0,289.79,,True
customer_state,AP,2017-09-01,order,2,0,0.0,2.396076388888889,2.396076388888889,16.03115162037037,16.03115162037037,44.5,44.5,364.6,,True
customer_state,AP,2017-10-01,order,3,0,0.0,0.8974228395061729,0.9356365740740741,17.394182098765434,15.22351851851852,50.666666666666664,52.0,1591.85,,True
customer_state,AP,2017-11-01,order,4,0,0.0,2.5611429398148147,2.7830381944444444,24.013220486111113,23.029027777777777,50.0,49.0,511.88,,True
customer_state,AP,2017-12-01,order,4,0,0.0,2.6328993055555556,2.3171412037037036,27.505179398148147,25.00459490740741,57.0,56.5,601.9,,True
customer_state,AP,2018-01-01,order,11,0,0.0,2.6875368265993265,2.3269907407407406,21.59860164141414,23.44707175925926,53.90909090909091,53.0,2393.67,,True
customer_state,AP,2018-02-01,order,2,0,0.0,2.885341435185185,2.885341435185185,19.248761574074074,19.248761574074074,53.0,53.0,1007.9,,True
customer_state,AP,2018-03-01,order,5,0,0.0,2.403488425925926,2.7691550925925927,28.754680555555556,26.895462962962963,46.8,46.0,535.39,,True
customer_state,AP,2018-04-01,order,5,0,0.0,2.277148148148148,1.7497222222222222,23.660891203703702,23.03653935185185,49.2,49.0,822.7,,True
customer_state,AP,2018-05-01,order,6,0,0.0,1.9809432870370371,1.610734953703704,21.530640432098764,20.600497685185186,48.333333333333336,46.0,955.68,,True
customer_state,AP,2018-06-01,order,2,0,0.0,1.8469733796296297,1.8469733796296297,15.325844907407408,15.325844907407408,51.5,51.5,167.48,,True
customer_state,AP,2018-07-01,order,6,0,0.0,6.760266203703703,5.934861111111111,24.26087962962963,21.77876736111111,44.333333333333336,44.5,1350.84,,True
customer_state,AP,2018-08-01,order,2,0,0.0,3.020630787037037,3.0206307870370366,13.622100694444445,13.622100694444445,27.0,27.0,194.0,,True
customer_state,BA,2017-02-01,order,58,5,0.08620689655172414,3.0879861111111113,2.3825231481481484,18.1044530252235,13.199502314814815,40.10344827586207,37.5,7087.68,425.29,False
customer_state,BA,2017-03-01,order,87,7,0.08045977011494253,2.8492428959131546,1.7732523148148147,17.341221796509153,14.072650462962963,31.919540229885058,31.0,15942.12,1182.56,False
customer_state,BA,2017-04-01,order,84,12,0.14285714285714285,4.13688602292769,2.9230613425925926,23.912399277998237,16.05814814814815,34.63095238095238,34.0,18681.82,1164.05,False
customer_state,BA,2017-05-01,order,119,4,0.03361344537815126,2.5837214052287583,1.7297916666666666,13.803290635698724,13.613587962962963,32.0672268907563,31.0,16668.42,327.47,False
customer_state,BA,2017-06-01,order,103,8,0.07766990291262135,3.139807939127246,1.9982175925925927,14.927548993167925,12.37005787037037,32.359223300970875,32.0,20988.57,4705.37,False
customer_state,BA,2017-07-01,order,144,7,0.04861111111111111,2.7953478697228697,1.9586921296296296,14.854233137217077,13.944305555555555,31.979166666666668,32.0,19289.45,777.73,False
customer_state,BA,2017-08-01,order,152,5,0.03289473684210526,2.307854608308967,1.8278993055555555,12.60172438474659,12.045040509259259,30.960526315789473,31.0,28921.27,851.88,False
customer_state,BA,2017-09-01,order,167,28,0.16766467065868262,2.847176837822671,1.865,15.78576492847638,13.860335648148148,27.143712574850298,27.0,23947.3,3705.61,False
customer_state,BA,2017-10-01,order,158,16,0.10126582278481013,2.9724992674636663,1.805306712962963,14.882375249062353,13.113194444444444,28.20886075949367,28.0,24734.2,2285.95,False
customer_state,BA,2017-11-01,order,243,36,0.14814814814814814,3.4734204008535285,2.759236111111111,16.332159779378145,13.975486111111111,27.810699588477366,27.0,29137.89,3581.1,False
customer_state,BA,2017-12-01,order,188,24,0.1276595744680851,3.890768654684096,2.5299074074074075,17.81847511574074,15.24517939814815,33.101063829787236,33.0,28372.59,3573.94,False
customer_state,BA,2018-01-01,order,228,15,0.06578947368421052,3.471485999431449,2.4029398148148147,14.982626401072125,13.02359375,32.280701754385966,31.0,37066.01,3510.51,False
customer_state,BA,2018-02-01,order,208,40,0.19230769230769232,3.050213980586867,2.428599537037037,19.73497134303775,16.953171296296297,29.942307692307693,29.0,32147.51,4746.87,False
customer_state,BA,2018-03-01,order,235,74,0.3148936170212766,2.9083871158392434,2.041400462962963,19.98047699960599,18.20332175925926,27.41276595744681,26.0,36810.18,13040.71,False
customer_state,BA,2018-04-01,order,216,40,0.18518518518518517,2.186193315266486,1.3900694444444444,19.75728400420096,18.872175925925927,27.99537037037037,28.0,31937.34,6192.28,False
customer_state,BA,2018-05-01,order,237,47,0.19831223628691982,2.4117239460204885,1.424375,17.5497928387248,16.090046296296297,29.371308016877638,27.0,35174.44,6972.8,False
customer_state,BA,2018-06-01,order,198,11,0.05555555555555555,2.067077336403761,1.164085648148148,15.550500992063492,12.489241898148148,33.792929292929294,33.0,35099.48,1781.57,False
customer_state,BA,2018-07-01,order,245,15,0.061224489795918366,2.6264762020792722,1.4804976851851852,10.683010777170614,9.146788194444444,24.510204081632654,24.0,42646.81,2864.15,False
customer_state,BA,2018-08-01,order,159,1,0.006289308176100629,2.3241855585424136,1.508935185185185,8.836160850328175,8.092818287037037,27.81132075471698,26.0,21846.84,199.0,False
customer_state,CE,2017-02-01,order,13,1,0.07692307692307693,2.4194454089506174,1.048298611111111,18.01897524928775,14.837233796296296,42.15384615384615,41.0,2095.06,43.9,True
customer_state,CE,2017-03-01,order,26,8,0.3076923076923077,3.1662179487179487,1.9106712962962962,25.4497702991453,19.972864583333333,35.92307692307692,35.0,5969.98,2025.29,True
customer_state,CE,2017-04-01,order,42,5,0.11904761904761904,2.908389792231256,1.2670717592592593,25.592509645061728,21.162251157407407,37.26190476190476,36.0,5759.73,1233.74,True
customer_state,CE,2017-05-01,order,62,1,0.016129032258064516,2.946989060633214,1.66921875,13.122757803166069,13.171921296296297,35.62903225806452,35.0,10466.27,107.8,False
customer_state,CE,2017-06-01,order,44,0,0.0,2.3566879734848483,1.904068287037037,13.925217803030304,13.961591435185184,35.40909090909091,35.0,10060.19,,True
customer_state,CE,2017-07-01,order,53,0,0.0,3.20367356743536,2.339664351851852,13.259784896925227,13.019328703703703,35.22641509433962,34.0,7759.52,,False
customer_state,CE,2017-08-01,order,73,1,0.0136986301369863,3.026018994165398,1.8195833333333333,12.764410197869102,13.053969907407408,33.73972602739726,35.0,10642.66,309.99,False
customer_state,CE,2017-09-01,order,74,2,0.02702702702702703,3.1087075088787417,2.259895833333333,11.81271286911912,11.154091435185185,26.405405405405407,25.5,16891.82,356.5,False
customer_state,CE,2017-10-01,order,63,3,0.047619047619047616,4.023609457671958,2.6637037037037037,15.101864711934157,14.111747685185184,30.349206349206348,30.0,12399.11,329.99,False
customer_state,CE,2017-11-01,order,103,27,0.2621359223300971,3.71096267080187,3.240798611111111,20.78663362998921,18.02341435185185,28.902912621359224,28.0,18655.44,3856.5,False
customer_state,CE,2017-12-01,order,79,6,0.0759493670886076,3.5893710443037974,2.053935185185185,18.963809774964837,16.10369212962963,35.392405063291136,35.0,11116.34,999.19,False
customer_state,CE,2018-01-01,order,77,9,0.11688311688311688,2.7841124037999037,1.8202083333333332,21.572424543049543,16.999814814814815,33.58441558441559,34.0,13828.83,1277.17,False
customer_state,CE,2018-02-01,order,84,33,0.39285714285714285,2.792922453703704,1.9536574074074076,27.3662997409612,23.968512731481482,30.797619047619047,31.0,11115.52,4460.97,False
customer_state,CE,2018-03-01,order,93,47,0.5053763440860215,3.4444837714058143,2.1744097222222223,25.80463771903624,24.07650462962963,27.56989247311828,26.0,18385.26,9521.97,False
customer_state,CE,2018-04-01,order,96,23,0.23958333333333334,2.1865275234025234,1.4071527777777777,21.56929759837963,19.19933449074074,29.291666666666668,29.5,17349.74,4105.49,False
customer_state,CE,2018-05-01,order,72,8,0.1111111111111111,2.0831004050925928,1.6076736111111112,18.83621077674897,19.027673611111112,30.73611111111111,29.5,11945.51,1832.78,False
customer_state,CE,2018-06-01,order,72,0,0.0,2.8208843570683357,1.594837962962963,12.194742476851852,10.75236111111111,37.166666666666664,35.5,16549.61,,False
customer_state,CE,2018-07-01,order,84,1,0.011904761904761904,1.7107906343843844,1.1188599537037036,10.660216187169313,9.320133101851852,25.988095238095237,25.0,14068.21,109.0,False
customer_state,CE,2018-08-01,order,55,0,0.0,1.5458646262002744,0.9105150462962963,11.319997642318244,10.887905092592593,30.78181818181818,29.0,9457.04,,False
customer_state,DF,2017-02-01,order,21,0,0.0,2.3974162257495593,2.33375,8.64224537037037,8.086041666666667,35.80952380952381,35.0,10306.8,,True
customer_state,DF,2017-03-01,order,54,0,0.0,2.893982338820302,2.066875,8.690884130658436,8.23935185185185,27.944444444444443,26.0,6970.46,,False
customer_state,DF,2017-04-01,order,34,0,0.0,2.828422418630752,1.9672800925925926,11.572877859477124,11.987991898148149,29.205882352941178,28.0,7527.58,,True
customer_state,DF,2017-05-01,order,60,0,0.0,2.5021840277777776,1.5257465277777778,8.897325810185185,8.116388888888888,28.05,27.0,7953.28,,False
customer_state,DF,2017-06-01,order,69,1,0.014492753623188406,2.3212822061191627,1.7044212962962964,11.146608460815889,9.951354166666667,28.594202898550723,27.0,8325.86,102.9,False
customer_state,DF,2017-07-01,order,75,0,0.0,3.118429836086086,2.191892361111111,9.067681635802469,8.403541666666667,26.88,26.0,10828.02,,False
customer_state,DF,2017-08-01,order,83,1,0.012048192771084338,2.6331230477465417,1.8155092592592592,8.869711763721552,7.997731481481481,26.156626506024097,26.0,9863.81,19.9,False
customer_state,DF,2017-09-01,order,94,7,0.07446808510638298,2.9944870071684586,2.043900462962963,9.590535362490149,8.912430555555556,22.79787234042553,22.0,13319.89,703.6,False
customer_state,DF,2017-10-01,order,92,3,0.03260869565217391,2.7383218850644124,1.992326388888889,9.48061279690016,8.000694444444445,23.369565217391305,24.0,13093.39,293.8,False
customer_state,DF,2017-11-01,order,157,18,0.11464968152866242,3.1026638063222456,2.3321296296296294,11.57970910002359,9.803564814814814,23.923566878980893,23.0,27759.84,2272.01,False
customer_state,DF,2017-12-01,order,129,6,0.046511627906976744,3.4310488443870226,2.1122569444444443,11.410235788113695,10.233761574074075,28.449612403100776,28.0,16965.57,1176.58,False
customer_state,DF,2018-01-01,order,135,4,0.02962962962962963,2.746417695473251,1.7801157407407406,9.839101680384088,8.037280092592592,26.214814814814815,26.0,17736.97,419.79,False
customer_state,DF,2018-02-01,order,170,20,0.11764705882352941,3.098343477668845,2.112349537037037,15.369469498910675,14.875289351851851,26.476470588235294,25.0,21205.38,2508.32,False
customer_state,DF,2018-03-01,order,147,27,0.1836734693877551,3.094309413580247,2.1678819444444444,12.828913060594608,11.025844907407407,22.829931972789115,21.0,20955.42,2116.81,False
customer_state,DF,2018-04-01,order,146,3,0.02054794520547945,2.3270866652637485,1.7125405092592594,8.575092116945713,8.004837962962963,24.13013698630137,24.0,18812.79,244.68,False
customer_state,DF,2018-05-01,order,140,13,0.09285714285714286,2.366579435593682,1.599525462962963,9.196393635091926,7.288611111111111,23.228571428571428,22.0,25461.49,1861.49,False
customer_state,DF,2018-06-01,order,147,1,0.006802721088435374,2.1103286407155455,1.4283217592592592,6.746154572940287,6.304074074074074,28.87074829931973,27.0,19985.43,319.0,False
customer_state,DF,2018-07-01,order,165,7,0.04242424242424243,2.9477732554574443,1.3109027777777778,6.138873977505113,6.098680555555555,20.12727272727273,20.0,22719.93,554.46,False
customer_state,DF,2018-08-01,order,143,5,0.03496503496503497,2.122857797095657,1.3590625,6.698789254726755,6.192638888888889,17.132867132867133,16.0,19941.63,1040.89,False
customer_state,ES,2017-02-01,order,31,2,0.06451612903225806,3.526614023297491,1.784826388888889,16.942950268817203,9.044328703703703,33.516129032258064,33.0,4630.29,329.8,True
customer_state,ES,2017-03-01,order,47,0,0.0,2.359328211189913,0.9185763888888889,7.038963997241923,7.058518518518518,25.74468085106383,25.0,4985.41,,True
customer_state,ES,2017-04-01,order,45,2,0.044444444444444446,2.4489988425925926,1.0667476851851851,10.576859053497943,9.309155092592592,30.488888888888887,28.0,5475.2,124.89,True
customer_state,ES,2017-05-01,order,90,3,0.03333333333333333,3.0054557613168726,1.9014004629629628,9.383756172839506,8.158177083333333,28.133333333333333,27.0,13184.73,154.8,False
customer_state,ES,2017-06-01,order,79,5,0.06329113924050633,2.7125712025316457,2.154363425925926,13.053023323956868,11.201550925925925,27.417721518987342,26.0,10345.83,520.5,False
customer_state,ES,2017-07-01,order,81,3,0.037037037037037035,2.611423466435185,1.9759085648148147,11.808649119798812,9.873495370370371,26.925925925925927,26.0,7219.1,160.7,False
customer_state,ES,2017-08-01,order,94,4,0.0425531914893617,3.324762238967691,2.1821180555555557,9.81032222714736,8.252378472222222,27.47872340425532,27.0,13158.31,468.78,False
customer_state,ES,2017-09-01,order,93,4,0.043010752688172046,2.3707160991636798,1.8609606481481482,9.858931700517722,8.090844907407407,25.86021505376344,25.0,11235.95,221.14,False
customer_state,ES,2017-10-01,order,100,5,0.05,3.7911572916666665,2.7311342592592593,10.273526851851852,9.899872685185185,24.53,24.0,10380.69,1083.49,False
customer_state,ES,2017-11-01,order,168,34,0.20238095238095238,4.019969824735449,3.012494212962963,12.870618524029982,9.924091435185186,24.81547619047619,24.0,24302.25,3738.36,False
customer_state,ES,2017-12-01,order,108,7,0.06481481481481481,2.7954941486625513,2.116903935185185,16.436036415466393,15.812893518518518,29.787037037037038,29.0,12606.65,648.99,False
customer_state,ES,2018-01-01,order,145,14,0.09655172413793103,3.5138432311621965,2.317025462962963,12.524599936143039,10.896898148148148,28.52413793103448,27.0,20444.91,3322.18,False
customer_state,ES,2018-02-01,order,149,18,0.12080536912751678,3.322260051578424,2.8250578703703706,15.646336922073079,12.834872685185186,26.395973154362416,25.0,17045.72,2637.31,False
customer_state,ES,2018-03-01,order,133,55,0.41353383458646614,2.6114510233918127,2.1169444444444445,18.85406432748538,15.994849537037037,23.075187969924812,22.0,17391.77,8608.64,False
customer_state,ES,2018-04-01,order,140,22,0.15714285714285714,2.724849275967697,1.638414351851852,14.404612351190476,13.24435763888889,24.885714285714286,25.0,16542.57,1683.61,False
customer_state,ES,2018-05-01,order,132,21,0.1590909090909091,2.6155208333333335,1.6617708333333332,13.011491828002244,10.28271412037037,24.507575757575758,24.0,19004.83,2291.51,False
customer_state,ES,2018-06-01,order,123,5,0.04065040650406504,2.3021401427469135,1.3043402777777777,11.208273148148148,9.091846064814815,29.252032520325205,27.0,17152.96,1109.7,False
customer_state,ES,2018-07-01,order,122,9,0.07377049180327869,3.0278377335669004,1.7691435185185185,9.054068002428659,7.476168981481481,21.934426229508198,20.0,30146.35,7788.38,False
customer_state,ES,2018-08-01,order,103,0,0.0,2.26114375,1.4312789351851851,7.524551504629629,7.243437500000001,22.398058252427184,21.0,16610.04,,False
customer_state,GO,2017-02-01,order,24,1,0.041666666666666664,2.2627980324074075,0.8248668981481482,19.289095775462965,12.846956018518519,36.625,35.0,2331.85,34.9,True
customer_state,GO,2017-03-01,order,47,0,0.0,2.873616036249015,1.8198263888888888,11.351196315996848,11.078773148148148,31.04255319148936,29.0,8704.26,,True
customer_state,GO,2017-04-01,order,38,3,0.07894736842105263,2.9450162662662662,2.1515393518518517,16.146417519493177,12.105260416666667,33.21052631578947,32.0,5495.73,476.9,True
customer_state,GO,2017-05-01,order,83,3,0.03614457831325301,2.7355254350736278,1.1925231481481482,12.747585201918787,11.189456018518518,30.795180722891565,30.0,16615.97,753.8,False
customer_state,GO,2017-06-01,order,73,3,0.0410958904109589,2.491986459918823,1.8927662037037036,12.52673833079655,12.05425925925926,30.095890410958905,29.0,9395.26,678.9,False
customer_state,GO,2017-07-01,order,77,3,0.03896103896103896,2.058010612073112,1.0724421296296296,12.011914682539683,10.083865740740741,29.233766233766232,28.0,8923.19,339.79,False
customer_state,GO,2017-08-01,order,89,2,0.02247191011235955,2.4037874531835204,1.7642824074074075,10.491468216812319,9.108969907407408,29.247191011235955,29.0,14402.79,518.99,False
customer_state,GO,2017-09-01,order,84,2,0.023809523809523808,2.377824074074074,1.6774537037037036,10.869071593915343,9.241030092592592,24.857142857142858,24.0,13974.54,233.36,False
customer_state,GO,2017-10-01,order,106,2,0.018867924528301886,2.598444924877708,1.8539467592592591,11.114825406184487,10.010949074074073,26.235849056603772,25.0,17490.05,74.8,False
customer_state,GO,2017-11-01,order,153,20,0.13071895424836602,3.922765825465989,2.761689814814815,14.067417695473251,12.940787037037037,26.03921568627451,26.0,21079.19,2148.84,False
customer_state,GO,2017-12-01,order,125,9,0.072,3.0311691666666665,1.8396296296296295,14.897106666666666,14.284699074074075,31.088,31.0,15861.82,1198.23,False
customer_state,GO,2018-01-01,order,144,7,0.04861111111111111,2.922427884615385,2.117025462962963,12.666932227366255,11.70636574074074,29.71527777777778,29.0,16879.19,754.58,False
customer_state,GO,2018-02-01,order,146,23,0.15753424657534246,3.0780606291222727,2.181082175925926,16.5667990550482,14.93441550925926,27.52054794520548,27.0,17921.0,4133.77,False
customer_state,GO,2018-03-01,order,141,28,0.19858156028368795,2.6670924448384556,2.1275,15.707605069608615,13.874224537037037,24.75886524822695,23.0,19347.8,2187.01,False
customer_state,GO,2018-04-01,order,132,6,0.045454545454545456,2.355777344926227,1.5073611111111112,12.505044104236813,11.708761574074074,26.37121212121212,27.0,19087.44,891.69,False
customer_state,GO,2018-05-01,order,136,7,0.051470588235294115,2.196705558959695,0.9979050925925925,11.198133850762527,9.180057870370371,25.75735294117647,24.5,24194.24,688.94,False
customer_state,GO,2018-06-01,order,105,1,0.009523809523809525,2.1266377314814813,1.1285474537037037,9.356119314095649,8.354074074074074,31.295238095238094,31.0,14358.06,349.65,False
customer_state,GO,2018-07-01,order,112,5,0.044642857142857144,3.13471975965327,1.7665046296296296,9.082455281986531,8.166944444444445,23.241071428571427,22.5,25253.8,749.87,False
customer_state,GO,2018-08-01,order,117,3,0.02564102564102564,1.8504497785829308,0.9875231481481481,8.20753592995169,7.994247685185186,20.35042735042735,19.0,18063.89,2151.96,False
customer_state,MA,2017-02-01,order,11,0,0.0,2.240740740740741,1.4995717592592592,12.604708543771045,12.794340277777778,49.90909090909091,41.0,895.28,,True
customer_state,MA,2017-03-01,order,22,4,0.18181818181818182,4.670451388888889,2.9275810185185183,18.936197390572392,16.21245949074074,36.27272727272727,36.5,1975.79,494.89,True
customer_state,MA,2017-04-01,order,25,1,0.04,3.860825462962963,4.040243055555556,16.301645833333332,15.26832175925926,37.52,36.0,3243.42,45.0,True
customer_state,MA,2017-05-01,order,31,0,0.0,1.5472031810035842,0.8200694444444444,14.216810035842293,14.20054398148148,35.516129032258064,36.0,3440.08,,True
customer_state,MA,2017-06-01,order,15,0,0.0,2.7105779320987655,2.4086226851851853,13.435741512345679,11.963576388888889,37.2,35.0,1779.3,,True
customer_state,MA,2017-07-01,order,37,0,0.0,2.4594613095238094,1.5310300925925926,17.801167104604605,17.110972222222223,34.567567567567565,34.0,6481.34,,True
customer_state,MA,2017-08-01,order,38,2,0.05263157894736842,3.114535209551657,2.681533564814815,15.663108857212476,14.764340277777777,35.421052631578945,35.0,6121.84,90.8,True
customer_state,MA,2017-09-01,order,41,3,0.07317073170731707,2.6153398825654923,1.936238425925926,14.568514848690153,13.968877314814815,25.536585365853657,25.0,9519.25,540.9,True
customer_state,MA,2017-10-01,order,48,12,0.25,4.082895929783951,2.9514293981481483,16.64499348958333,14.131145833333333,28.041666666666668,27.0,10335.8,2200.37,True
customer_state,MA,2017-11-01,order,53,28,0.5283018867924528,3.2379542278127182,1.818460648148148,26.42101524283718,23.83025462962963,28.433962264150942,28.0,10002.49,5206.32,False
customer_state,MA,2017-12-01,order,40,5,0.125,2.8878567708333334,1.7414641203703702,21.07449855324074,20.10125,34.15,33.0,5820.14,963.89,True
customer_state,MA,2018-01-01,order,55,4,0.07272727272727272,2.4986626683501685,1.3007523148148148,16.566184553872056,15.860023148148148,32.836363636363636,32.0,8782.51,994.39,False
customer_state,MA,2018-02-01,order,55,18,0.32727272727272727,3.3497068602693605,2.214675925925926,25.139378787878787,20.223784722222224,29.09090909090909,28.0,9877.81,4050.01,False
customer_state,MA,2018-03-01,order,49,25,0.5102040816326531,4.316725245653817,2.815069444444444,21.79064058956916,21.95428240740741,26.551020408163264,25.0,8355.74,4677.09,True
customer_state,MA,2018-04-01,order,46,6,0.13043478260869565,2.50177662037037,1.7975983796296295,17.23529809670782,16.97709490740741,28.0,28.0,7929.93,865.78,True
customer_state,MA,2018-05-01,order,32,2,0.0625,2.1298118279569893,1.5952777777777778,16.303965205439816,15.957887731481481,28.375,26.5,7084.04,124.98,True
customer_state,MA,2018-06-01,order,41,5,0.12195121951219512,2.1121866096866095,0.8613194444444444,17.378847800925925,15.342366898148148,31.634146341463413,30.0,5979.48,1210.38,True
customer_state,MA,2018-07-01,order,39,7,0.1794871794871795,2.9135519547325104,1.766909722222222,14.65332906920078,13.266614583333332,23.974358974358974,22.0,6455.43,1204.87,True
customer_state,MA,2018-08-01,order,29,2,0.06896551724137931,1.5354302362707535,0.849375,10.605139687100895,11.310347222222223,25.586206896551722,26.0,4246.2,131.99,True
customer_state,MG,2017-02-01,order,241,2,0.008298755186721992,2.918287860297536,1.6063541666666667,9.036349874614197,8.125931712962963,32.28630705394191,30.0,29695.38,180.8,False
customer_state,MG,2017-03-01,order,343,8,0.023323615160349854,2.9768451031206133,1.7584606481481482,8.4409261966645,7.084832175925926,24.3265306122449,22.0,42193.09,1573.1,False
customer_state,MG,2017-04-01,order,266,7,0.02631578947368421,3.0158897569444445,1.9913194444444446,8.351897800055696,7.788541666666667,26.7593984962406,26.0,41257.46,578.23,False
customer_state,MG,2017-05-01,order,412,7,0.01699029126213592,2.6196226175993513,1.7792824074074074,7.713036817916217,7.09583912037037,25.024271844660195,24.0,50158.05,901.14,False
customer_state,MG,2017-06-01,order,356,5,0.014044943820224719,2.693374297752809,1.7861053240740739,9.039465836974616,8.129467592592594,25.328651685393258,24.0,46656.03,438.68,False
customer_state,MG,2017-07-01,order,435,4,0.009195402298850575,2.783799568965517,1.9980324074074074,8.12584824865281,7.301122685185185,24.133333333333333,23.0,54766.97,875.5,False
customer_state,MG,2017-08-01,order,459,11,0.023965141612200435,2.692781055837973,1.8575925925925927,7.931509420640684,7.086967592592592,24.43355119825708,23.0,59981.3,1703.93,False
customer_state,MG,2017-09-01,order,493,5,0.010141987829614604,2.759894749000528,2.0154050925925926,7.011011428517767,6.899965277777778,23.9026369168357,24.0,72840.01,569.7,False
customer_state,MG,2017-10-01,order,542,5,0.00922509225092251,3.0071945682998495,1.9622858796296296,7.03179182468908,6.326302083333333,24.505535055350553,24.0,82012.09,1342.05,False
customer_state,MG,2017-11-01,order,922,66,0.07158351409978309,3.525776041038324,2.658773148148148,10.40024766258938,8.896140046296296,24.284164859002168,24.0,134288.65,7635.73,False
customer_state,MG,2017-12-01,order,669,23,0.0343796711509716,3.306362396734309,2.1360011574074074,10.91632731619886,9.675381944444444,29.292974588938716,29.0,93138.31,7642.41,False
customer_state,MG,2018-01-01,order,846,26,0.030732860520094562,3.228826207442597,2.1585069444444445,9.159323395499518,7.769780092592592,28.020094562647753,27.0,115102.76,2809.31,False
customer_state,MG,2018-02-01,order,790,66,0.08354430379746836,3.30828887535884,2.198287037037037,12.093469306727613,10.824814814814815,26.803797468354432,26.0,107648.61,9370.56,False
customer_state,MG,2018-03-01,order,856,175,0.2044392523364486,3.1876223931291103,2.136313657407407,13.189760148948599,10.970231481481482,23.125,22.0,120025.33,25034.02,False
customer_state,MG,2018-04-01,order,778,19,0.02442159383033419,2.295692612013231,1.4095023148148147,8.386389439326859,7.3750173611111105,24.989717223650384,26.0,111476.48,2816.85,False
customer_state,MG,2018-05-01,order,751,69,0.09187749667110519,2.198560342655581,1.3213541666666666,9.50195891979446,7.253200231481481,23.838881491344875,22.0,103571.87,9495.91,False
customer_state,MG,2018-06-01,order,714,1,0.0014005602240896359,2.3423592373713253,1.1357465277777778,5.893857674955409,5.879369212962963,29.15126050420168,28.0,106078.61,389.99,False
customer_state,MG,2018-07-01,order,644,8,0.012422360248447204,2.680247657053755,1.164554398148148,5.569549208833246,5.185694444444445,21.082298136645964,20.0,97627.71,697.1,False
customer_state,MG,2018-08-01,order,700,12,0.017142857142857144,2.0402868299396077,1.0836226851851851,5.181469707854406,5.180677083333333,17.375714285714285,16.0,95736.42,1782.48,False
customer_state,MS,2017-02-01,order,11,0,0.0,2.2613436447811446,2.5543055555555556,17.14985164141414,16.77315972222222,31.272727272727273,31.0,7519.79,,True
customer_state,MS,2017-03-01,order,19,0,0.0,2.1424463937621834,1.6198611111111112,10.128361354775828,9.956516203703703,25.894736842105264,25.0,6452.55,,True
customer_state,MS,2017-04-01,order,15,1,0.06666666666666667,1.4681550925925926,0.9584143518518519,12.518015432098766,12.377916666666668,27.933333333333334,27.0,1904.06,29.9,True
customer_state,MS,2017-05-01,order,26,0,0.0,1.9105555555555556,1.597841435185185,10.45292646011396,8.42853587962963,27.884615384615383,27.0,3387.34,,True
customer_state,MS,2017-06-01,order,27,0,0.0,2.77465835048011,2.1524537037037037,11.307961676954733,11.797083333333333,28.77777777777778,27.0,3807.42,,True
customer_state,MS,2017-07-01,order,24,0,0.0,1.9892240547839506,1.5136805555555557,11.480003375771604,10.929195601851852,26.25,26.0,3722.94,,True
customer_state,MS,2017-08-01,order,24,0,0.0,3.4020968364197532,2.065798611111111,9.549028260030864,9.159461805555555,27.875,26.5,3841.62,,True
customer_state,MS,2017-09-01,order,32,0,0.0,1.6822819010416667,1.0925925925925926,9.772452256944444,9.207465277777779,24.3125,23.5,4902.71,,True
customer_state,MS,2017-10-01,order,33,2,0.06060606060606061,2.9373442760942763,2.180439814814815,10.54801872895623,10.347141203703703,28.060606060606062,27.0,6267.84,208.9,True
customer_state,MS,2017-11-01,order,44,4,0.09090909090909091,4.13663667929293,3.474814814814815,11.576578808922559,10.33041087962963,25.75,25.0,6249.78,366.08,True
customer_state,MS,2017-12-01,order,34,2,0.058823529411764705,4.095440155228758,2.0458969907407405,15.193297930283224,14.225538194444445,31.823529411764707,30.5,5408.25,718.9,True
customer_state,MS,2018-01-01,order,70,3,0.04285714285714286,3.460712466931217,2.02140625,11.385991236772487,10.139444444444443,29.5,29.0,10100.76,853.0,False
customer_state,MS,2018-02-01,order,64,13,0.203125,2.275793728298611,1.689375,18.63095287181713,15.036533564814814,27.0,25.5,8593.19,1991.02,False
customer_state,MS,2018-03-01,order,57,23,0.40350877192982454,2.839847912605588,2.330810185185185,18.71087252274204,14.976724537037038,23.789473684210527,23.0,7398.98,2678.92,False
customer_state,MS,2018-04-01,order,43,3,0.06976744186046512,2.794813199827735,2.1069328703703705,13.03753445305771,13.056724537037036,26.186046511627907,27.0,5875.85,325.8,True
customer_state,MS,2018-05-01,order,44,4,0.09090909090909091,2.1395801033591733,1.095,11.131704888027562,9.259606481481482,25.431818181818183,22.5,9981.05,1255.94,True
customer_state,MS,2018-06-01,order,49,1,0.02040816326530612,2.3315025037792894,1.7171759259259258,9.305379818594105,8.316898148148148,32.12244897959184,31.0,8887.25,247.9,True
customer_state,MS,2018-07-01,order,49,2,0.04081632653061224,3.1368202160493825,1.776886574074074,8.260427999614198,7.401788194444444,21.285714285714285,21.0,6810.83,207.9,True
customer_state,MS,2018-08-01,order,35,10,0.2857142857142857,2.317595238095238,1.759074074074074,12.047702711640211,11.316018518518518,17.942857142857143,16.0,5551.43,1305.29,True
customer_state,MT,2017-02-01,order,17,0,0.0,2.606715005446623,1.6659259259259258,15.247124183006536,14.11142361111111,39.23529411764706,37.0,2988.4,,True
customer_state,MT,2017-03-01,order,16,4,0.25,2.811807002314815,1.835295138888889,26.152413194444446,24.72205439814815,31.3125,31.0,2157.09,612.75,True
customer_state,MT,2017-04-01,order,25,2,0.08,2.246515721450617,1.5364120370370369,18.806122685185183,18.838958333333334,34.72,34.0,3724.5,426.9,True
customer_state,MT,2017-05-01,order,37,1,0.02702702702702703,2.2020526776776777,1.1789467592592593,12.291947259759759,11.052407407407408,33.24324324324324,33.0,6731.11,129.9,True
customer_state,MT,2017-06-01,order,24,1,0.041666666666666664,2.5627719907407407,2.4832465277777778,13.336105324074074,12.597939814814815,32.958333333333336,33.0,4326.53,52.9,True
customer_state,MT,2017-07-01,order,37,0,0.0,2.016104854854855,1.419664351851852,13.088398398398398,13.854444444444445,31.486486486486488,31.0,10288.68,,True
customer_state,MT,2017-08-01,order,38,0,0.0,2.3846841496101363,2.007239583333333,12.668584917153996,12.533443287037038,32.36842105263158,32.0,6709.45,,True
customer_state,MT,2017-09-01,order,34,2,0.058823529411764705,2.602875816993464,1.6725868055555555,12.950364923747276,12.02775462962963,29.794117647058822,29.5,6940.91,253.8,True
customer_state,MT,2017-10-01,order,50,1,0.02,2.887341898148148,1.7718287037037037,12.867111574074075,12.821909722222223,32.88,31.5,10749.01,309.9,False
customer_state,MT,2017-11-01,order,73,9,0.1232876712328767,2.9028545154743783,2.6697569444444444,16.541027397260272,13.460069444444445,30.43835616438356,31.0,11431.7,765.08,False
customer_state,MT,2017-12-01,order,49,5,0.10204081632653061,3.4332726284958426,2.510902777777778,19.522360402494332,16.73236111111111,36.183673469387756,35.0,9626.2,879.77,True
customer_state,MT,2018-01-01,order,83,3,0.03614457831325301,3.0208078145917003,2.2854282407407407,15.568393155957162,14.231550925925927,34.28915662650602,34.0,12274.7,867.13,False
customer_state,MT,2018-02-01,order,67,8,0.11940298507462686,2.7116312534549474,1.7793171296296295,18.91197899391929,16.733564814814816,32.43283582089552,32.0,8172.69,726.18,False
customer_state,MT,2018-03-01,order,52,13,0.25,3.062707888176638,1.984357638888889,19.480598958333335,15.623304398148147,29.423076923076923,28.0,8638.73,2087.08,False
customer_state,MT,2018-04-01,order,64,1,0.015625,2.267948353066181,1.4289930555555557,15.49192527488426,15.14193287037037,30.890625,31.0,11544.39,750.0,False
customer_state,MT,2018-05-01,order,66,2,0.030303030303030304,2.5756702112268517,1.5259780092592594,13.503435897435898,12.234594907407407,32.666666666666664,30.5,12261.85,298.87,False
customer_state,MT,2018-06-01,order,58,1,0.017241379310344827,2.527873470568783,1.133599537037037,11.949688515269656,10.110949074074075,36.12068965517241,35.0,10335.29,299.9,False
customer_state,MT,2018-07-01,order,47,0,0.0,2.3668447944896114,1.8588657407407407,9.94505737785658,9.14875,28.085106382978722,26.0,10599.64,,True
customer_state,MT,2018-08-01,order,39,0,0.0,2.296835099902534,1.4021990740740742,8.777889558966862,8.409195601851852,26.46153846153846,23.0,4648.23,,True
customer_state,PA,2017-02-01,order,24,0,0.0,3.2947950424382717,1.7504050925925925,15.45686149691358,13.557187500000001,41.875,40.5,9901.49,,True
customer_state,PA,2017-03-01,order,35,3,0.08571428571428572,2.9223022486772487,2.3775578703703704,22.36021990740741,15.180659722222222,37.6,36.0,7647.77,398.89,True
customer_state,PA,2017-04-01,order,36,0,0.0,2.92941808127572,2.140665509259259,14.483586355452674,14.059172453703702,37.75,38.0,4776.15,,True
customer_state,PA,2017-05-01,order,35,1,0.02857142857142857,2.660073082010582,1.6757986111111112,16.05835945767196,13.828449074074074,38.114285714285714,36.0,5404.14,34.9,True
customer_state,PA,2017-06-01,order,36,2,0.05555555555555555,3.404351851851852,2.18015625,15.67382426697531,14.252297453703704,34.94444444444444,35.0,5730.27,1512.5,True
customer_state,PA,2017-07-01,order,36,3,0.08333333333333333,2.561388245884774,1.6992824074074075,15.983077096193416,13.64375,35.52777777777778,34.0,5459.01,310.99,True
customer_state,PA,2017-08-01,order,57,0,0.0,3.131084714100065,1.8420138888888888,13.411734080571799,13.773194444444444,36.70175438596491,35.0,14765.2,,False
customer_state,PA,2017-09-01,order,41,5,0.12195121951219512,3.8348585704607046,1.8875925925925927,19.973467705510387,19.143854166666667,35.829268292682926,36.0,6218.39,1302.6,True
customer_state,PA,2017-10-01,order,52,3,0.057692307692307696,4.217067752849003,2.834861111111111,20.390228587962962,21.03023148148148,37.94230769230769,37.0,6751.58,269.79,False
customer_state,PA,2017-11-01,order,69,10,0.14492753623188406,3.888203502415459,2.8566319444444446,22.071739801395598,20.223564814814814,36.608695652173914,37.0,11704.43,1933.36,False
customer_state,PA,2017-12-01,order,58,4,0.06896551724137931,2.8508225574712642,2.3321817129629627,23.06508580779055,21.546475694444446,40.98275862068966,40.0,10420.23,450.3,False
customer_state,PA,2018-01-01,order,69,6,0.08695652173913043,3.4341666666666666,2.069728009259259,21.941289586688136,19.981944444444444,42.43478260869565,41.0,14114.56,1559.46,False
customer_state,PA,2018-02-01,order,57,7,0.12280701754385964,2.709975430474334,1.9802777777777778,26.298017584470436,23.233055555555556,38.03508771929825,38.0,8943.61,1473.99,False
customer_state,PA,2018-03-01,order,67,34,0.5074626865671642,3.217000414593698,2.243217592592593,34.30726143587617,37.80184027777778,37.44776119402985,34.0,13208.78,5109.42,False
customer_state,PA,2018-04-01,order,66,20,0.30303030303030304,2.4631027852449225,1.6013831018518518,28.462834946689114,27.138755787037034,37.96969696969697,37.0,11649.76,3517.42,False
customer_state,PA,2018-05-01,order,40,5,0.125,1.8468055555555556,1.0694097222222223,23.476286799620134,21.271226851851853,38.15,34.5,7455.64,655.49,True
customer_state,PA,2018-06-01,order,54,0,0.0,2.490199598183089,1.1533217592592593,14.872998971193416,14.32890625,43.111111111111114,42.0,9358.21,,False
customer_state,PA,2018-07-01,order,57,3,0.05263157894736842,2.2645578275034293,1.1399884259259259,12.579944566276803,11.62616898148148,30.736842105263158,30.0,13195.94,327.61,False
customer_state,PA,2018-08-01,order,43,0,0.0,2.2978103466838933,1.465775462962963,11.33465143195521,11.138680555555556,29.767441860465116,28.0,8928.78,,True
customer_state,PB,2017-02-01,order,11,1,0.09090909090909091,2.0020959595959598,1.5618055555555557,17.33327967171717,15.233009259259259,42.0,41.0,2169.73,329.9,True
customer_state,PB,2017-03-01,order,16,1,0.0625,2.501915509259259,1.6212268518518518,14.747821903935185,13.005277777777778,34.6875,34.0,4387.99,75.9,True
customer_state,PB,2017-04-01,order,20,3,0.15,4.226300925925926,3.3932465277777775,20.649343171296298,19.454930555555556,38.85,38.5,2957.37,144.9,True
customer_state,PB,2017-05-01,order,17,1,0.058823529411764705,2.543134531590414,2.0597800925925926,13.997145288671025,12.701527777777779,35.529411764705884,36.0,2899.21,370.0,True
customer_state,PB,2017-06-01,order,22,2,0.09090909090909091,4.61008890993266,2.756429398148148,14.936648253367004,13.399699074074075,37.63636363636363,36.5,6182.92,718.99,True
customer_state,PB,2017-07-01,order,26,5,0.19230769230769232,2.670121082621083,2.002488425925926,23.51260639245014,18.667037037037037,33.38461538461539,33.5,4635.04,1604.32,True
customer_state,PB,2017-08-01,order,16,1,0.0625,2.708483796296296,1.7706655092592594,15.86617259837963,13.566446759259259,34.0,33.5,2324.77,98.0,True
customer_state,PB,2017-09-01,order,25,7,0.28,3.371886574074074,2.248136574074074,22.675125,18.718530092592594,33.32,32.0,5499.28,1156.0,True
customer_state,PB,2017-10-01,order,28,0,0.0,2.3299107142857145,1.3581249999999998,16.089807374338623,14.48191550925926,33.67857142857143,35.0,10284.31,,True
customer_state,PB,2017-11-01,order,27,5,0.18518518518518517,3.4678656550068587,3.319351851851852,19.946371313443073,16.052488425925926,31.666666666666668,31.0,4567.39,525.79,True
customer_state,PB,2017-12-01,order,37,4,0.10810810810810811,4.208630818318318,3.2795833333333335,17.016676676676678,13.683506944444444,36.67567567567568,36.0,5585.56,487.89,True
customer_state,PB,2018-01-01,order,31,4,0.12903225806451613,3.262707586618877,2.2333333333333334,18.713719758064517,16.299375,35.483870967741936,35.0,6800.29,1657.39,True
customer_state,PB,2018-02-01,order,35,3,0.08571428571428572,3.3216071428571428,1.992164351851852,15.688338624338625,13.834444444444445,34.285714285714285,33.0,4750.8,209.7,True
customer_state,PB,2018-03-01,order,39,5,0.1282051282051282,2.9650608380816714,2.2516550925925927,19.183969017094018,19.811886574074073,30.974358974358974,30.0,6087.0,432.68,True
customer_state,PB,2018-04-01,order,28,6,0.21428571428571427,2.0008032407407406,1.5978472222222222,21.410401785714285,16.85392361111111,31.214285714285715,31.0,4413.14,627.79,True
customer_state,PB,2018-05-01,order,29,1,0.034482758620689655,2.6643243135376755,1.3993402777777777,17.291692608556833,16.057777777777776,36.06896551724138,33.0,4860.44,74.9,True
customer_state,PB,2018-06-01,order,28,1,0.03571428571428571,2.4053625165343915,1.03609375,13.108563161375661,12.237534722222222,34.32142857142857,34.0,12993.83,159.0,True
customer_state,PB,2018-07-01,order,51,2,0.0392156862745098,2.688578851457841,2.534479166666667,11.638522376543209,11.056712962962964,29.41176470588235,29.0,15657.68,142.89,False
customer_state,PB,2018-08-01,order,28,2,0.07142857142857142,2.0167969821673526,1.2955439814814815,10.748830191798941,11.058078703703703,25.392857142857142,23.5,7751.63,407.9,True
customer_state,PE,2017-02-01,order,20,1,0.05,2.622644097222222,1.4349479166666668,15.556083333333333,13.860792824074075,41.5,41.0,2781.91,15.32,True
customer_state,PE,2017-03-01,order,36,1,0.027777777777777776,2.7007458847736627,1.696412037037037,14.180475180041153,13.353778935185185,35.22222222222222,34.0,7192.14,45.49,True
customer_state,PE,2017-04-01,order,36,3,0.08333333333333333,3.1709336419753087,2.4999884259259257,19.06208076131687,13.809224537037037,37.583333333333336,37.0,4259.32,202.97,True
customer_state,PE,2017-05-01,order,63,1,0.015873015873015872,2.704543099647266,1.777337962962963,12.007299015285126,11.016215277777778,36.41269841269841,36.0,10419.7,59.9,False
customer_state,PE,2017-06-01,order,41,2,0.04878048780487805,2.9323105803974707,2.33875,16.073346601174347,13.280879629629629,37.24390243902439,35.0,5804.58,159.8,True
customer_state,PE,2017-07-01,order,70,13,0.18571428571428572,2.3433035714285713,1.8484548611111111,20.903008432539682,18.541122685185186,33.871428571428574,34.0,9880.42,1585.77,False
customer_state,PE,2017-08-01,order,83,12,0.14457831325301204,2.5732578926818386,1.6572916666666666,18.793346301874163,14.760046296296297,34.31325301204819,35.0,13074.25,2856.28,False
customer_state,PE,2017-09-01,order,74,6,0.08108108108108109,2.6798088713713715,2.062482638888889,13.330125281531531,11.940364583333334,29.0,29.0,15077.51,385.39,False
customer_state,PE,2017-10-01,order,77,5,0.06493506493506493,3.3585693241943244,2.1962615740740743,13.974584535834536,12.774039351851853,31.805194805194805,31.0,17426.89,2028.87,False
customer_state,PE,2017-11-01,order,125,15,0.12,3.297650462962963,2.5016319444444446,15.647028518518518,13.080578703703704,29.8,30.0,19658.24,4864.42,False
customer_state,PE,2017-12-01,order,101,8,0.07920792079207921,3.6537245599559958,2.138171296296296,17.61816442060873,14.82707175925926,34.722772277227726,34.0,16128.61,805.55,False
customer_state,PE,2018-01-01,order,102,8,0.0784313725490196,4.131863078703704,2.7558449074074076,14.593786764705882,12.779241898148147,34.07843137254902,33.0,14993.43,1233.45,False
customer_state,PE,2018-02-01,order,121,14,0.11570247933884298,3.1444074265381086,2.752407407407407,17.31953187174778,14.962662037037036,31.43801652892562,31.0,17338.73,1847.34,False
customer_state,PE,2018-03-01,order,107,22,0.205607476635514,2.7056465256143993,1.8742592592592593,18.380226289373486,14.468935185185185,27.439252336448597,27.0,22861.39,3885.71,False
customer_state,PE,2018-04-01,order,110,15,0.13636363636363635,2.22636221340388,1.3195717592592593,18.01724757996633,15.791903935185186,29.554545454545455,29.5,17662.61,2634.83,False
customer_state,PE,2018-05-01,order,102,12,0.11764705882352941,2.7605673588192152,1.553275462962963,15.24886801016703,14.414114583333333,28.823529411764707,27.0,13774.93,1831.74,False
customer_state,PE,2018-06-01,order,91,2,0.02197802197802198,2.201510416666667,1.1601041666666667,9.970501028806584,8.097835648148148,35.989010989010985,34.0,14790.73,394.0,False
customer_state,PE,2018-07-01,order,136,8,0.058823529411764705,2.33782352292769,1.438917824074074,10.500573001770153,8.278969907407408,25.63235294117647,25.0,24482.03,1367.67,False
customer_state,PE,2018-08-01,order,83,4,0.04819277108433735,2.4638195855916893,1.6696412037037036,9.509313504016065,8.024849537037037,26.180722891566266,25.0,11927.03,326.9,False
customer_state,PI,2017-02-01,order,10,0,0.0,2.7994861111111113,1.2931712962962962,15.560387731481482,15.74222800925926,42.1,41.0,3133.79,,True
customer_state,PI,2017-03-01,order,13,3,0.23076923076923078,3.234513888888889,2.9716782407407405,43.36121616809117,17.1309375,35.46153846153846,35.0,2106.5,674.23,True
customer_state,PI,2017-04-01,order,11,0,0.0,2.397242213804714,2.175775462962963,10.432280092592592,10.099074074074075,36.45454545454545,35.0,2496.93,,True
customer_state,PI,2017-05-01,order,23,0,0.0,3.2874672906602256,2.143611111111111,10.58678542673108,10.110069444444445,34.82608695652174,35.0,5972.8,,True
customer_state,PI,2017-06-01,order,14,0,0.0,2.62020667989418,1.1097453703703704,10.671652612433862,10.986741898148148,34.92857142857143,34.5,2147.47,,True
customer_state,PI,2017-07-01,order,20,1,0.05,2.6030405092592592,1.8442650462962964,11.894638888888888,10.106875,33.85,34.0,2202.01,119.99,True
customer_state,PI,2017-08-01,order,20,0,0.0,2.360325810185185,1.3434548611111112,14.175477430555556,14.04646412037037,34.35,35.0,4626.4,,True
customer_state,PI,2017-09-01,order,22,1,0.045454545454545456,2.78784617003367,2.014340277777778,13.204225589225588,10.983125000000001,25.59090909090909,25.0,3146.36,409.99,True
customer_state,PI,2017-10-01,order,23,0,0.0,2.0347161835748793,1.2155555555555555,13.652250905797102,13.036550925925926,28.434782608695652,28.0,4047.04,,True
customer_state,PI,2017-11-01,order,31,15,0.4838709677419355,2.8944384707287933,2.372453703703704,23.57210872162485,23.824930555555557,25.483870967741936,25.0,2707.81,1421.55,True
customer_state,PI,2017-12-01,order,23,3,0.13043478260869565,3.0313305152979066,2.738472222222222,17.03627063204509,15.18212962962963,32.95652173913044,33.0,2646.92,398.99,True
customer_state,PI,2018-01-01,order,47,5,0.10638297872340426,3.668030683609141,2.4314930555555554,15.428957840819542,12.78295138888889,31.361702127659573,30.0,6724.17,1995.5,True
customer_state,PI,2018-02-01,order,32,7,0.21875,3.397699291087963,2.4102662037037037,18.982669270833334,16.254913194444445,31.3125,29.0,4439.72,641.86,True
customer_state,PI,2018-03-01,order,34,10,0.29411764705882354,2.631625136165577,2.492060185185185,19.28884327342048,15.04386574074074,26.147058823529413,25.0,6642.28,1612.57,True
customer_state,PI,2018-04-01,order,34,4,0.11764705882352941,1.8873323512906846,1.553773148148148,14.042501702069718,12.668923611111111,27.705882352941178,28.0,10774.93,2137.0,True
customer_state,PI,2018-05-01,order,30,6,0.2,3.221630747126437,2.0172569444444446,17.682757024265644,16.914456018518518,30.166666666666668,27.5,6845.7,871.87,True
customer_state,PI,2018-06-01,order,29,9,0.3103448275862069,2.300404679232804,1.0706539351851851,20.20546136653895,20.067280092592593,31.93103448275862,31.0,4845.7,957.91,True
customer_state,PI,2018-07-01,order,32,2,0.0625,2.8854270833333335,1.0840625,12.330683955439815,12.67958912037037,23.375,22.0,6933.47,173.48,True
customer_state,PI,2018-08-01,order,20,0,0.0,2.134407150205761,1.320636574074074,9.449818672839505,9.01183449074074,31.95,33.0,3013.23,,True
customer_state,PR,2017-02-01,order,110,3,0.02727272727272727,4.4049876893939395,2.2957002314814816,9.193880681818182,7.986863425925925,33.0,31.0,18623.53,404.88,False
customer_state,PR,2017-03-01,order,121,5,0.04132231404958678,2.8463875497398226,1.7480787037037038,8.498729147535967,7.141145833333333,24.628099173553718,23.0,15733.3,324.78,False
customer_state,PR,2017-04-01,order,112,3,0.026785714285714284,3.3607713594276096,2.029508101851852,9.714656394675925,8.862193287037037,26.517857142857142,25.0,15958.09,403.7,False
customer_state,PR,2017-05-01,order,206,2,0.009708737864077669,2.315670622078389,1.354855324074074,7.529527204692557,7.0156423611111105,24.179611650485437,24.0,31769.79,176.79,False
customer_state,PR,2017-06-01,order,167,2,0.011976047904191617,2.5475117819915725,1.9405902777777777,8.361016716566866,7.375104166666667,24.53293413173653,24.0,21538.18,65.9,False
customer_state,PR,2017-07-01,order,195,1,0.005128205128205128,3.180847174494082,2.1070833333333336,7.273693376068376,7.004328703703703,24.364102564102563,24.0,24569.0,17.9,False
customer_state,PR,2017-08-01,order,220,0,0.0,2.3315210963804716,1.677667824074074,7.121998474326599,6.919149305555555,23.818181818181817,23.0,28561.45,,False
customer_state,PR,2017-09-01,order,176,1,0.005681818181818182,3.015824652777778,2.2324537037037038,8.101449652777777,7.196707175925926,24.318181818181817,24.0,22575.58,56.97,False
customer_state,PR,2017-10-01,order,198,6,0.030303030303030304,3.299542940983913,1.8111631944444446,9.102761468855219,8.259855324074074,25.444444444444443,25.0,33400.66,515.59,False
customer_state,PR,2017-11-01,order,365,32,0.08767123287671233,3.204841768138001,2.5852662037037035,10.991327086504313,8.809212962962963,24.654794520547945,25.0,46853.49,2655.66,False
customer_state,PR,2017-12-01,order,260,13,0.05,3.231319577991453,2.276770833333333,11.261584312678062,8.78370949074074,30.91923076923077,31.0,30122.83,3080.55,False
customer_state,PR,2018-01-01,order,371,6,0.016172506738544475,3.171844512195122,2.236435185185185,10.096483977238695,8.804733796296297,28.50943396226415,28.0,44872.3,1543.43,False
customer_state,PR,2018-02-01,order,335,30,0.08955223880597014,3.0045298852957436,2.028113425925926,11.311385157545605,9.271655092592592,25.95223880597015,26.0,45674.35,5694.36,False
customer_state,PR,2018-03-01,order,369,49,0.13279132791327913,2.8765178347385327,2.009641203703704,12.058146924872027,9.929768518518518,23.15989159891599,23.0,51082.01,7346.93,False
customer_state,PR,2018-04-01,order,381,5,0.013123359580052493,2.302410432449495,1.5195949074074075,7.417071606968811,6.9061863425925925,25.128608923884514,26.0,66638.06,590.91,False
customer_state,PR,2018-05-01,order,308,23,0.07467532467532467,2.4482629721305464,1.5865856481481482,9.617072594110503,7.4589236111111115,24.4512987012987,23.0,46569.48,3985.69,False
customer_state,PR,2018-06-01,order,306,0,0.0,1.9675197967327598,1.0505555555555557,6.538105824471336,6.225162037037037,29.673202614379086,29.0,42281.76,,False
customer_state,PR,2018-07-01,order,314,6,0.01910828025477707,2.353229410331384,1.172037037037037,6.071683248753561,5.393252314814815,20.245222929936304,20.0,47452.65,989.13,False
customer_state,PR,2018-08-01,order,327,10,0.03058103975535168,2.1934908554064902,1.3116666666666668,5.508024537037037,5.318576388888889,16.718654434250766,15.0,41305.21,1576.39,False
customer_state,RJ,2017-02-01,order,230,8,0.034782608695652174,3.4792543352014293,1.7240219907407408,8.667382799919485,7.036365740740741,32.1,31.0,32466.05,833.76,False
customer_state,RJ,2017-03-01,order,370,16,0.043243243243243246,2.8838709647147147,1.8684895833333335,7.621833927677677,6.138240740740741,24.935135135135134,23.0,55699.83,2277.77,False
customer_state,RJ,2017-04-01,order,325,21,0.06461538461538462,3.2250976808852196,1.891087962962963,10.569181517094018,8.868136574074073,26.984615384615385,26.0,57889.84,6469.78,False
customer_state,RJ,2017-05-01,order,466,13,0.027896995708154508,2.5161490442054957,1.5732291666666667,8.277503725560324,6.942552083333334,25.13948497854077,24.0,74628.81,1212.29,False
customer_state,RJ,2017-06-01,order,399,13,0.03258145363408521,2.708343660076116,1.8794907407407406,9.510100656734428,8.153587962962963,25.350877192982455,24.0,54452.31,2688.44,False
customer_state,RJ,2017-07-01,order,547,17,0.031078610603290677,2.9783905900873453,2.0688310185185186,9.089719323413908,7.894872685185185,24.46069469835466,24.0,78618.9,4635.05,False
customer_state,RJ,2017-08-01,order,537,16,0.0297951582867784,2.817529453427308,1.9417939814814815,9.19538828108835,8.128263888888888,24.564245810055866,23.0,78662.6,2391.72,False
customer_state,RJ,2017-09-01,order,591,30,0.050761421319796954,2.918694655950367,2.106412037037037,9.65305490928746,8.784780092592593,22.83248730964467,22.0,95045.48,5217.93,False
customer_state,RJ,2017-10-01,order,654,45,0.06880733944954129,3.119315607656586,2.0510069444444445,9.665007043549666,8.061087962962963,23.32415902140673,23.0,97252.86,4948.25,False
customer_state,RJ,2017-11-01,order,1012,263,0.2598814229249012,3.8790568273312838,2.8397627314814815,14.922848926310204,12.17931712962963,22.805335968379445,23.0,150539.39,37038.22,False
customer_state,RJ,2017-12-01,order,746,179,0.23994638069705093,3.403439426423067,2.1865046296296295,17.962700684514942,15.380972222222223,28.844504021447722,28.0,118260.54,31141.99,False
customer_state,RJ,2018-01-01,order,850,111,0.13058823529411764,3.2969171792522793,1.9580439814814814,14.722906168300653,11.87115162037037,28.769411764705882,29.0,122212.69,18305.95,False
customer_state,RJ,2018-02-01,order,879,299,0.34015927189988626,3.232748375152741,2.224212962962963,20.254325556714278,14.998483796296297,25.16609783845279,24.0,117796.5,40293.92,False
customer_state,RJ,2018-03-01,order,864,298,0.3449074074074074,2.903509291446719,1.922349537037037,21.081129476916153,17.99175347222222,28.57638888888889,28.0,117848.5,35280.97,False
customer_state,RJ,2018-04-01,order,807,39,0.048327137546468404,2.474004750036122,1.4057986111111112,11.365432692307692,9.031203703703703,31.56753407682776,32.0,123281.4,4021.46,False
customer_state,RJ,2018-05-01,order,816,56,0.06862745098039216,2.292574988568816,1.3497743055555556,10.631227108736356,8.30755787037037,31.16421568627451,31.0,126972.13,7470.16,False
customer_state,RJ,2018-06-01,order,707,9,0.01272984441301273,2.4525665383271513,1.5117592592592592,7.8473598067575425,6.459710648148148,36.547383309759546,37.0,102798.57,1589.68,False
customer_state,RJ,2018-07-01,order,696,17,0.02442528735632184,2.769756817456171,1.4116319444444445,6.581234751616696,6.041759259259259,26.887931034482758,28.0,99973.64,3169.24,False
customer_state,RJ,2018-08-01,order,723,42,0.058091286307053944,2.11629451067477,1.2353125,5.833301315484469,5.279768518518519,19.047026279391424,17.0,95762.98,4932.08,False
customer_state,RN,2017-02-01,order,8,0,0.0,2.1667433449074074,1.3716203703703704,15.493311631944444,13.28546875,38.75,39.0,398.9,,True
customer_state,RN,2017-03-01,order,13,3,0.23076923076923078,2.159188034188034,1.9597685185185185,29.57195601851852,14.19181712962963,33.69230769230769,33.0,1741.72,327.9,True
customer_state,RN,2017-04-01,order,10,0,0.0,2.0098431069958846,1.6234953703703705,16.73310648148148,14.896296296296295,36.0,36.0,1243.87,,True
customer_state,RN,2017-05-01,order,17,0,0.0,4.811667347494553,2.1775462962962964,10.39437704248366,9.355787037037038,35.23529411764706,35.0,4683.56,,True
customer_state,RN,2017-06-01,order,12,1,0.08333333333333333,2.0777854938271605,1.7068518518518518,17.753150077160495,11.057251157407407,34.75,33.5,1241.36,248.0,True
customer_state,RN,2017-07-01,order,27,3,0.1111111111111111,2.863255744170096,1.6904050925925926,20.61028377914952,19.094398148148148,37.96296296296296,34.0,3193.99,856.3,True
customer_state,RN,2017-08-01,order,20,2,0.1,2.9574398148148147,2.1880439814814814,16.248535879629628,15.034461805555555,33.1,35.0,2545.41,353.9,True
customer_state,RN,2017-09-01,order,23,3,0.13043478260869565,3.2907533212560387,2.7895833333333333,17.843945249597425,17.071354166666666,30.73913043478261,29.0,3445.94,181.99,True
customer_state,RN,2017-10-01,order,23,1,0.043478260869565216,3.669430354267311,2.0221064814814813,14.475400563607085,14.223935185185185,31.956521739130434,30.0,4202.47,95.0,True
customer_state,RN,2017-11-01,order,41,8,0.1951219512195122,3.667920054200542,2.9341898148148147,16.554220584914184,13.116377314814814,30.317073170731707,30.0,8469.3,1494.68,True
customer_state,RN,2017-12-01,order,30,2,0.06666666666666667,3.4127820216049383,2.268449074074074,12.900552854938272,12.537997685185186,33.53333333333333,35.0,3168.45,134.98,True
customer_state,RN,2018-01-01,order,42,1,0.023809523809523808,2.39480930335097,1.3495196759259258,12.463532021604939,12.834259259259259,33.595238095238095,35.0,5807.94,69.9,True
customer_state,RN,2018-02-01,order,23,2,0.08695652173913043,2.69014442431562,2.164085648148148,17.733112922705313,16.0259375,30.956521739130434,31.0,3204.87,398.89,True
customer_state,RN,2018-03-01,order,38,7,0.18421052631578946,3.3361001461988304,2.7864351851851854,20.515675255847952,16.717609953703704,30.68421052631579,29.0,7383.63,1580.38,True
customer_state,RN,2018-04-01,order,32,10,0.3125,3.3751636334610473,2.4528935185185183,23.489716796875,18.912465277777777,31.90625,31.5,6001.74,1746.27,True
customer_state,RN,2018-05-01,order,22,1,0.045454545454545456,1.7907859848484848,1.4449594907407408,15.349149831649832,12.145341435185184,31.272727272727273,29.0,4233.02,14.9,True
customer_state,RN,2018-06-01,order,35,0,0.0,3.701315359477124,1.4634027777777778,9.78777380952381,9.028819444444444,37.285714285714285,36.0,6563.45,,True
customer_state,RN,2018-07-01,order,29,0,0.0,3.5286479001322753,2.049068287037037,9.057072956577267,9.248564814814815,26.96551724137931,26.0,8415.43,,True
customer_state,RN,2018-08-01,order,20,0,0.0,1.9181359649122807,1.6088425925925927,9.842773148148147,8.815416666666668,25.05,24.0,5236.37,,True
customer_state,RO,2017-02-01,order,9,0,0.0,2.025372942386831,1.447673611111111,15.226862139917696,14.048055555555555,45.22222222222222,41.0,1622.16,,True
customer_state,RO,2017-03-01,order,16,2,0.125,2.0613353587962964,1.5858101851851851,19.157510127314815,15.032274305555557,37.5,37.5,1864.86,158.99,True
customer_state,RO,2017-04-01,order,7,1,0.14285714285714285,1.9920238095238096,1.5844212962962962,17.626901455026456,15.285983796296296,36.142857142857146,36.0,1077.58,355.9,True
customer_state,RO,2017-05-01,order,8,0,0.0,1.0683984375,1.1528182870370371,15.197543402777777,13.617881944444445,37.625,35.5,551.46,,True
customer_state,RO,2017-06-01,order,10,0,0.0,2.1559375,1.4535243055555556,15.282293981481482,16.2866724537037,36.9,36.0,1800.92,,True
customer_state,RO,2017-07-01,order,10,0,0.0,3.921053240740741,3.039681712962963,14.207628472222222,14.161533564814814,34.5,34.0,1083.72,,True
customer_state,RO,2017-08-01,order,14,0,0.0,2.4581646825396826,1.644392361111111,14.526329365079365,13.197627314814815,37.857142857142854,36.5,2236.88,,True
customer_state,RO,2017-09-01,order,16,0,0.0,2.0780533854166667,1.5913657407407409,15.151417824074073,14.228744212962964,40.3125,39.0,4197.99,,True
customer_state,RO,2017-10-01,order,13,0,0.0,3.228676994301994,2.319328703703704,13.26352475071225,11.226145833333334,41.23076923076923,40.0,1657.95,,True
customer_state,RO,2017-11-01,order,17,0,0.0,2.31416394335512,2.073865740740741,14.438905909586056,13.284236111111111,39.94117647058823,39.0,5852.16,,True
customer_state,RO,2017-12-01,order,11,0,0.0,2.3933112373737373,2.2225578703703706,17.982478956228956,18.923275462962962,43.54545454545455,44.0,1949.58,,True
customer_state,RO,2018-01-01,order,20,1,0.05,3.233736689814815,1.7260474537037038,21.20272800925926,18.172974537037035,46.65,43.5,2286.76,53.9,True
customer_state,RO,2018-02-01,order,13,0,0.0,2.213988603988604,2.179039351851852,18.4836948005698,15.975914351851852,40.84615384615385,40.0,1579.38,,True
customer_state,RO,2018-03-01,order,13,3,0.23076923076923078,2.2023130341880344,2.148414351851852,23.311071937321937,22.075300925925927,37.15384615384615,36.0,2726.89,370.0,True
customer_state,RO,2018-04-01,order,11,0,0.0,2.3428714225589227,0.9120023148148149,19.624782196969697,17.940347222222222,39.36363636363637,42.0,3499.77,,True
customer_state,RO,2018-05-01,order,17,0,0.0,2.2814011437908497,1.3484837962962963,17.825025871459694,16.999039351851852,41.11764705882353,39.0,2255.24,,True
customer_state,RO,2018-06-01,order,11,0,0.0,0.7468171296296297,0.5104861111111111,14.049941077441078,12.422719907407407,45.45454545454545,46.0,1921.57,,True
customer_state,RO,2018-07-01,order,16,0,0.0,2.219275462962963,1.5928472222222223,10.718714554398147,9.822193287037038,32.5625,32.5,4503.8,,True
customer_state,RO,2018-08-01,order,8,0,0.0,1.3533174189814814,0.8768402777777777,10.679328703703703,10.579108796296296,23.5,22.0,2789.78,,True
customer_state,RR,2017-02-01,order,2,0,0.0,2.2086747685185184,2.2086747685185184,7.084693287037037,7.084693287037037,54.0,54.0,50.8,,True
customer_state,RR,2017-03-01,order,2,1,0.5,2.7469039351851854,2.746903935185185,98.02337384259259,98.02337384259259,40.0,40.0,270.99,236.0,True
customer_state,RR,2017-04-01,order,2,0,0.0,4.575758101851852,4.575758101851852,16.75880787037037,16.75880787037037,40.0,40.0,48.95,,True
customer_state,RR,2017-05-01,order,2,0,0.0,4.185520833333333,4.185520833333333,24.15181712962963,24.151817129629627,35.0,35.0,233.11,,True
customer_state,RR,2017-06-01,order,3,0,0.0,4.122924382716049,5.503761574074074,15.184220679012345,15.219583333333333,36.666666666666664,37.0,93.4,,True
customer_state,RR,2017-07-01,order,1,0,0.0,0.5238541666666666,0.5238541666666666,7.982627314814815,7.982627314814815,36.0,36.0,179.9,,True
customer_state,RR,2017-09-01,order,1,0,0.0,1.3403703703703704,1.3403703703703704,15.69181712962963,15.69181712962963,50.0,50.0,39.99,,True
customer_state,RR,2017-10-01,order,3,1,0.3333333333333333,15.55047839506173,2.7761805555555554,17.281581790123457,11.88019675925926,53.0,47.0,388.98,199.0,True
customer_state,RR,2017-11-01,order,2,1,0.5,3.1008506944444445,3.1008506944444445,31.006030092592592,31.006030092592592,46.0,46.0,98.64,84.99,True
customer_state,RR,2018-01-01,order,1,0,0.0,0.9366435185185186,0.9366435185185186,24.055578703703702,24.055578703703702,53.0,53.0,218.99,,True
customer_state,RR,2018-02-01,order,3,1,0.3333333333333333,1.7590895061728395,1.7717708333333333,45.41444058641975,36.103125,47.333333333333336,47.0,199.17,69.9,True
customer_state,RR,2018-03-01,order,5,0,0.0,1.4713449074074074,1.2392013888888889,30.722541666666668,26.95140046296296,43.4,43.0,2244.68,,True
customer_state,RR,2018-04-01,order,2,1,0.5,2.892239583333333,2.8922395833333336,39.21432291666667,39.21432291666667,48.0,48.0,712.65,699.0,True
customer_state,RR,2018-05-01,order,1,0,0.0,2.1313194444444443,2.1313194444444443,16.211377314814815,16.211377314814815,58.0,58.0,89.9,,True
customer_state,RR,2018-06-01,order,5,0,0.0,2.3734189814814814,2.018761574074074,15.474087962962964,15.366944444444444,57.2,60.0,1331.99,,True
customer_state,RR,2018-07-01,order,5,0,0.0,1.346712962962963,0.7890856481481481,17.47356712962963,11.081122685185186,41.6,43.0,1514.7,,True
customer_state,RS,2017-02-01,order,100,3,0.03,3.356440263605442,1.9380902777777778,10.912919212962963,9.017760416666667,32.73,33.0,15832.61,216.29,False
customer_state,RS,2017-03-01,order,144,2,0.013888888888888888,2.790634403935185,1.8950925925925926,11.208893550668725,9.569114583333334,26.916666666666668,25.0,20129.51,184.6,False
customer_state,RS,2017-04-01,order,132,3,0.022727272727272728,3.515019991582492,2.130902777777778,10.184989741161615,9.054930555555556,30.46212121212121,29.0,19248.24,234.7,False
customer_state,RS,2017-05-01,order,205,1,0.004878048780487805,2.3043626277139206,1.2869560185185185,8.730196589882565,7.039456018518519,26.694174757281555,26.5,28407.76,351.82,False
customer_state,RS,2017-06-01,order,215,1,0.004651162790697674,2.7863928725236864,2.0537152777777776,9.114261627906977,8.833043981481481,27.176744186046513,27.0,23969.51,99.99,False
customer_state,RS,2017-07-01,order,242,6,0.024793388429752067,2.5235116902990855,1.9671875,10.442428010219762,8.998483796296297,26.330578512396695,26.0,29346.96,807.77,False
customer_state,RS,2017-08-01,order,296,22,0.07432432432432433,2.862171194632132,2.0675752314814817,11.87853247779029,10.234513888888888,27.26689189189189,27.0,34295.24,1834.76,False
customer_state,RS,2017-09-01,order,273,5,0.018315018315018316,2.6269806559776687,1.9152604166666667,10.884593932302266,10.315266203703704,28.406593406593405,29.0,37202.05,446.53,False
customer_state,RS,2017-10-01,order,244,5,0.020491803278688523,3.2363645074377656,2.076533564814815,10.712218047966,9.900549768518518,29.389344262295083,30.0,37571.11,322.95,False
customer_state,RS,2017-11-01,order,409,52,0.1271393643031785,3.5515848274925292,2.9711805555555557,15.0046044156932,12.1584375,28.83129584352078,29.0,58699.88,7204.63,False
customer_state,RS,2017-12-01,order,278,28,0.10071942446043165,3.2620184269251267,2.088929398148148,16.435537361777246,14.66832175925926,34.039568345323744,34.0,42179.75,6333.19,False
customer_state,RS,2018-01-01,order,367,30,0.08174386920980926,2.9721493848300353,2.211412037037037,15.513608398930266,13.891203703703704,33.20980926430518,33.0,48482.98,3834.34,False
customer_state,RS,2018-02-01,order,363,48,0.1322314049586777,2.849795460922355,1.9725578703703703,17.955889832670135,16.077881944444446,30.8732782369146,30.0,46782.39,5378.99,False
customer_state,RS,2018-03-01,order,407,78,0.19164619164619165,2.7797410763035764,1.9857407407407408,16.79398839180089,14.68199074074074,27.66093366093366,27.0,57558.87,9524.4,False
customer_state,RS,2018-04-01,order,345,12,0.034782608695652174,2.2404367139725396,1.4181597222222222,10.573114130434783,8.934768518518519,29.6231884057971,30.0,52500.24,1168.95,False
customer_state,RS,2018-05-01,order,350,10,0.02857142857142857,2.2097473105330763,1.1769675925925926,10.824956231375053,9.1075,29.305714285714284,28.0,50841.45,1093.44,False
customer_state,RS,2018-06-01,order,304,4,0.013157894736842105,2.207028512887888,1.3763657407407408,9.454490586419753,8.19574074074074,34.91447368421053,34.0,44093.83,859.48,False
customer_state,RS,2018-07-01,order,308,5,0.016233766233766232,2.6042156887412773,1.4011168981481483,7.503997654525386,7.041417824074074,24.506493506493506,24.0,43688.44,379.52,False
customer_state,RS,2018-08-01,order,293,9,0.030716723549488054,2.260384194958848,1.0828530092592592,7.329768478469819,7.211423611111111,21.1740614334471,19.0,43141.6,3561.69,False
customer_state,SC,2017-02-01,order,57,3,0.05263157894736842,2.7923712638076674,1.5430208333333333,12.42582744476933,12.903506944444445,31.035087719298247,30.0,6937.85,94.79,False
customer_state,SC,2017-03-01,order,104,19,0.18269230769230768,2.7490986689814814,1.897511574074074,14.474624510327635,12.73380787037037,24.528846153846153,23.0,18338.81,2107.09,False
customer_state,SC,2017-04-01,order,100,9,0.09,2.6488374485596706,2.0013310185185187,13.089278935185185,10.838159722222223,27.51,26.0,11762.1,980.38,False
customer_state,SC,2017-05-01,order,146,7,0.04794520547945205,2.785364900431253,1.9347685185185184,11.004483685312024,9.903269675925927,26.041095890410958,25.0,23516.67,850.49,False
customer_state,SC,2017-06-01,order,109,4,0.03669724770642202,2.4119913778457356,1.557013888888889,11.542423759768944,9.814733796296297,25.807339449541285,24.0,13323.33,503.39,False
customer_state,SC,2017-07-01,order,152,7,0.046052631578947366,2.6398545626218324,1.9104050925925926,10.152532729335295,9.008564814814815,24.888157894736842,24.0,19478.9,1131.78,False
customer_state,SC,2017-08-01,order,152,4,0.02631578947368421,3.025900645711501,1.9772106481481482,9.676276674025019,8.943969907407407,24.217105263157894,23.5,22351.81,395.66,False
customer_state,SC,2017-09-01,order,153,11,0.0718954248366013,3.37728351912768,2.265787037037037,10.548498774509804,10.017199074074075,24.477124183006534,24.0,25815.93,1696.35,False
customer_state,SC,2017-10-01,order,174,8,0.04597701149425287,3.2052908152405277,2.0264641203703704,9.207167345146871,8.031452546296297,25.902298850574713,26.0,21022.55,1841.88,False
customer_state,SC,2017-11-01,order,288,43,0.14930555555555555,3.759929591049383,2.8536689814814817,13.379293177726337,11.080046296296295,25.5,25.0,40312.9,6317.68,False
customer_state,SC,2017-12-01,order,192,8,0.041666666666666664,3.1091270013503087,1.8643923611111113,14.225132197627314,12.868703703703703,31.8125,31.0,24234.89,1204.4,False
customer_state,SC,2018-01-01,order,311,31,0.09967845659163987,3.430831041065416,2.3115104166666667,15.4066362986781,14.041157407407407,30.016077170418008,29.0,38851.53,3647.18,False
customer_state,SC,2018-02-01,order,254,61,0.24015748031496062,3.4043561232363317,2.2579861111111112,18.06068182232429,15.975075231481483,27.64566929133858,27.0,32255.05,7902.18,False
customer_state,SC,2018-03-01,order,247,48,0.19433198380566802,2.9053161549707602,1.9690740740740742,13.972460873069426,12.915810185185185,24.77327935222672,23.0,36672.24,5763.62,False
customer_state,SC,2018-04-01,order,245,5,0.02040816326530612,2.2670837842712843,1.4096296296296296,9.248412976244687,8.05792824074074,26.408163265306122,27.0,44612.56,569.76,False
customer_state,SC,2018-05-01,order,226,12,0.05309734513274336,2.14886238219246,1.0742592592592592,10.872243569958847,9.146319444444444,25.48230088495575,24.0,35731.5,2036.45,False
customer_state,SC,2018-06-01,order,205,0,0.0,2.63401129349046,1.632505787037037,7.116081110650452,7.099768518518519,31.08780487804878,30.0,32740.72,,False
customer_state,SC,2018-07-01,order,195,4,0.020512820512820513,2.4987097817090835,1.3216666666666668,6.670162752959144,6.302019675925926,22.333333333333332,22.0,31203.58,471.39,False
customer_state,SC,2018-08-01,order,201,6,0.029850746268656716,2.1036948599240266,1.056736111111111,6.644647750654695,6.389293981481481,19.27860696517413,18.0,32355.83,539.68,False
customer_state,SE,2017-02-01,order,12,0,0.0,3.4712210648148147,1.7552835648148148,15.021400462962964,13.641232638888889,40.666666666666664,40.0,1861.82,,True
customer_state,SE,2017-03-01,order,22,3,0.13636363636363635,3.191021675084175,2.492997685185185,33.06972537878788,16.570839120370373,34.63636363636363,33.5,2498.6,510.8,True
customer_state,SE,2017-04-01,order,13,4,0.3076923076923077,5.82176014957265,3.8411921296296296,22.955869836182337,17.030636574074073,36.38461538461539,36.0,2595.17,1764.7,True
customer_state,SE,2017-05-01,order,11,0,0.0,1.3940140993265993,1.04875,17.985123106060605,16.342777777777776,32.27272727272727,31.0,681.09,,True
customer_state,SE,2017-06-01,order,8,0,0.0,3.3826200810185183,0.5238888888888888,15.937570891203704,14.730144675925926,34.75,33.0,1456.51,,True
customer_state,SE,2017-07-01,order,13,0,0.0,3.568775819088319,3.6503703703703705,14.903221153846154,14.259155092592593,34.15384615384615,32.0,1372.09,,True
customer_state,SE,2017-08-01,order,19,2,0.10526315789473684,1.9383674463937621,1.5084490740740741,15.409926291423002,14.961851851851852,31.789473684210527,33.0,4821.69,144.8,True
customer_state,SE,2017-09-01,order,16,2,0.125,2.508193721064815,2.439346064814815,17.664109519675925,14.44167824074074,29.5,30.0,2815.29,321.8,True
customer_state,SE,2017-10-01,order,22,6,0.2727272727272727,3.980988005050505,3.1783159722222223,19.254210858585857,15.583541666666667,30.454545454545453,29.5,4294.21,385.7,True
customer_state,SE,2017-11-01,order,26,7,0.2692307692307692,4.481614138176639,3.728396990740741,21.639245904558404,19.95171875,28.615384615384617,27.0,5579.25,1877.72,True
customer_state,SE,2017-12-01,order,20,3,0.15,3.154550347222222,2.661377314814815,21.10242013888889,19.76527199074074,33.85,33.0,3147.78,484.89,True
customer_state,SE,2018-01-01,order,19,1,0.05263157894736842,2.8842221003898634,1.660949074074074,16.48112329434698,14.388159722222222,30.526315789473685,30.0,3060.2,189.9,True
customer_state,SE,2018-02-01,order,15,2,0.13333333333333333,3.1404768518518518,2.2921643518518517,14.532020061728396,11.838958333333334,28.0,27.0,4486.91,464.52,True
customer_state,SE,2018-03-01,order,17,11,0.6470588235294118,2.805324074074074,3.1601157407407405,22.639899918300653,22.628622685185185,24.764705882352942,24.0,2557.92,1567.14,True
customer_state,SE,2018-04-01,order,13,6,0.46153846153846156,2.4204024216524216,1.3759375,26.224594907407408,28.924282407407407,29.846153846153847,27.0,3210.42,2131.43,True
customer_state,SE,2018-05-01,order,8,2,0.25,2.1279701967592595,0.856394675925926,17.561223958333333,13.621394675925925,29.5,24.0,1083.18,234.99,True
customer_state,SE,2018-06-01,order,25,0,0.0,1.5140031828703704,0.757800925925926,12.99904224537037,11.734797453703704,35.52,34.0,3849.09,,True
customer_state,SE,2018-07-01,order,26,2,0.07692307692307693,3.095921759259259,1.6440162037037036,10.974395032051282,10.153171296296296,24.03846153846154,22.0,4442.34,197.98,True
customer_state,SE,2018-08-01,order,23,0,0.0,2.4797192028985506,1.7699305555555556,9.85628673510467,10.081215277777778,28.608695652173914,29.0,4558.04,,True
customer_state,SP,2017-02-01,order,601,18,0.029950083194675542,3.326611864591101,1.9708217592592594,6.139670987654321,5.247563657407407,29.044925124792012,27.0,78687.08,2405.05,False
customer_state,SP,2017-03-01,order,966,22,0.022774327122153208,2.8702998356146,1.8034722222222221,6.452050120772947,5.2530324074074075,22.290890269151138,21.0,138087.91,2466.11,False
customer_state,SP,2017-04-01,order,873,61,0.06987399770904926,3.17466722522987,1.9488194444444442,8.412019960968987,7.0296412037037035,24.765177548682704,23.0,132634.5,10080.98,False
customer_state,SP,2017-05-01,order,1363,58,0.0425531914893617,2.647141101051162,1.6076041666666667,5.91507522298363,5.083767361111111,20.371973587674248,21.0,176912.68,7894.18,False
customer_state,SP,2017-06-01,order,1284,42,0.03271028037383177,2.8056971438579765,1.820451388888889,6.105668941788632,5.168090277777778,20.235202492211837,21.0,173887.55,13713.48,False
customer_state,SP,2017-07-01,order,1543,28,0.01814646791963707,2.6431219402741513,1.8869097222222222,5.004954434618538,4.653958333333334,19.46208684381076,20.0,184714.55,4573.29,False
customer_state,SP,2017-08-01,order,1665,34,0.02042042042042042,2.6422017503614725,1.8546412037037037,4.5164804868344905,3.909212962962963,19.503903903903904,20.0,198753.97,3640.74,False
customer_state,SP,2017-09-01,order,1576,49,0.031091370558375634,2.6681219627270583,1.952494212962963,5.328083678718401,4.878495370370371,19.043147208121827,18.0,218376.33,6831.27,False
customer_state,SP,2017-10-01,order,1723,56,0.03250145095763204,2.8739546790696675,1.8329166666666667,5.03717782694912,4.247962962962963,19.20545560069646,19.0,227905.5,6507.41,False
customer_state,SP,2017-11-01,order,2898,202,0.06970324361628709,3.635018353231638,2.7130092592592594,6.6420876945786365,5.636388888888889,19.36322869955157,20.0,360251.89,28671.16,False
customer_state,SP,2017-12-01,order,2295,72,0.03137254901960784,3.1851647223433637,2.1232175925925927,6.6201370884773665,5.782824074074074,24.143790849673202,24.0,280740.14,15175.29,False
customer_state,SP,2018-01-01,order,2975,102,0.03428571428571429,3.137389270271788,2.0840856481481485,6.447750140056022,4.991608796296297,22.291428571428572,22.0,375404.5,18113.68,False
customer_state,SP,2018-02-01,order,2632,193,0.07332826747720365,3.203096946313221,2.1533912037037037,7.860977692643251,6.152795138888889,21.2298632218845,20.0,312318.98,24217.7,False
customer_state,SP,2018-03-01,order,2971,280,0.09424436216762033,2.9858068571517644,2.035324074074074,7.085415042166872,5.41068287037037,17.95557051497812,17.0,385708.78,42207.35,False
customer_state,SP,2018-04-01,order,3002,51,0.01698867421718854,2.438888418398073,1.4913773148148148,4.448881116236277,3.779386574074074,19.591272485009995,19.0,398822.42,7971.39,False
customer_state,SP,2018-05-01,order,3138,136,0.043339706819630335,2.3609514423419573,1.330625,5.33236161047193,4.128113425925926,18.647546207775655,18.0,436596.3,21967.95,False
customer_state,SP,2018-06-01,order,2735,20,0.007312614259597806,2.1660103690314343,1.1901041666666667,4.053007751444104,3.304664351851852,22.80752373995617,22.0,343828.57,3133.63,False
customer_state,SP,2018-07-01,order,2712,100,0.03687315634218289,2.524714188453159,1.194189814814815,3.9383065572983136,3.2644675925925926,15.68876611418048,15.0,326319.19,14571.01,False
customer_state,SP,2018-08-01,order,3164,285,0.09007585335018964,2.278569574523438,1.2008275462962963,3.6195817812967084,3.243402777777778,11.377686472819216,10.0,396613.49,34296.41,False
customer_state,TO,2017-02-01,order,7,0,0.0,3.0473478835978836,2.0858101851851854,13.027913359788359,12.93275462962963,32.42857142857143,32.0,765.6,,True
customer_state,TO,2017-03-01,order,7,0,0.0,1.6515856481481481,1.2326851851851852,15.165358796296296,14.145717592592593,31.428571428571427,31.0,727.66,,True
customer_state,TO,2017-04-01,order,13,2,0.15384615384615385,5.076257122507123,2.866701388888889,16.959217414529913,15.095081018518519,32.53846153846154,34.0,3192.84,715.0,True
customer_state,TO,2017-05-01,order,17,0,0.0,1.8503179466230937,1.815150462962963,10.367418300653595,10.217800925925927,28.58823529411765,29.0,2124.33,,True
customer_state,TO,2017-06-01,order,8,0,0.0,2.23875,1.4662557870370372,12.380969328703703,11.20404513888889,30.25,29.0,3965.18,,True
customer_state,TO,2017-07-01,order,1,0,0.0,4.267314814814815,4.267314814814815,13.818344907407408,13.818344907407408,28.0,28.0,97.5,,True
customer_state,TO,2017-08-01,order,15,0,0.0,2.251189814814815,1.7215162037037037,11.564336419753086,10.645532407407407,30.0,29.0,2132.57,,True
customer_state,TO,2017-09-01,order,16,0,0.0,3.9279890046296297,2.3157175925925926,14.994381510416666,13.825329861111111,30.1875,30.0,3693.13,,True
customer_state,TO,2017-10-01,order,13,0,0.0,2.285542200854701,1.3856365740740741,11.149493411680911,10.67619212962963,29.692307692307693,29.0,2808.85,,True
customer_state,TO,2017-11-01,order,17,3,0.17647058823529413,2.853862336601307,2.153564814814815,16.112619144880174,14.028032407407407,28.058823529411764,28.0,2336.06,384.99,True
customer_state,TO,2017-12-01,order,14,0,0.0,3.3018328373015873,3.2899189814814815,14.803320105820106,13.53412037037037,37.07142857142857,34.5,1457.01,,True
customer_state,TO,2018-01-01,order,16,0,0.0,3.8645580150462964,2.4755439814814815,14.210343605324073,14.238148148148149,34.625,32.0,2647.04,,True
customer_state,TO,2018-02-01,order,20,9,0.45,3.583246527777778,3.041886574074074,23.23675520833333,23.629114583333333,29.3,29.0,2849.4,1371.68,True
customer_state,TO,2018-03-01,order,20,5,0.25,2.511492476851852,1.5158159722222222,17.85914351851852,16.954907407407408,26.7,27.0,4573.81,1403.44,True
customer_state,TO,2018-04-01,order,19,1,0.05263157894736842,1.7291879873294347,1.0338657407407408,14.539198343079923,14.619305555555556,27.473684210526315,27.0,4291.82,559.8,True
customer_state,TO,2018-05-01,order,16,4,0.25,3.2193479938271605,2.876145833333333,15.782602719907407,14.653767361111111,26.75,24.5,2739.99,1079.99,True
customer_state,TO,2018-06-01,order,18,0,0.0,2.6520814043209877,1.638767361111111,11.126742541152263,10.075734953703705,35.72222222222222,35.5,4049.42,,True
customer_state,TO,2018-07-01,order,22,1,0.045454545454545456,3.7488483796296297,1.8418229166666666,10.357130681818182,9.303252314814815,25.136363636363637,25.0,2613.67,27.99,True
customer_state,TO,2018-08-01,order,13,2,0.15384615384615385,1.8926880787037037,1.0168229166666667,10.187696759259259,10.090590277777778,21.923076923076923,22.0,1925.97,49.79,True
product_category,agro_industry_and_commerce,2017-02-01,seller_order_category,7,0,0.0,1.6845684523809523,1.564849537037037,10.8492542989418,7.01113425925926,30.857142857142858,29.0,224.84,0.0,True
product_category,agro_industry_and_commerce,2017-03-01,seller_order_category,2,0,0.0,1.768877314814815,1.7688773148148147,7.527546296296296,7.527546296296297,22.0,22.0,81.99,0.0,True
product_category,agro_industry_and_commerce,2017-05-01,seller_order_category,4,0,0.0,2.4709403935185184,2.703773148148148,9.336429398148148,10.078842592592594,27.0,29.5,1579.94,0.0,True
product_category,agro_industry_and_commerce,2017-06-01,seller_order_category,1,0,0.0,7.961481481481481,7.961481481481481,2.0122916666666666,2.0122916666666666,28.0,28.0,1390.0,0.0,True
product_category,agro_industry_and_commerce,2017-07-01,seller_order_category,1,0,0.0,2.844212962962963,2.844212962962963,0.8650578703703704,0.8650578703703704,13.0,13.0,1180.0,0.0,True
product_category,agro_industry_and_commerce,2017-08-01,seller_order_category,1,0,0.0,0.8944560185185185,0.8944560185185185,17.74400462962963,17.74400462962963,37.0,37.0,88.0,0.0,True
product_category,agro_industry_and_commerce,2017-09-01,seller_order_category,3,0,0.0,1.1770833333333333,1.2170601851851852,9.05036651234568,7.951990740740741,23.666666666666668,20.0,1993.99,0.0,True
product_category,agro_industry_and_commerce,2017-10-01,seller_order_category,5,0,0.0,1.735085648148148,1.804537037037037,7.863210648148148,8.606851851851852,24.2,25.0,3350.28,0.0,True
product_category,agro_industry_and_commerce,2017-11-01,seller_order_category,13,2,0.15384615384615385,3.8962544515669517,1.1947453703703703,12.64213051994302,10.111689814814815,22.53846153846154,23.0,13932.49,3388.0,True
product_category,agro_industry_and_commerce,2017-12-01,seller_order_category,9,0,0.0,3.353056841563786,2.4385648148148147,8.82195987654321,8.210567129629629,27.22222222222222,29.0,5291.7,0.0,True
product_category,agro_industry_and_commerce,2018-01-01,seller_order_category,15,0,0.0,3.2008703703703705,3.645185185185185,10.569903549382715,11.254444444444445,27.066666666666666,27.0,5853.44,0.0,True
product_category,agro_industry_and_commerce,2018-02-01,seller_order_category,20,3,0.15,3.1129010416666665,2.561047453703704,12.687797453703704,10.638645833333333,23.45,23.0,7404.8,1430.5,True
product_category,agro_industry_and_commerce,2018-03-01,seller_order_category,24,0,0.0,1.2747771990740742,1.0215567129629628,6.948253761574074,7.0340625,19.875,17.5,6019.0,0.0,True
product_category,agro_industry_and_commerce,2018-04-01,seller_order_category,12,1,0.08333333333333333,2.290780723905724,1.9459259259259258,9.031178626543209,5.831672453703703,24.416666666666668,27.0,4500.7,1476.3,True
product_category,agro_industry_and_commerce,2018-05-01,seller_order_category,8,1,0.125,1.7432566550925925,1.0190451388888888,7.213431712962963,4.080868055555555,22.5,19.5,3279.75,429.0,True
product_category,agro_industry_and_commerce,2018-06-01,seller_order_category,10,0,0.0,1.5482951388888888,0.8254571759259259,8.901591435185185,8.493194444444445,28.6,27.5,3515.8,0.0,True
product_category,agro_industry_and_commerce,2018-07-01,seller_order_category,26,0,0.0,3.0443333333333333,1.5476736111111111,4.477593037749288,4.218587962962963,18.53846153846154,18.0,7756.69,0.0,True
product_category,agro_industry_and_commerce,2018-08-01,seller_order_category,14,0,0.0,2.1230762235449734,2.0911458333333335,3.713267195767196,3.303263888888889,12.428571428571429,12.5,5021.09,0.0,True
product_category,air_conditioning,2017-02-01,seller_order_category,11,0,0.0,4.862919823232323,1.758738425925926,8.433580597643097,3.9926851851851852,39.54545454545455,40.0,3095.3,0.0,True
product_category,air_conditioning,2017-03-01,seller_order_category,16,0,0.0,1.8284953703703704,1.777997685185185,5.295379050925926,4.408350694444445,23.9375,23.0,4103.81,0.0,True
product_category,air_conditioning,2017-04-01,seller_order_category,13,0,0.0,1.9774913194444443,2.0475636574074074,10.914453347578348,7.195972222222222,27.846153846153847,27.0,2582.23,0.0,True
product_category,air_conditioning,2017-05-01,seller_order_category,6,0,0.0,1.2577334104938271,1.0143113425925925,8.834295910493827,8.72045138888889,28.166666666666668,28.5,1016.77,0.0,True
product_category,air_conditioning,2017-06-01,seller_order_category,9,0,0.0,5.0587821502057615,3.839826388888889,5.738046553497942,7.032824074074074,22.77777777777778,23.0,2084.48,0.0,True
product_category,air_conditioning,2017-07-01,seller_order_category,5,0,0.0,1.1257777777777778,0.8459606481481482,5.301291666666667,6.057430555555555,20.2,22.0,1396.1,0.0,True
product_category,air_conditioning,2017-08-01,seller_order_category,12,1,0.08333333333333333,4.823978587962963,1.7409837962962964,6.93024112654321,5.570520833333333,22.166666666666668,21.0,4271.73,109.0,True
product_category,air_conditioning,2017-09-01,seller_order_category,7,0,0.0,2.756498015873016,1.2553125,8.155715939153438,9.003240740740742,23.428571428571427,23.0,1731.05,0.0,True
product_category,air_conditioning,2017-10-01,seller_order_category,9,0,0.0,6.017628600823045,1.9983333333333333,7.528657407407407,6.2026967592592595,22.555555555555557,20.0,2562.42,0.0,True
product_category,air_conditioning,2017-11-01,seller_order_category,16,3,0.1875,3.640475260416667,2.0158680555555555,9.643718894675926,6.609010416666667,20.125,20.5,4076.62,454.1,True
product_category,air_conditioning,2017-12-01,seller_order_category,3,0,0.0,3.325270061728395,3.334907407407407,5.954209104938272,8.231851851851852,31.0,32.0,668.8,0.0,True
product_category,air_conditioning,2018-01-01,seller_order_category,22,2,0.09090909090909091,4.801758733164983,2.81359375,9.254037773569024,6.758043981481482,26.545454545454547,26.0,4674.74,1803.9,True
product_category,air_conditioning,2018-02-01,seller_order_category,11,1,0.09090909090909091,2.2193486952861954,1.728275462962963,13.109276094276094,11.155162037037037,25.0,23.0,2626.89,199.0,True
product_category,air_conditioning,2018-03-01,seller_order_category,23,3,0.13043478260869565,2.7047624798711754,2.4681712962962963,12.033053542673107,7.945,24.043478260869566,21.0,2667.58,355.9,True
product_category,air_conditioning,2018-04-01,seller_order_category,22,0,0.0,2.002375,1.480324074074074,7.434630155723906,6.545711805555555,24.772727272727273,26.0,3261.79,0.0,True
product_category,air_conditioning,2018-05-01,seller_order_category,13,0,0.0,0.8213185541310541,0.6643287037037037,8.479415064102565,7.198356481481482,29.53846153846154,31.0,2051.2,0.0,True
product_category,air_conditioning,2018-06-01,seller_order_category,9,0,0.0,3.3910069444444444,2.8610416666666665,5.620572273662551,5.093541666666667,33.55555555555556,32.0,3567.9,0.0,True
product_category,air_conditioning,2018-07-01,seller_order_category,15,0,0.0,2.586491402116402,1.9651215277777778,6.366978395061729,4.427453703703704,23.4,24.0,2657.86,0.0,True
product_category,air_conditioning,2018-08-01,seller_order_category,17,0,0.0,2.741849809368192,2.037048611111111,4.564234068627451,4.570358796296296,17.58823529411765,14.0,3556.9,0.0,True
product_category,art,2017-03-01,seller_order_category,4,0,0.0,4.752505787037037,2.4218402777777777,10.701079282407408,10.942899305555555,34.5,27.5,223.25,0.0,True
product_category,art,2017-04-01,seller_order_category,1,0,0.0,1.046412037037037,1.046412037037037,19.22920138888889,19.22920138888889,38.0,38.0,119.9,0.0,True
product_category,art,2017-05-01,seller_order_category,6,0,0.0,0.9773283179012345,0.7726678240740741,10.652177854938271,11.057280092592592,34.166666666666664,35.5,6967.65,0.0,True
product_category,art,2017-06-01,seller_order_category,4,0,0.0,1.4909809027777778,1.0563773148148148,9.092763310185186,7.050376157407408,24.25,23.0,421.7,0.0,True
product_category,art,2017-07-01,seller_order_category,3,0,0.0,0.9789197530864198,0.7393287037037037,5.11233024691358,6.083576388888889,17.333333333333332,19.0,386.75,0.0,True
product_category,art,2017-08-01,seller_order_category,4,0,0.0,1.7158796296296297,0.9942245370370371,7.790434027777778,7.890121527777778,23.75,22.0,244.7,0.0,True
product_category,art,2017-09-01,seller_order_category,3,0,0.0,1.1938657407407407,1.1320949074074074,8.682449845679013,6.894849537037037,22.0,22.0,388.54,0.0,True
product_category,art,2017-10-01,seller_order_category,3,0,0.0,3.020389660493827,3.6004282407407406,9.503163580246914,11.0865625,58.666666666666664,31.0,349.05,0.0,True
product_category,art,2017-11-01,seller_order_category,1,0,0.0,0.41195601851851854,0.41195601851851854,16.919502314814814,16.919502314814814,23.0,23.0,75.0,0.0,True
product_category,art,2017-12-01,seller_order_category,3,0,0.0,2.3811381172839505,2.214328703703704,4.1695871913580245,3.9597337962962964,30.666666666666668,32.0,115.25,0.0,True
product_category,art,2018-01-01,seller_order_category,19,1,0.05263157894736842,3.5769334795321637,3.416238425925926,8.943724415204679,7.057488425925926,21.526315789473685,19.0,2540.77,139.99,True
product_category,art,2018-02-01,seller_order_category,11,0,0.0,4.010839646464646,2.9071875,9.270156776094277,8.17519675925926,23.727272727272727,25.0,1251.71,0.0,True
product_category,art,2018-03-01,seller_order_category,7,1,0.14285714285714285,2.5347602513227514,2.4737847222222222,9.457425595238096,7.035486111111111,21.857142857142858,22.0,461.5,57.0,True
product_category,art,2018-04-01,seller_order_category,26,0,0.0,3.1645305555555554,2.546111111111111,5.991024750712251,4.4758101851851855,23.96153846153846,23.5,2140.28,0.0,True
product_category,art,2018-05-01,seller_order_category,33,5,0.15151515151515152,4.2634522306397304,3.252685185185185,8.45403689674523,6.365196759259259,21.393939393939394,19.0,2691.86,479.77,True
product_category,art,2018-06-01,seller_order_category,28,0,0.0,2.8953509424603174,2.0030381944444446,4.710675843253968,3.100868055555556,28.678571428571427,27.0,2500.14,0.0,True
product_category,art,2018-07-01,seller_order_category,21,1,0.047619047619047616,4.212598684210526,4.184548611111111,7.161190476190476,7.128865740740741,22.761904761904763,24.0,1843.2,69.99,True
product_category,art,2018-08-01,seller_order_category,18,4,0.2222222222222222,5.587725694444444,5.757644675925926,3.858610468106996,4.15697337962963,15.666666666666666,14.0,1481.39,279.96,True
product_category,arts_and_craftmanship,2017-05-01,seller_order_category,1,0,0.0,0.1587037037037037,0.1587037037037037,6.881886574074074,6.881886574074074,23.0,23.0,21.99,0.0,True
product_category,arts_and_craftmanship,2017-07-01,seller_order_category,1,0,0.0,0.5032175925925926,0.5032175925925926,5.040358796296296,5.040358796296296,22.0,22.0,129.9,0.0,True
product_category,arts_and_craftmanship,2018-04-01,seller_order_category,1,0,0.0,,,6.828773148148148,6.828773148148148,26.0,26.0,15.99,0.0,True
product_category,arts_and_craftmanship,2018-05-01,seller_order_category,1,0,0.0,1.0001041666666666,1.0001041666666666,1.4408564814814815,1.4408564814814815,10.0,10.0,89.8,0.0,True
product_category,arts_and_craftmanship,2018-07-01,seller_order_category,10,1,0.1,1.2778460648148149,0.8570543981481481,4.0034930555555555,2.2089525462962962,11.4,11.0,654.57,129.49,True
product_category,arts_and_craftmanship,2018-08-01,seller_order_category,9,0,0.0,2.1470627572016463,2.0067939814814815,2.540115740740741,2.1017592592592593,10.0,7.0,901.76,0.0,True
product_category,audio,2017-02-01,seller_order_category,5,0,0.0,3.3208194444444445,0.6400462962962963,11.08469212962963,11.162766203703704,30.4,30.0,163.8,0.0,True
product_category,audio,2017-03-01,seller_order_category,13,1,0.07692307692307693,2.084845975783476,1.3448032407407406,11.201836716524216,8.00380787037037,28.307692307692307,27.0,1134.77,79.0,True
product_category,audio,2017-04-01,seller_order_category,9,1,0.1111111111111111,3.9207201646090537,2.0898842592592595,15.622987397119342,9.839780092592592,25.333333333333332,23.0,942.2,79.0,True
product_category,audio,2017-05-01,seller_order_category,17,1,0.058823529411764705,2.7081072984749457,2.7589814814814817,5.880681508714597,5.108287037037037,21.764705882352942,22.0,2081.18,89.9,True
product_category,audio,2017-06-01,seller_order_category,11,1,0.09090909090909091,0.7555597643097643,0.7499768518518518,7.715631313131313,7.01207175925926,21.818181818181817,26.0,1671.0,75.0,True
product_category,audio,2017-07-01,seller_order_category,6,1,0.16666666666666666,2.5721971450617285,2.3547511574074074,9.854660493827161,4.600335648148148,20.333333333333332,20.0,771.69,229.99,True
product_category,audio,2017-08-01,seller_order_category,7,0,0.0,1.8520502645502646,1.180787037037037,7.595381944444444,8.183912037037038,21.285714285714285,22.0,1050.7,0.0,True
product_category,audio,2017-09-01,seller_order_category,10,3,0.3,2.108278935185185,1.73265625,12.243844907407407,8.503547453703703,21.5,22.0,1042.59,287.9,True
product_category,audio,2017-10-01,seller_order_category,31,3,0.0967741935483871,2.9139090501792113,2.9639699074074075,8.50413717144564,6.846122685185185,18.096774193548388,19.0,2348.48,133.8,True
product_category,audio,2017-11-01,seller_order_category,33,5,0.15151515151515152,2.9409813411896746,2.399675925925926,13.105829826038159,12.149594907407407,23.424242424242426,24.0,3677.23,504.69,True
product_category,audio,2017-12-01,seller_order_category,17,2,0.11764705882352941,1.9870663126361656,1.6336111111111111,11.694399509803922,9.748518518518518,26.41176470588235,27.0,2686.93,69.8,True
product_category,audio,2018-01-01,seller_order_category,25,0,0.0,2.5155875,1.7916666666666667,9.116701851851852,7.917361111111111,25.4,25.0,3820.28,0.0,True
product_category,audio,2018-02-01,seller_order_category,15,5,0.3333333333333333,3.1538263888888887,2.8250578703703706,17.493618055555554,16.10957175925926,23.666666666666668,24.0,2828.49,1146.89,True
product_category,audio,2018-03-01,seller_order_category,33,14,0.42424242424242425,2.8669472502805835,3.0753703703703703,20.46497544893378,19.093645833333333,24.96969696969697,23.0,10606.69,3583.59,True
product_category,audio,2018-04-01,seller_order_category,30,0,0.0,2.995193758573388,2.174189814814815,8.27248726851852,6.489490740740741,25.866666666666667,23.5,7045.07,0.0,True
product_category,audio,2018-05-01,seller_order_category,20,4,0.2,3.7759039351851853,2.7794502314814817,9.859875,6.031793981481481,22.4,20.0,2697.68,302.2,True
product_category,audio,2018-06-01,seller_order_category,19,0,0.0,2.1541398635477584,2.3809027777777776,7.075530579922027,7.221238425925926,29.894736842105264,29.0,1830.69,0.0,True
product_category,audio,2018-07-01,seller_order_category,21,0,0.0,1.7088987268518518,1.1170601851851854,5.810316358024691,5.937326388888889,19.571428571428573,17.0,2062.64,0.0,True
product_category,audio,2018-08-01,seller_order_category,24,0,0.0,1.4373037229938272,0.6549537037037036,5.1601205632716045,5.138032407407407,17.291666666666668,15.5,2069.4,0.0,True
product_category,auto,2017-02-01,seller_order_category,75,4,0.05333333333333334,2.8077024691358026,1.4513888888888888,12.77247762345679,8.785034722222223,31.986666666666668,30.0,13162.4,1085.6,False
product_category,auto,2017-03-01,seller_order_category,67,7,0.1044776119402985,2.176792254007739,1.7893402777777778,12.719785102266446,7.074814814814815,23.402985074626866,21.0,14482.07,859.88,False
product_category,auto,2017-04-01,seller_order_category,77,6,0.07792207792207792,3.45462037037037,2.133796296296296,11.676135762385762,9.219467592592592,27.31168831168831,25.0,15548.17,842.78,False
product_category,auto,2017-05-01,seller_order_category,99,4,0.04040404040404041,2.807624451126384,1.7694212962962963,9.053882575757576,7.154340277777778,24.0,24.0,18640.03,1630.7,False
product_category,auto,2017-06-01,seller_order_category,101,9,0.0891089108910891,3.385227470663733,1.8927662037037036,8.727469976164283,7.964479166666667,22.534653465346533,23.0,31370.69,14173.43,False
product_category,auto,2017-07-01,seller_order_category,103,5,0.04854368932038835,2.5615183387270766,1.6475694444444444,9.176769585148874,7.2111226851851855,23.611650485436893,22.0,14119.74,4481.98,False
product_category,auto,2017-08-01,seller_order_category,129,2,0.015503875968992248,2.6788154966982485,1.868414351851852,7.453107594028137,6.3596875,23.674418604651162,23.0,20421.11,164.8,False
product_category,auto,2017-09-01,seller_order_category,96,8,0.08333333333333333,3.259347149884259,1.8208449074074073,9.230811390817902,6.961556712962963,23.625,23.0,14544.67,2120.48,False
product_category,auto,2017-10-01,seller_order_category,131,2,0.015267175572519083,2.186150427622279,1.6803472222222222,9.14956822519084,7.138067129629629,24.52671755725191,23.0,21505.28,215.89,False
product_category,auto,2017-11-01,seller_order_category,242,28,0.11570247933884298,2.7562992017222983,1.9824652777777778,11.044875076522803,7.875109953703704,22.736625514403293,22.0,34955.38,4542.01,False
product_category,auto,2017-12-01,seller_order_category,238,21,0.08823529411764706,4.007192265795207,1.7962326388888887,11.80132245953937,9.014861111111111,28.130252100840337,28.0,39287.64,8243.33,False
product_category,auto,2018-01-01,seller_order_category,246,14,0.056910569105691054,2.7287751242095752,2.011759259259259,9.900322380307136,7.754832175925927,26.341463414634145,26.0,35995.02,1834.21,False
product_category,auto,2018-02-01,seller_order_category,300,33,0.11,2.563986358850489,1.776886574074074,13.002297800925925,10.119074074074074,24.656666666666666,24.0,41706.89,4649.68,False
product_category,auto,2018-03-01,seller_order_category,319,60,0.18808777429467086,2.6319234072909388,2.064247685185185,13.036328007082318,9.725150462962963,21.529780564263323,21.0,44753.24,9262.13,False
product_category,auto,2018-04-01,seller_order_category,332,17,0.05120481927710843,2.149133178044816,1.288148148148148,8.97381358768407,6.982581018518519,23.47289156626506,24.0,49629.19,4884.51,False
product_category,auto,2018-05-01,seller_order_category,298,25,0.08389261744966443,1.9835910730032753,1.0835706018518518,8.481532665477978,6.270393518518518,22.614093959731544,21.0,40928.14,3513.61,False
product_category,auto,2018-06-01,seller_order_category,269,6,0.022304832713754646,2.0954921863913722,1.119537037037037,7.126544744318182,6.0755787037037035,27.866171003717472,27.0,45407.49,1184.08,False
product_category,auto,2018-07-01,seller_order_category,327,8,0.024464831804281346,2.0320103128460687,1.0313657407407408,6.205056896850121,5.462800925925926,19.00611620795107,19.0,43830.29,707.87,False
product_category,auto,2018-08-01,seller_order_category,349,20,0.05730659025787966,1.6021942431561997,0.9469791666666667,5.3448238392377885,5.078831018518518,16.048710601719197,15.0,45380.89,2152.26,False
product_category,baby,2017-02-01,seller_order_category,31,1,0.03225806451612903,2.372050477897252,1.0494675925925927,7.83454898446834,6.917916666666667,32.225806451612904,29.0,3048.48,23.9,True
product_category,baby,2017-03-01,seller_order_category,41,2,0.04878048780487805,2.8543665311653115,1.6656828703703703,6.886145268744354,5.849247685185185,24.195121951219512,23.0,3724.08,108.9,True
product_category,baby,2017-04-01,seller_order_category,47,5,0.10638297872340426,2.592928486997636,1.8743865740740742,11.38670286643026,8.160046296296297,26.0,26.0,3980.45,219.68,True
product_category,baby,2017-05-01,seller_order_category,96,2,0.020833333333333332,2.984228756751543,1.8470138888888887,8.214987099729939,7.104155092592593,24.552083333333332,24.0,9849.51,109.99,False
product_category,baby,2017-06-01,seller_order_category,72,7,0.09722222222222222,3.8763294110082303,2.0264409722222223,8.222329925411522,6.498524305555556,22.805555555555557,23.0,7864.74,664.4,False
product_category,baby,2017-07-01,seller_order_category,121,0,0.0,2.6834006734006732,1.662638888888889,6.924302877257423,6.2326041666666665,23.99173553719008,24.0,15941.11,0.0,False
product_category,baby,2017-08-01,seller_order_category,120,1,0.008333333333333333,2.6784450231481483,1.8752199074074074,7.887114872685185,7.171950231481482,24.233333333333334,24.0,19982.13,50.0,False
product_category,baby,2017-09-01,seller_order_category,162,8,0.04938271604938271,2.576673424200598,2.0214814814814814,8.415490612139918,7.023576388888889,21.320987654320987,22.0,24366.3,718.58,False
product_category,baby,2017-10-01,seller_order_category,135,10,0.07407407407407407,3.171290294924554,1.8541782407407408,8.6334484739369,6.890798611111111,23.266666666666666,23.0,16497.5,1218.61,False
product_category,baby,2017-11-01,seller_order_category,185,32,0.17297297297297298,4.2261569069069065,2.4999652777777777,11.011924737237237,9.048194444444444,22.967567567567567,23.0,21738.78,5292.48,False
product_category,baby,2017-12-01,seller_order_category,135,19,0.14074074074074075,3.834082475994513,2.697789351851852,13.883489026063101,11.915601851851852,29.185185185185187,29.0,19943.08,2167.86,False
product_category,baby,2018-01-01,seller_order_category,214,24,0.11214953271028037,3.925358959311424,2.0093055555555557,13.364179755105573,10.833049768518519,28.518691588785046,28.0,30058.47,4876.53,False
product_category,baby,2018-02-01,seller_order_category,166,29,0.1746987951807229,2.5711306818181816,1.9175462962962964,15.168409750111557,11.06495949074074,25.228915662650603,25.0,25985.82,6290.63,False
product_category,baby,2018-03-01,seller_order_category,208,36,0.17307692307692307,3.513887553418803,2.187372685185185,11.317572504896724,7.924675925925927,22.0625,21.0,41985.74,9935.85,False
product_category,baby,2018-04-01,seller_order_category,216,11,0.05092592592592592,2.5777460478771452,1.384236111111111,8.98243494941701,6.963987268518519,24.00462962962963,24.0,49821.84,2777.17,False
product_category,baby,2018-05-01,seller_order_category,221,9,0.04072398190045249,2.217061247026843,1.1075983796296298,8.037714067278287,6.272986111111111,24.11764705882353,23.0,34003.6,478.76,False
product_category,baby,2018-06-01,seller_order_category,208,1,0.004807692307692308,2.5143793262315715,1.0878645833333334,6.801769831730769,6.121278935185185,29.403846153846153,30.0,30755.12,389.99,False
product_category,baby,2018-07-01,seller_order_category,207,11,0.05314009661835749,2.5689935507031096,1.1375578703703704,6.852099402193455,5.947482638888889,20.0,20.0,22185.96,868.95,False
product_category,baby,2018-08-01,seller_order_category,203,17,0.08374384236453201,2.294068087484036,1.117951388888889,5.1762572409231895,4.446886574074074,14.970443349753694,13.0,22004.15,1623.94,False
product_category,bed_bath_table,2017-02-01,seller_order_category,140,3,0.02142857142857143,4.042418148814282,2.8016087962962963,9.34740873015873,7.090844907407407,33.02142857142857,31.0,16282.73,359.7,False
product_category,bed_bath_table,2017-03-01,seller_order_category,239,10,0.04184100418410042,3.7936538722299704,2.596157407407407,9.142838553773439,6.770868055555556,27.309623430962343,25.0,25773.02,1345.19,False
product_category,bed_bath_table,2017-04-01,seller_order_category,232,9,0.03879310344827586,4.074440353607918,2.820665509259259,11.052353328544061,9.26407986111111,29.530172413793103,27.0,24347.69,832.39,False
product_category,bed_bath_table,2017-05-01,seller_order_category,323,14,0.043343653250773995,2.7532171625960324,1.9478819444444444,9.175973548044949,7.68568287037037,26.25077399380805,24.0,33346.45,1300.75,False
product_category,bed_bath_table,2017-06-01,seller_order_category,327,8,0.024464831804281346,2.7479142244308528,1.9096296296296296,9.775585251727263,8.571041666666666,25.529051987767584,24.0,35114.81,703.44,False
product_category,bed_bath_table,2017-07-01,seller_order_category,513,6,0.011695906432748537,2.9759039984809026,2.2479513888888887,8.561143976045518,7.197453703703704,24.61793372319688,23.0,63888.75,938.99,False
product_category,bed_bath_table,2017-08-01,seller_order_category,447,14,0.03131991051454139,3.1581352535421328,2.4563194444444445,8.450903088491176,7.071342592592592,24.892617449664428,24.0,57137.23,1182.16,False
product_category,bed_bath_table,2017-09-01,seller_order_category,463,16,0.03455723542116631,2.7850516555958134,2.2796064814814816,8.771107011439085,7.4203125,23.390928725701944,23.0,52473.2,1478.76,False
product_category,bed_bath_table,2017-10-01,seller_order_category,454,19,0.04185022026431718,2.7080946881628325,1.8694212962962964,8.886383994126286,7.284872685185185,23.762114537444933,23.0,46198.0,2081.95,False
product_category,bed_bath_table,2017-11-01,seller_order_category,823,151,0.18347509113001215,4.895307620044102,3.341851851851852,12.423943791908554,9.916550925925925,23.070473876063183,23.0,89412.54,17870.38,False
product_category,bed_bath_table,2017-12-01,seller_order_category,487,45,0.09240246406570841,3.3540005418663017,2.212523148148148,12.38126682637463,10.34587962962963,27.62422997946612,27.0,50505.85,5833.65,False
product_category,bed_bath_table,2018-01-01,seller_order_category,713,32,0.04488078541374474,2.6811226036776215,1.896284722222222,10.028997909199521,7.829849537037037,25.572230014025244,25.0,76377.79,2667.67,False
product_category,bed_bath_table,2018-02-01,seller_order_category,599,114,0.19031719532554256,2.8516953695961846,2.0620428240740742,14.67559802603104,12.00306712962963,24.429048414023374,24.0,60690.88,12189.26,False
product_category,bed_bath_table,2018-03-01,seller_order_category,666,141,0.21171171171171171,2.36895977574797,1.7295775462962963,14.024877377377377,11.72625,22.205705705705707,21.0,69256.39,14164.75,False
product_category,bed_bath_table,2018-04-01,seller_order_category,623,33,0.052969502407704656,2.2093151535682023,1.5540972222222225,8.925674110604163,6.997303240740741,25.014446227929373,25.0,72357.25,3887.05,False
product_category,bed_bath_table,2018-05-01,seller_order_category,624,34,0.05448717948717949,1.9572541869259859,1.166388888888889,9.58593563321386,7.336909722222222,24.317307692307693,23.0,71702.77,5604.15,False
product_category,bed_bath_table,2018-06-01,seller_order_category,663,7,0.010558069381598794,1.907709400068271,1.1847337962962963,6.659210056311985,6.072442129629629,28.396681749622925,28.0,71565.48,554.49,False
product_category,bed_bath_table,2018-07-01,seller_order_category,531,8,0.015065913370998116,1.6722970973893214,0.9465625,5.976796935626102,5.294502314814815,19.772128060263654,19.0,55082.82,1456.08,False
product_category,bed_bath_table,2018-08-01,seller_order_category,566,28,0.04946996466431095,1.5996953135445915,0.9707291666666666,5.68437737258203,5.301238425925926,14.807420494699647,13.0,61035.88,4584.4,False
product_category,books_general_interest,2017-02-01,seller_order_category,8,1,0.125,4.092931134259259,2.2995023148148146,14.413091724537036,6.301134259259259,37.875,36.0,772.71,119.5,True
product_category,books_general_interest,2017-03-01,seller_order_category,19,1,0.05263157894736842,1.4061890838206628,0.7138425925925926,10.21364339668616,8.790636574074075,23.157894736842106,22.0,2648.96,115.0,True
product_category,books_general_interest,2017-04-01,seller_order_category,12,0,0.0,4.773116582491583,5.588090277777778,10.140041473765432,9.72413773148148,27.083333333333332,27.0,923.38,0.0,True
product_category,books_general_interest,2017-05-01,seller_order_category,19,0,0.0,1.8239254385964911,0.8352893518518518,7.256538133528265,7.7575,22.789473684210527,23.0,1841.57,0.0,True
product_category,books_general_interest,2017-06-01,seller_order_category,19,0,0.0,3.99635477582846,2.905960648148148,8.679737451267057,8.190601851851852,26.210526315789473,25.0,1940.08,0.0,True
product_category,books_general_interest,2017-07-01,seller_order_category,12,0,0.0,1.8560850694444444,1.4638020833333334,9.97843074845679,8.25425925925926,25.25,24.0,1292.4,0.0,True
product_category,books_general_interest,2017-08-01,seller_order_category,27,0,0.0,1.8931824417009602,1.2295717592592592,6.190367798353909,6.791967592592592,21.555555555555557,22.0,3214.8,0.0,True
product_category,books_general_interest,2017-09-01,seller_order_category,14,1,0.07142857142857142,2.1841211970899472,1.6346122685185185,8.981902281746033,7.423657407407408,20.0,20.0,965.14,29.9,True
product_category,books_general_interest,2017-10-01,seller_order_category,8,2,0.25,5.827734375,3.790763888888889,9.798757233796296,7.511707175925926,22.5,22.5,734.5,131.8,True
product_category,books_general_interest,2017-11-01,seller_order_category,37,8,0.21621621621621623,3.788834146646647,2.1131712962962963,10.457619807307307,6.987546296296296,21.7027027027027,21.0,2664.96,782.4,True
product_category,books_general_interest,2017-12-01,seller_order_category,37,2,0.05405405405405406,2.82665477977978,1.9224652777777778,9.297621371371372,7.230347222222222,28.243243243243242,28.0,2397.1,62.9,True
product_category,books_general_interest,2018-01-01,seller_order_category,40,1,0.025,2.0328993055555555,1.1873206018518518,8.795405671296296,6.320208333333333,26.0,23.0,2180.15,108.9,True
product_category,books_general_interest,2018-02-01,seller_order_category,28,3,0.10714285714285714,2.727230902777778,2.145746527777778,11.381055307539683,11.191527777777779,24.571428571428573,25.5,1912.65,370.0,True
product_category,books_general_interest,2018-03-01,seller_order_category,33,2,0.06060606060606061,2.103109918630752,1.7485300925925926,10.94475063131313,7.050543981481481,22.666666666666668,22.0,1711.93,135.0,True
product_category,books_general_interest,2018-04-01,seller_order_category,42,3,0.07142857142857142,2.8589950396825397,2.6830439814814815,7.919479166666667,5.760543981481481,23.833333333333332,21.5,6295.51,152.95,True
product_category,books_general_interest,2018-05-01,seller_order_category,48,1,0.020833333333333332,2.2951523919753085,1.7078761574074073,8.51964096257716,6.455844907407407,21.583333333333332,18.5,6019.03,524.9,True
product_category,books_general_interest,2018-06-01,seller_order_category,31,0,0.0,2.415837673611111,1.8576909722222221,5.774150612305855,6.16556712962963,28.09375,27.5,3345.39,0.0,True
product_category,books_general_interest,2018-07-01,seller_order_category,25,2,0.08,3.0276234567901232,1.678275462962963,4.918828240740741,4.919016203703704,17.84,17.0,4077.45,579.89,True
product_category,books_general_interest,2018-08-01,seller_order_category,34,5,0.14705882352941177,3.3169815495642703,2.2490798611111114,3.645407135076253,3.0309837962962964,13.617647058823529,11.0,1564.78,310.46,True
product_category,books_imported,2017-02-01,seller_order_category,0,0,,,,,,,,99.0,0.0,True
product_category,books_imported,2017-04-01,seller_order_category,1,1,1.0,13.607557870370371,13.607557870370371,12.911979166666667,12.911979166666667,22.0,22.0,19.99,19.99,True
product_category,books_imported,2017-06-01,seller_order_category,1,0,0.0,3.1881944444444446,3.1881944444444446,7.887488425925926,7.887488425925926,24.0,24.0,99.0,0.0,True
product_category,books_imported,2017-08-01,seller_order_category,1,0,0.0,0.8212152777777778,0.8212152777777778,1.1669328703703703,1.1669328703703703,11.0,11.0,61.0,0.0,True
product_category,books_imported,2017-09-01,seller_order_category,3,0,0.0,0.5968865740740741,0.5512152777777778,2.134398148148148,1.977835648148148,11.333333333333334,12.0,290.0,0.0,True
product_category,books_imported,2017-11-01,seller_order_category,2,0,0.0,4.082731481481481,4.082731481481481,11.038344907407408,11.038344907407406,22.0,22.0,324.0,0.0,True
product_category,books_imported,2017-12-01,seller_order_category,3,0,0.0,7.911199845679012,7.610381944444445,7.995918209876543,9.807094907407407,24.666666666666668,28.0,231.0,0.0,True
product_category,books_imported,2018-01-01,seller_order_category,6,0,0.0,2.0274845679012348,1.0313831018518518,5.138001543209876,4.910115740740741,18.666666666666668,18.5,583.0,0.0,True
product_category,books_imported,2018-02-01,seller_order_category,3,0,0.0,2.762457561728395,3.0584953703703706,2.7119791666666666,1.2367708333333334,17.666666666666668,18.0,325.0,0.0,True
product_category,books_imported,2018-03-01,seller_order_category,2,0,0.0,0.4544212962962963,0.4544212962962963,0.71765625,0.71765625,12.5,12.5,259.0,0.0,True
product_category,books_imported,2018-04-01,seller_order_category,4,0,0.0,1.4839988425925925,0.7803298611111111,1.8489236111111111,1.2260763888888888,13.5,14.0,317.99,0.0,True
product_category,books_imported,2018-05-01,seller_order_category,9,0,0.0,1.1178497942386831,0.758449074074074,4.34954603909465,3.2865277777777777,15.0,13.0,410.92,0.0,True
product_category,books_imported,2018-06-01,seller_order_category,9,0,0.0,2.6328369341563786,1.812337962962963,5.8997942386831275,4.588703703703704,26.22222222222222,29.0,468.17,0.0,True
product_category,books_imported,2018-07-01,seller_order_category,5,1,0.2,3.735642361111111,1.9340972222222224,6.669402777777778,6.444918981481481,21.8,22.0,402.78,19.99,True
product_category,books_imported,2018-08-01,seller_order_category,1,0,0.0,0.8928472222222222,0.8928472222222222,14.355127314814816,14.355127314814816,28.0,28.0,749.0,0.0,True
product_category,books_technical,2017-02-01,seller_order_category,1,0,0.0,4.9017939814814815,4.9017939814814815,2.9821412037037036,2.9821412037037036,33.0,33.0,159.0,0.0,True
product_category,books_technical,2017-03-01,seller_order_category,2,0,0.0,2.8298206018518517,2.8298206018518517,5.175561342592593,5.175561342592593,23.0,23.0,75.0,0.0,True
product_category,books_technical,2017-04-01,seller_order_category,1,1,1.0,13.218240740740741,13.218240740740741,12.267268518518518,12.267268518518518,21.0,21.0,75.0,75.0,True
product_category,books_technical,2017-05-01,seller_order_category,3,1,0.3333333333333333,11.196520061728394,0.7859375,12.438186728395062,8.100347222222222,28.0,27.0,262.0,24.9,True
product_category,books_technical,2017-06-01,seller_order_category,2,0,0.0,3.872146990740741,3.872146990740741,6.58146412037037,6.58146412037037,30.0,30.0,145.9,0.0,True
product_category,books_technical,2017-07-01,seller_order_category,2,0,0.0,1.9864988425925927,1.9864988425925925,5.27603587962963,5.27603587962963,24.0,24.0,528.0,0.0,True
product_category,books_technical,2017-08-01,seller_order_category,9,0,0.0,1.1799549897119341,0.5570833333333334,3.8407227366255143,4.055844907407407,20.666666666666668,19.0,1196.38,0.0,True
product_category,books_technical,2017-09-01,seller_order_category,8,1,0.125,2.4033304398148148,1.7681886574074075,10.151043113425926,9.559456018518517,20.25,22.5,1001.35,85.0,True
product_category,books_technical,2017-10-01,seller_order_category,6,0,0.0,2.5042033179012346,1.8243287037037037,8.096570216049383,8.384334490740741,24.666666666666668,25.0,880.0,0.0,True
product_category,books_technical,2017-11-01,seller_order_category,5,0,0.0,3.288546296296296,3.5706944444444444,4.926349537037037,2.938125,20.6,20.0,768.9,0.0,True
product_category,books_technical,2017-12-01,seller_order_category,4,0,0.0,2.1870428240740742,2.3683101851851855,19.917531828703705,22.571336805555553,34.75,35.0,670.69,0.0,True
product_category,books_technical,2018-01-01,seller_order_category,16,0,0.0,2.8294516782407406,2.5829861111111114,6.483196614583333,4.410810185185185,24.375,23.0,1176.55,0.0,True
product_category,books_technical,2018-02-01,seller_order_category,23,2,0.08695652173913043,2.064457596801347,1.6567708333333333,11.010984299516908,9.927523148148149,24.347826086956523,25.0,1411.21,86.0,True
product_category,books_technical,2018-03-01,seller_order_category,17,4,0.23529411764705882,1.7744893790849674,1.0578356481481481,12.821352124183006,11.002986111111111,24.058823529411764,23.0,913.47,208.9,True
product_category,books_technical,2018-04-01,seller_order_category,23,0,0.0,2.4778877314814816,2.1247974537037035,7.046869212962963,6.234479166666667,23.0,23.0,1172.1,0.0,True
product_category,books_technical,2018-05-01,seller_order_category,54,9,0.16666666666666666,2.9044155092592594,2.318761574074074,8.719778806584362,6.390677083333333,20.425925925925927,19.0,3055.48,497.42,False
product_category,books_technical,2018-06-01,seller_order_category,26,0,0.0,2.019512962962963,1.452361111111111,6.3793741096866095,6.13785300925926,28.576923076923077,29.5,1747.43,0.0,True
product_category,books_technical,2018-07-01,seller_order_category,26,0,0.0,2.3383035714285714,1.8003125,4.769916666666667,5.253217592592593,20.96153846153846,20.5,2106.81,0.0,True
product_category,books_technical,2018-08-01,seller_order_category,28,3,0.10714285714285714,1.9698350694444444,1.1466724537037036,3.9784461805555558,3.3535648148148147,10.5,7.0,1483.79,153.93,True
product_category,cds_dvds_musicals,2017-07-01,seller_order_category,4,0,0.0,1.671947337962963,1.713148148148148,9.678998842592593,10.46408564814815,27.75,29.0,225.0,0.0,True
product_category,cds_dvds_musicals,2017-08-01,seller_order_category,2,0,0.0,1.9068229166666666,1.9068229166666668,4.827100694444445,4.827100694444445,26.5,26.5,135.0,0.0,True
product_category,cds_dvds_musicals,2017-10-01,seller_order_category,1,0,0.0,2.3911689814814814,2.3911689814814814,7.9201041666666665,7.9201041666666665,36.0,36.0,45.0,0.0,True
product_category,cds_dvds_musicals,2017-11-01,seller_order_category,3,0,0.0,4.751049382716049,5.866041666666667,5.072091049382716,5.111261574074074,20.333333333333332,20.0,195.0,0.0,True
product_category,cds_dvds_musicals,2017-12-01,seller_order_category,1,0,0.0,1.1297685185185184,1.1297685185185184,7.642534722222222,7.642534722222222,23.0,23.0,65.0,0.0,True
product_category,cds_dvds_musicals,2018-04-01,seller_order_category,1,0,0.0,0.38114583333333335,0.38114583333333335,19.107523148148147,19.107523148148147,35.0,35.0,65.0,0.0,True
product_category,christmas_supplies,2017-04-01,seller_order_category,1,0,0.0,1.5844212962962962,1.5844212962962962,14.422025462962964,14.422025462962964,38.0,38.0,69.0,0.0,True
product_category,christmas_supplies,2017-06-01,seller_order_category,2,0,0.0,1.993738425925926,1.993738425925926,13.912453703703704,13.912453703703704,36.5,36.5,184.7,0.0,True
product_category,christmas_supplies,2017-07-01,seller_order_category,2,0,0.0,3.1374421296296298,3.1374421296296298,5.783379629629629,5.78337962962963,32.5,32.5,65.09,0.0,True
product_category,christmas_supplies,2017-08-01,seller_order_category,1,0,0.0,4.181516203703704,4.181516203703704,10.830902777777778,10.830902777777778,31.0,31.0,58.9,0.0,True
product_category,christmas_supplies,2017-09-01,seller_order_category,3,0,0.0,4.072457561728395,4.387129629629629,7.597797067901235,7.139861111111111,19.333333333333332,20.0,254.7,0.0,True
product_category,christmas_supplies,2017-10-01,seller_order_category,7,0,0.0,2.6886987433862433,2.0221064814814813,10.438921957671958,7.290752314814815,26.142857142857142,27.0,388.05,0.0,True
product_category,christmas_supplies,2017-11-01,seller_order_category,19,2,0.10526315789473684,2.2364613791423,2.124884259259259,10.890844907407407,8.094143518518518,25.263157894736842,24.0,1340.58,154.89,True
product_category,christmas_supplies,2017-12-01,seller_order_category,14,0,0.0,1.679725529100529,1.1767534722222222,14.161471560846561,13.252858796296296,33.0,31.5,493.9,0.0,True
product_category,christmas_supplies,2018-01-01,seller_order_category,9,0,0.0,3.8308256172839505,4.400717592592593,13.079323559670781,14.975208333333333,35.111111111111114,36.0,851.5,0.0,True
product_category,christmas_supplies,2018-02-01,seller_order_category,17,4,0.23529411764705882,6.660093954248366,6.474456018518518,15.635697848583877,11.824849537037037,28.176470588235293,31.0,2059.65,923.25,True
product_category,christmas_supplies,2018-03-01,seller_order_category,12,3,0.25,4.113461612654321,2.2418460648148146,24.78653452932099,13.953472222222222,27.333333333333332,26.5,854.95,239.7,True
product_category,christmas_supplies,2018-04-01,seller_order_category,9,0,0.0,1.1852387152777777,0.9902777777777778,8.881773405349794,7.633622685185185,26.88888888888889,29.0,275.15,0.0,True
product_category,christmas_supplies,2018-05-01,seller_order_category,6,0,0.0,1.8046875,1.4427951388888889,9.86501736111111,10.275306712962962,28.833333333333332,33.0,524.53,0.0,True
product_category,christmas_supplies,2018-06-01,seller_order_category,6,0,0.0,2.85133487654321,1.265341435185185,6.010380015432099,5.608425925925927,32.166666666666664,29.5,306.19,0.0,True
product_category,christmas_supplies,2018-07-01,seller_order_category,8,1,0.125,1.5256669560185185,1.1023726851851852,5.790946180555555,5.368975694444444,21.125,17.5,509.56,19.83,True
product_category,christmas_supplies,2018-08-01,seller_order_category,10,0,0.0,2.9082488425925925,3.5139467592592593,3.611828703703704,3.1491203703703703,16.9,17.5,564.37,0.0,True
product_category,cine_photo,2017-02-01,seller_order_category,1,0,0.0,2.6928935185185185,2.6928935185185185,18.110069444444445,18.110069444444445,35.0,35.0,59.0,0.0,True
product_category,cine_photo,2017-04-01,seller_order_category,2,1,0.5,4.235040509259259,4.235040509259259,11.448564814814814,11.448564814814816,22.0,22.0,118.0,59.0,True
product_category,cine_photo,2017-05-01,seller_order_category,1,0,0.0,7.256284722222222,7.256284722222222,4.063773148148148,4.063773148148148,27.0,27.0,59.0,0.0,True
product_category,cine_photo,2017-06-01,seller_order_category,1,0,0.0,5.098784722222222,5.098784722222222,5.895972222222222,5.895972222222222,25.0,25.0,79.0,0.0,True
product_category,cine_photo,2017-09-01,seller_order_category,1,0,0.0,4.075497685185185,4.075497685185185,10.073287037037037,10.073287037037037,24.0,24.0,69.0,0.0,True
product_category,cine_photo,2017-10-01,seller_order_category,1,0,0.0,0.7148032407407408,0.7148032407407408,12.094016203703704,12.094016203703704,26.0,26.0,69.0,0.0,True
product_category,cine_photo,2017-11-01,seller_order_category,1,1,1.0,4.394513888888889,4.394513888888889,19.565300925925925,19.565300925925925,20.0,20.0,242.0,242.0,True
product_category,cine_photo,2018-01-01,seller_order_category,2,0,0.0,0.8132291666666667,0.8132291666666667,1.343443287037037,1.343443287037037,21.0,21.0,199.98,0.0,True
product_category,cine_photo,2018-02-01,seller_order_category,2,0,0.0,1.082476851851852,1.082476851851852,13.268246527777778,13.268246527777778,31.0,31.0,227.99,0.0,True
product_category,cine_photo,2018-03-01,seller_order_category,6,0,0.0,1.4138850308641975,1.2667939814814815,12.20922260802469,10.895520833333332,26.333333333333332,21.0,711.79,0.0,True
product_category,cine_photo,2018-04-01,seller_order_category,5,1,0.2,0.8813927469135803,0.9183564814814815,14.114863425925925,9.37761574074074,25.8,25.0,521.74,99.95,True
product_category,cine_photo,2018-05-01,seller_order_category,16,1,0.0625,1.4660779320987654,0.7722569444444445,9.802004484953704,7.325902777777777,21.0,19.5,2277.29,49.8,True
product_category,cine_photo,2018-06-01,seller_order_category,10,0,0.0,0.793582175925926,0.55078125,3.8015870949074073,2.767534722222222,21.9,20.0,435.85,0.0,True
product_category,cine_photo,2018-07-01,seller_order_category,7,0,0.0,1.9842457561728395,1.8794444444444445,4.353784722222223,1.9534953703703704,15.285714285714286,15.0,1178.54,0.0,True
product_category,cine_photo,2018-08-01,seller_order_category,8,0,0.0,0.7242086226851852,0.6594386574074074,4.887524594907408,4.325700231481481,12.75,10.5,685.28,0.0,True
product_category,computers,2017-02-01,seller_order_category,1,0,0.0,1.9132175925925925,1.9132175925925925,5.361643518518519,5.361643518518519,23.0,23.0,3549.0,0.0,True
product_category,computers,2017-08-01,seller_order_category,28,1,0.03571428571428571,1.831554232804233,1.7357118055555556,9.79625248015873,7.539548611111111,24.071428571428573,22.0,33700.0,1100.0,True
product_category,computers,2017-09-01,seller_order_category,39,2,0.05128205128205128,3.3183428300094966,3.351446759259259,10.931897554605888,7.100289351851852,24.512820512820515,24.0,52878.88,2500.0,True
product_category,computers,2017-10-01,seller_order_category,26,0,0.0,2.575974002849003,2.709189814814815,9.30035122863248,8.405729166666667,26.923076923076923,25.5,40393.92,0.0,True
product_category,computers,2017-11-01,seller_order_category,7,0,0.0,7.308735119047619,4.952592592592593,10.965757275132274,9.074282407407408,29.857142857142858,26.0,9768.0,0.0,True
product_category,computers,2017-12-01,seller_order_category,19,2,0.10526315789473684,4.587373903508772,5.140092592592593,14.315817495126705,13.036273148148148,30.57894736842105,31.0,16741.0,1198.0,True
product_category,computers,2018-01-01,seller_order_category,11,1,0.09090909090909091,3.240315656565657,2.550011574074074,12.042725168350168,8.080277777777777,31.636363636363637,30.0,7450.0,790.0,True
product_category,computers,2018-04-01,seller_order_category,13,0,0.0,1.266693376068376,1.0787962962962963,8.938881766381767,6.982858796296297,24.153846153846153,26.0,13774.92,0.0,True
product_category,computers,2018-05-01,seller_order_category,6,1,0.16666666666666666,1.6477893518518518,1.430925925925926,6.287079475308642,5.760214120370371,16.666666666666668,18.0,9429.92,730.0,True
product_category,computers,2018-06-01,seller_order_category,8,1,0.125,1.2836096643518518,0.9106423611111111,18.015982349537037,12.21111111111111,27.875,24.0,13127.0,790.0,True
product_category,computers,2018-07-01,seller_order_category,8,2,0.25,2.7603269675925928,1.6807349537037037,9.104233217592592,8.759126157407408,20.375,19.0,11239.0,7379.0,True
product_category,computers,2018-08-01,seller_order_category,10,0,0.0,2.313974537037037,1.5500405092592593,4.347050925925926,4.613391203703704,15.5,15.0,8711.5,0.0,True
product_category,computers_accessories,2017-02-01,seller_order_category,92,5,0.05434782608695652,3.671261322463768,1.6865104166666667,9.21372760668277,6.967488425925926,31.467391304347824,29.5,11972.59,249.7,False
product_category,computers_accessories,2017-03-01,seller_order_category,147,6,0.04081632653061224,2.8033528596623833,2.0044444444444443,8.859774344923155,7.058518518518518,26.58503401360544,26.0,28624.6,764.86,False
product_category,computers_accessories,2017-04-01,seller_order_category,116,6,0.05172413793103448,2.663267612721417,2.022048611111111,12.558585468550447,9.983402777777776,28.137931034482758,27.0,20691.06,1787.0,False
product_category,computers_accessories,2017-05-01,seller_order_category,253,6,0.023715415019762844,2.4678090877231815,1.4848611111111112,8.616344567533803,6.886174768518519,24.68774703557312,24.0,45634.78,757.41,False
product_category,computers_accessories,2017-06-01,seller_order_category,214,5,0.02336448598130841,2.924212043527172,2.643744212962963,8.36274067583939,7.193929398148148,24.570093457943926,25.0,37007.08,855.83,False
product_category,computers_accessories,2017-07-01,seller_order_category,273,10,0.03663003663003663,2.7925749723604203,2.430503472222222,9.227313495710785,6.9914756944444445,24.186813186813186,24.0,38709.0,2144.12,False
product_category,computers_accessories,2017-08-01,seller_order_category,292,7,0.023972602739726026,2.629188744609335,1.7197800925925928,7.2453615709030945,6.491238425925926,23.80821917808219,23.0,35025.72,630.44,False
product_category,computers_accessories,2017-09-01,seller_order_category,212,7,0.0330188679245283,3.0507177563766597,2.1555092592592593,7.897126899895178,6.96,23.028301886792452,22.0,28930.98,656.8,False
product_category,computers_accessories,2017-10-01,seller_order_category,253,10,0.039525691699604744,3.240043551456595,1.773287037037037,7.89228128202313,6.989120370370371,23.988142292490117,23.0,44022.09,1640.71,False
product_category,computers_accessories,2017-11-01,seller_order_category,438,29,0.06621004566210045,3.487301760950448,2.300324074074074,10.649189524141722,8.084484953703704,25.41324200913242,25.0,72656.0,5391.06,False
product_category,computers_accessories,2017-12-01,seller_order_category,249,20,0.08032128514056225,4.131089125018593,2.2618287037037037,12.30291847947345,9.950694444444444,29.85140562248996,30.0,37880.65,7415.7,False
product_category,computers_accessories,2018-01-01,seller_order_category,588,24,0.04081632653061224,2.8355201012978792,1.830486111111111,10.828382365677752,9.057019675925925,28.272108843537413,28.0,83257.45,3512.06,False
product_category,computers_accessories,2018-02-01,seller_order_category,801,112,0.13982521847690388,4.372648165487585,2.6629976851851853,13.5037734082397,11.6828125,27.46067415730337,27.0,100855.23,15890.75,False
product_category,computers_accessories,2018-03-01,seller_order_category,639,101,0.15805946791862285,3.7243230706253985,2.355636574074074,11.876375014490234,8.967673611111111,24.120500782472615,24.0,85673.53,13629.9,False
product_category,computers_accessories,2018-04-01,seller_order_category,477,16,0.033542976939203356,2.675756342796541,1.4881828703703706,8.309230408999145,6.936388888888889,24.542976939203353,25.0,59651.2,1642.79,False
product_category,computers_accessories,2018-05-01,seller_order_category,400,16,0.04,2.28237715237167,1.0247685185185185,8.927992550821498,7.17525462962963,25.25,24.0,51515.73,1347.0,False
product_category,computers_accessories,2018-06-01,seller_order_category,355,2,0.005633802816901409,2.393798853359173,1.0221469907407408,6.751595667989418,6.151545138888889,31.18258426966292,31.5,42326.45,259.89,False
product_category,computers_accessories,2018-07-01,seller_order_category,385,13,0.033766233766233764,2.8898719224238567,1.7393981481481482,6.66751018759645,5.9483449074074075,22.68831168831169,23.0,41902.79,917.73,False
product_category,computers_accessories,2018-08-01,seller_order_category,382,20,0.05235602094240838,2.7072425840192045,1.225908564814815,5.440582551548911,5.183356481481481,17.2434554973822,16.0,40293.93,1854.67,False
product_category,consoles_games,2017-02-01,seller_order_category,18,0,0.0,1.897570730452675,1.2511805555555555,11.702182355967079,10.433501157407408,31.166666666666668,29.5,4294.77,0.0,True
product_category,consoles_games,2017-03-01,seller_order_category,45,4,0.08888888888888889,4.2174907407407405,1.6354398148148148,13.249312757201647,7.117476851851852,26.666666666666668,25.0,10768.84,1687.58,True
product_category,consoles_games,2017-04-01,seller_order_category,15,0,0.0,1.6151843584656085,1.090005787037037,9.318202160493827,7.0296412037037035,27.266666666666666,26.0,3772.88,0.0,True
product_category,consoles_games,2017-05-01,seller_order_category,26,0,0.0,4.359022881054131,3.0903587962962966,8.53849448005698,6.233072916666666,25.0,25.0,2507.2,0.0,True
product_category,consoles_games,2017-06-01,seller_order_category,26,1,0.038461538461538464,1.608301282051282,0.8400405092592593,10.127611289173789,10.072077546296295,24.76923076923077,24.0,5389.02,373.4,True
product_category,consoles_games,2017-07-01,seller_order_category,46,5,0.10869565217391304,2.2901708433977457,1.6233622685185185,10.85225904882155,7.242893518518518,23.456521739130434,23.0,5680.16,502.78,True
product_category,consoles_games,2017-08-01,seller_order_category,81,1,0.012345679012345678,3.1894125800182898,2.0319212962962965,7.966009802240512,6.8067824074074075,24.814814814814813,22.0,8824.25,19.9,False
product_category,consoles_games,2017-09-01,seller_order_category,58,3,0.05172413793103448,3.6369486350574713,2.394484953703704,8.512075949872287,7.182633101851852,22.948275862068964,23.5,8910.37,491.9,False
product_category,consoles_games,2017-10-01,seller_order_category,100,4,0.04,3.3532900462962965,2.266851851851852,8.423365625,7.012743055555555,22.61,22.0,10608.87,1430.04,False
product_category,consoles_games,2017-11-01,seller_order_category,123,10,0.08130081300813008,4.341864084613069,2.982488425925926,10.724349499397771,8.373217592592592,23.43089430894309,22.0,12608.88,607.4,False
product_category,consoles_games,2017-12-01,seller_order_category,87,7,0.08045977011494253,4.57084530651341,2.5855555555555556,11.501136254789271,9.83763888888889,28.586206896551722,26.0,9075.01,1679.49,False
product_category,consoles_games,2018-01-01,seller_order_category,50,1,0.02,6.688498148148148,3.0507175925925925,9.72107037037037,9.135891203703704,32.1,28.5,8200.98,34.9,False
product_category,consoles_games,2018-02-01,seller_order_category,50,7,0.14,3.399494675925926,2.3587037037037035,13.855049074074074,10.994693287037038,27.28,25.5,11978.73,2379.37,False
product_category,consoles_games,2018-03-01,seller_order_category,53,12,0.22641509433962265,3.523210822851153,2.4207060185185183,13.719584861984627,10.67587962962963,23.0,22.0,11858.72,2397.39,False
product_category,consoles_games,2018-04-01,seller_order_category,37,2,0.05405405405405406,3.721094714506173,2.288744212962963,10.105886511511512,8.372939814814815,25.027027027027028,24.0,7239.4,813.2,True
product_category,consoles_games,2018-05-01,seller_order_category,38,1,0.02631578947368421,2.2781328203203204,1.5892939814814815,7.689991554054054,6.00613425925926,23.342105263157894,22.0,5664.07,36.2,True
product_category,consoles_games,2018-06-01,seller_order_category,41,1,0.024390243902439025,1.749309413580247,1.0352314814814816,7.040438368055556,6.055364583333334,29.29268292682927,27.0,6903.01,40.0,True
product_category,consoles_games,2018-07-01,seller_order_category,49,1,0.02040816326530612,2.4071362433862435,1.7433680555555555,6.726631944444445,5.3602893518518515,22.46938775510204,22.0,8519.11,36.2,True
product_category,consoles_games,2018-08-01,seller_order_category,53,0,0.0,2.3957464185884,1.2462962962962962,4.986385613207547,4.2940625,16.566037735849058,15.0,4824.49,0.0,False
product_category,construction_tools_construction,2017-02-01,seller_order_category,3,0,0.0,7.724471450617284,3.490011574074074,6.85488811728395,3.868402777777778,33.333333333333336,31.0,336.79,0.0,True
product_category,construction_tools_construction,2017-03-01,seller_order_category,1,0,0.0,4.8954050925925925,4.8954050925925925,6.291099537037037,6.291099537037037,21.0,21.0,773.4,0.0,True
product_category,construction_tools_construction,2017-05-01,seller_order_category,1,0,0.0,0.6726273148148149,0.6726273148148149,8.239085648148148,8.239085648148148,31.0,31.0,99.99,0.0,True
product_category,construction_tools_construction,2017-06-01,seller_order_category,4,0,0.0,2.183984375,2.3096412037037037,7.212086226851852,7.985231481481481,25.75,25.5,376.37,0.0,True
product_category,construction_tools_construction,2017-07-01,seller_order_category,5,0,0.0,1.6772199074074075,1.5849768518518519,9.430601851851852,6.091076388888889,26.0,28.0,549.44,0.0,True
product_category,construction_tools_construction,2017-08-01,seller_order_category,6,1,0.16666666666666666,2.823179012345679,2.9113194444444446,9.145823688271605,9.50568287037037,25.166666666666668,25.0,1180.0,389.0,True
product_category,construction_tools_construction,2017-09-01,seller_order_category,7,0,0.0,1.464631283068783,1.415775462962963,5.724505621693122,4.009722222222222,19.142857142857142,20.0,1289.2,0.0,True
product_category,construction_tools_construction,2017-10-01,seller_order_category,15,0,0.0,2.577238425925926,2.1335532407407407,8.385898148148149,8.449664351851851,20.733333333333334,19.0,2576.18,0.0,True
product_category,construction_tools_construction,2017-11-01,seller_order_category,36,5,0.1388888888888889,3.0491567001028805,2.8709837962962963,13.240612461419753,10.348015046296297,22.944444444444443,22.5,6993.56,1139.91,True
product_category,construction_tools_construction,2017-12-01,seller_order_category,22,4,0.18181818181818182,3.018611637205387,2.581875,15.009882680976432,12.98931712962963,27.545454545454547,27.5,5830.35,2194.9,True
product_category,construction_tools_construction,2018-01-01,seller_order_category,41,3,0.07317073170731707,3.2190235433604335,1.4613078703703704,10.233494523486902,8.125416666666666,26.195121951219512,26.0,9664.18,696.9,True
product_category,construction_tools_construction,2018-02-01,seller_order_category,53,10,0.18867924528301888,2.2347322676450037,1.4378935185185184,13.408243142907057,9.100983796296296,24.339622641509433,25.0,9003.97,1308.5,False
product_category,construction_tools_construction,2018-03-01,seller_order_category,49,6,0.12244897959183673,2.2571133314436884,1.8309953703703703,13.02575491307634,9.813287037037037,22.979591836734695,23.0,10549.38,1708.84,True
product_category,construction_tools_construction,2018-04-01,seller_order_category,76,4,0.05263157894736842,1.65389622456964,1.032025462962963,8.01036854288499,6.310543981481482,23.17105263157895,23.0,13293.83,725.92,False
product_category,construction_tools_construction,2018-05-01,seller_order_category,89,4,0.0449438202247191,1.919849537037037,0.9284780092592593,8.47303162713275,6.34912037037037,22.55056179775281,21.0,20748.6,817.6,False
product_category,construction_tools_construction,2018-06-01,seller_order_category,108,1,0.009259259259259259,1.7110274470899471,0.959375,6.591414501886145,5.498663194444444,27.26851851851852,25.5,22947.72,299.99,False
product_category,construction_tools_construction,2018-07-01,seller_order_category,99,4,0.04040404040404041,2.01846116255144,1.0997337962962963,5.806067386831276,5.356087962962963,18.21212121212121,18.0,15237.47,420.16,False
product_category,construction_tools_construction,2018-08-01,seller_order_category,127,12,0.09448818897637795,1.5235963473315834,0.9177546296296296,5.211215368912219,4.4137152777777775,14.543307086614174,12.0,22917.16,1037.73,False
product_category,construction_tools_lights,2017-07-01,seller_order_category,1,0,0.0,2.105115740740741,2.105115740740741,7.010046296296296,7.010046296296296,29.0,29.0,360.0,0.0,True
product_category,construction_tools_lights,2017-08-01,seller_order_category,2,0,0.0,2.5167129629629628,2.516712962962963,8.432563657407407,8.432563657407407,22.5,22.5,589.0,0.0,True
product_category,construction_tools_lights,2017-09-01,seller_order_category,1,0,0.0,1.5015740740740742,1.5015740740740742,1.5563425925925927,1.5563425925925927,13.0,13.0,229.0,0.0,True
product_category,construction_tools_lights,2017-10-01,seller_order_category,2,1,0.5,5.842633101851852,5.842633101851852,17.422233796296297,17.422233796296297,31.5,31.5,500.0,250.0,True
product_category,construction_tools_lights,2017-11-01,seller_order_category,9,3,0.3333333333333333,8.587321244855968,7.274988425925926,9.630594135802468,7.142372685185185,23.0,24.0,2199.48,899.5,True
product_category,construction_tools_lights,2017-12-01,seller_order_category,2,1,0.5,9.044212962962963,9.044212962962963,13.260711805555555,13.260711805555555,28.0,28.0,176.0,88.0,True
product_category,construction_tools_lights,2018-01-01,seller_order_category,6,0,0.0,3.468491512345679,3.3972743055555554,2.888360339506173,2.7642534722222223,17.166666666666668,17.0,2392.99,0.0,True
product_category,construction_tools_lights,2018-02-01,seller_order_category,9,0,0.0,3.674929108796296,3.208269675925926,8.145261059670782,8.810844907407407,22.77777777777778,26.0,1610.8,0.0,True
product_category,construction_tools_lights,2018-03-01,seller_order_category,12,4,0.3333333333333333,3.1958940972222223,3.1136689814814815,14.220830439814815,9.905596064814814,22.25,22.5,2536.7,442.7,True
product_category,construction_tools_lights,2018-04-01,seller_order_category,38,0,0.0,2.131305055055055,2.0313310185185185,6.689671357212475,6.480787037037037,24.289473684210527,24.5,4962.67,0.0,True
product_category,construction_tools_lights,2018-05-01,seller_order_category,30,2,0.06666666666666667,2.3169054783950616,2.518732638888889,7.737440200617284,5.700121527777778,20.266666666666666,20.5,5477.81,129.9,True
product_category,construction_tools_lights,2018-06-01,seller_order_category,35,0,0.0,1.840350529100529,1.492650462962963,6.273337632275132,6.3867824074074075,26.685714285714287,27.0,4583.41,0.0,True
product_category,construction_tools_lights,2018-07-01,seller_order_category,40,1,0.025,2.9300563474658867,1.7841666666666667,4.566780960648148,4.584039351851851,20.075,20.0,7249.61,179.4,True
product_category,construction_tools_lights,2018-08-01,seller_order_category,56,4,0.07142857142857142,2.1209579613095237,1.1487326388888888,5.215003306878307,4.042442129629629,16.303571428571427,13.5,8212.53,348.83,False
product_category,construction_tools_safety,2017-02-01,seller_order_category,1,0,0.0,,,7.043912037037037,7.043912037037037,31.0,31.0,379.0,0.0,True
product_category,construction_tools_safety,2017-03-01,seller_order_category,0,0,,,,,,,,380.0,0.0,True
product_category,construction_tools_safety,2017-08-01,seller_order_category,1,0,0.0,0.7627893518518518,0.7627893518518518,15.092777777777778,15.092777777777778,31.0,31.0,8.9,0.0,True
product_category,construction_tools_safety,2017-09-01,seller_order_category,4,0,0.0,1.9351996527777777,1.7782407407407406,11.366397569444445,10.242314814814815,23.5,23.0,1124.54,0.0,True
product_category,construction_tools_safety,2017-10-01,seller_order_category,9,0,0.0,1.361190843621399,0.8504166666666667,8.6046579218107,6.882152777777778,24.333333333333332,25.0,1668.85,0.0,True
product_category,construction_tools_safety,2017-11-01,seller_order_category,12,1,0.08333333333333333,5.384287229938272,2.8849537037037036,8.726329089506173,6.599502314814815,22.916666666666668,23.0,3318.59,76.9,True
product_category,construction_tools_safety,2017-12-01,seller_order_category,7,0,0.0,2.6201074735449734,2.085474537037037,10.245684523809524,9.89292824074074,30.857142857142858,31.0,1384.92,0.0,True
product_category,construction_tools_safety,2018-01-01,seller_order_category,9,0,0.0,3.796087962962963,3.5380555555555553,12.316291152263375,9.6965625,31.444444444444443,30.0,2228.89,0.0,True
product_category,construction_tools_safety,2018-02-01,seller_order_category,7,0,0.0,2.4191187169312167,1.9382060185185186,10.692736441798942,10.201666666666666,27.142857142857142,27.0,5965.75,0.0,True
product_category,construction_tools_safety,2018-03-01,seller_order_category,13,2,0.15384615384615385,4.939536146723647,2.275613425925926,8.216490384615385,7.146273148148148,21.23076923076923,22.0,5374.87,54.85,True
product_category,construction_tools_safety,2018-04-01,seller_order_category,23,0,0.0,3.6272774621212123,1.5587268518518518,9.20487922705314,6.189456018518518,28.391304347826086,27.0,2887.26,0.0,True
product_category,construction_tools_safety,2018-05-01,seller_order_category,21,1,0.047619047619047616,2.4965228174603173,1.0236921296296295,10.322324735449735,12.013645833333333,26.38095238095238,26.0,7298.51,198.0,True
product_category,construction_tools_safety,2018-06-01,seller_order_category,16,0,0.0,3.40869140625,2.4103125,6.8265574363425925,5.283524305555556,31.875,32.0,2565.37,0.0,True
product_category,construction_tools_safety,2018-07-01,seller_order_category,15,0,0.0,1.9854885912698412,1.0310590277777778,5.194533179012346,6.1426388888888885,18.066666666666666,20.0,1888.95,0.0,True
product_category,construction_tools_safety,2018-08-01,seller_order_category,21,0,0.0,1.8372748842592592,1.0155439814814815,5.473218143738977,5.140393518518518,15.095238095238095,14.0,4070.12,0.0,True
product_category,cool_stuff,2017-02-01,seller_order_category,68,0,0.0,1.9663073361823362,1.3151157407407408,9.332226477396514,7.57480324074074,31.11764705882353,29.5,13323.6,0.0,False
product_category,cool_stuff,2017-03-01,seller_order_category,116,6,0.05172413793103448,2.021010137292465,1.402690972222222,9.609358736430396,7.344594907407408,25.086206896551722,23.0,21095.21,529.87,False
product_category,cool_stuff,2017-04-01,seller_order_category,112,11,0.09821428571428571,2.519402356902357,1.491869212962963,12.299427806712963,9.043645833333333,26.544642857142858,25.0,21822.08,2944.56,False
product_category,cool_stuff,2017-05-01,seller_order_category,231,6,0.025974025974025976,2.3265560365560365,1.0742013888888888,7.6309986772486775,6.938703703703704,23.77922077922078,24.0,33696.47,761.76,False
product_category,cool_stuff,2017-06-01,seller_order_category,195,4,0.020512820512820513,2.1310011870845202,1.1542708333333334,8.989190764482432,7.391087962962963,24.84102564102564,24.0,38244.5,1021.78,False
product_category,cool_stuff,2017-07-01,seller_order_category,221,6,0.027149321266968326,2.0562365405563936,1.3200462962962962,8.456892230182671,7.060601851851852,23.076923076923077,22.0,37506.76,580.76,False
product_category,cool_stuff,2017-08-01,seller_order_category,235,2,0.00851063829787234,2.2370788022064616,1.5723726851851851,7.451621606916746,6.873715277777778,23.514893617021276,22.0,41720.03,278.89,False
product_category,cool_stuff,2017-09-01,seller_order_category,196,7,0.03571428571428571,2.5872219269652303,1.780943287037037,8.112178760393046,6.978530092592592,22.53061224489796,22.0,38210.34,995.67,False
product_category,cool_stuff,2017-10-01,seller_order_category,242,11,0.045454545454545456,2.723784817875727,1.8450405092592592,8.383901323844505,7.050266203703703,23.15289256198347,23.0,44910.01,1832.27,False
product_category,cool_stuff,2017-11-01,seller_order_category,286,28,0.0979020979020979,2.9288406096218598,2.225763888888889,10.703965617715617,8.115028935185185,23.283216783216783,23.0,56295.24,7136.44,False
product_category,cool_stuff,2017-12-01,seller_order_category,232,19,0.08189655172413793,2.955928531345198,2.043900462962963,12.414558289431673,9.251990740740741,29.43103448275862,29.0,39011.54,3658.82,False
product_category,cool_stuff,2018-01-01,seller_order_category,286,13,0.045454545454545456,2.1165759421702406,1.4480902777777778,9.520167500323751,7.557181712962963,25.74125874125874,25.0,39739.7,2382.37,False
product_category,cool_stuff,2018-02-01,seller_order_category,176,23,0.13068181818181818,3.3529347511574072,2.5663831018518515,13.63972860111532,11.051458333333333,25.068181818181817,25.0,31002.21,4023.39,False
product_category,cool_stuff,2018-03-01,seller_order_category,239,33,0.13807531380753138,2.3453724128540303,1.6631365740740742,11.88391939795444,9.802268518518519,22.782426778242677,22.0,38353.22,4992.05,False
product_category,cool_stuff,2018-04-01,seller_order_category,194,12,0.061855670103092786,2.5125152777777777,1.584375,10.185599644425354,7.491082175925926,27.675257731958762,28.0,35202.4,2588.54,False
product_category,cool_stuff,2018-05-01,seller_order_category,168,9,0.05357142857142857,1.936019207451499,1.5138888888888888,8.856686370149912,7.16521412037037,25.089285714285715,24.0,30039.11,1465.87,False
product_category,cool_stuff,2018-06-01,seller_order_category,100,5,0.05,2.449634381091618,1.2347800925925927,9.81608028628118,7.10822337962963,29.95,29.0,19316.37,954.88,False
product_category,cool_stuff,2018-07-01,seller_order_category,113,4,0.035398230088495575,2.1175421470999303,1.2427083333333333,6.375208128482464,5.392118055555556,21.38053097345133,21.0,30551.61,516.97,False
product_category,cool_stuff,2018-08-01,seller_order_category,116,11,0.09482758620689655,3.0381246954191035,1.9021354166666666,5.231025060386473,4.457210648148148,16.439655172413794,14.0,16354.58,2604.59,False
product_category,costruction_tools_garden,2017-02-01,seller_order_category,1,0,0.0,0.3169212962962963,0.3169212962962963,9.083969907407408,9.083969907407408,29.0,29.0,579.98,0.0,True
product_category,costruction_tools_garden,2017-04-01,seller_order_category,7,0,0.0,4.783209325396825,3.9611111111111112,12.560026455026454,12.516990740740741,39.0,41.0,1490.21,0.0,True
product_category,costruction_tools_garden,2017-05-01,seller_order_category,5,2,0.4,3.8236666666666665,2.874976851851852,14.295784722222223,8.106238425925925,27.0,25.0,1577.24,227.6,True
product_category,costruction_tools_garden,2017-06-01,seller_order_category,3,0,0.0,0.7215972222222222,0.6301388888888889,8.671535493827161,7.954872685185185,24.0,22.0,434.69,0.0,True
product_category,costruction_tools_garden,2017-07-01,seller_order_category,7,0,0.0,1.9132175925925925,1.173298611111111,6.271358024691358,6.05337962962963,24.428571428571427,22.0,347.58,0.0,True
product_category,costruction_tools_garden,2017-08-01,seller_order_category,7,0,0.0,3.9464236111111113,1.6141319444444444,7.812007275132275,5.296030092592592,27.714285714285715,28.0,1286.19,0.0,True
product_category,costruction_tools_garden,2017-09-01,seller_order_category,4,0,0.0,3.533156828703704,1.3099363425925925,8.273145254629629,7.567471064814815,31.5,31.0,297.5,0.0,True
product_category,costruction_tools_garden,2017-10-01,seller_order_category,8,0,0.0,3.521451099537037,2.519953703703704,5.445551215277778,5.0973553240740745,22.0,20.5,746.9,0.0,True
product_category,costruction_tools_garden,2017-11-01,seller_order_category,15,0,0.0,3.4077114197530864,3.2667824074074074,7.892904320987654,7.103761574074074,25.6,23.0,1218.5,0.0,True
product_category,costruction_tools_garden,2017-12-01,seller_order_category,6,1,0.16666666666666666,2.651485339506173,1.8652893518518519,14.354689429012346,10.99495949074074,32.5,34.0,928.9,495.0,True
product_category,costruction_tools_garden,2018-01-01,seller_order_category,21,0,0.0,3.2148737874779543,2.7929282407407405,11.306180555555555,9.8434375,29.714285714285715,28.0,3927.98,0.0,True
product_category,costruction_tools_garden,2018-02-01,seller_order_category,14,2,0.14285714285714285,3.5223412698412697,3.1722337962962963,11.445813492063492,10.242488425925925,24.857142857142858,25.0,1538.25,337.9,True
product_category,costruction_tools_garden,2018-03-01,seller_order_category,19,2,0.10526315789473684,2.2300682261208578,2.111724537037037,10.599401193957116,8.133425925925925,22.842105263157894,23.0,2497.23,180.7,True
product_category,costruction_tools_garden,2018-04-01,seller_order_category,13,1,0.07692307692307693,2.399943287037037,2.1309548611111113,8.410133547008547,4.252372685185185,24.153846153846153,26.0,1326.79,71.78,True
product_category,costruction_tools_garden,2018-05-01,seller_order_category,13,0,0.0,1.8167548076923077,1.1075462962962963,8.486727207977207,7.272083333333334,27.076923076923077,27.0,1073.28,0.0,True
product_category,costruction_tools_garden,2018-06-01,seller_order_category,11,0,0.0,1.6078379629629629,1.8486689814814814,6.449190867003367,6.19011574074074,27.90909090909091,21.0,799.44,0.0,True
product_category,costruction_tools_garden,2018-07-01,seller_order_category,19,0,0.0,2.159619502314815,1.2007407407407409,6.420528752436647,5.9130671296296295,19.894736842105264,18.0,1956.47,0.0,True
product_category,costruction_tools_garden,2018-08-01,seller_order_category,19,2,0.10526315789473684,2.316829312865497,0.8524189814814814,5.534350024366471,5.374039351851852,18.842105263157894,17.0,3688.76,85.0,True
product_category,costruction_tools_tools,2017-04-01,seller_order_category,1,0,0.0,0.04438657407407407,0.04438657407407407,14.97886574074074,14.97886574074074,40.0,40.0,729.0,0.0,True
product_category,costruction_tools_tools,2017-05-01,seller_order_category,2,0,0.0,3.107476851851852,3.107476851851852,5.484583333333333,5.484583333333333,26.0,26.0,803.9,0.0,True
product_category,costruction_tools_tools,2017-09-01,seller_order_category,3,0,0.0,2.080636574074074,1.145775462962963,6.692831790123456,5.969293981481481,22.333333333333332,22.0,916.89,0.0,True
product_category,costruction_tools_tools,2017-10-01,seller_order_category,5,0,0.0,2.9022361111111112,2.483229166666667,9.361476851851853,8.965393518518518,25.4,25.0,1018.6,0.0,True
product_category,costruction_tools_tools,2017-11-01,seller_order_category,4,1,0.25,3.8843721064814813,3.891770833333333,13.375541087962963,10.029635416666666,23.25,22.5,269.5,149.9,True
product_category,costruction_tools_tools,2017-12-01,seller_order_category,6,0,0.0,4.477822145061729,4.741898148148149,13.701923225308642,11.50480324074074,29.166666666666668,29.0,349.4,0.0,True
product_category,costruction_tools_tools,2018-01-01,seller_order_category,8,1,0.125,3.2741927083333335,2.982633101851852,14.423162615740742,11.329809027777777,30.25,29.0,532.3,29.9,True
product_category,costruction_tools_tools,2018-02-01,seller_order_category,11,1,0.09090909090909091,2.9803156565656566,2.0523148148148147,10.46176452020202,8.859456018518518,24.818181818181817,25.0,1318.2,29.9,True
product_category,costruction_tools_tools,2018-03-01,seller_order_category,8,0,0.0,2.2636299189814815,2.0642997685185183,8.833204571759259,7.708148148148148,23.75,23.5,931.3,0.0,True
product_category,costruction_tools_tools,2018-04-01,seller_order_category,16,1,0.0625,1.3208969907407406,0.6609317129629629,7.511214554398149,6.446093749999999,24.5625,24.5,1332.99,6.8,True
product_category,costruction_tools_tools,2018-05-01,seller_order_category,5,0,0.0,1.6384074074074073,0.9175231481481482,12.94218287037037,13.254398148148148,26.6,28.0,417.9,0.0,True
product_category,costruction_tools_tools,2018-06-01,seller_order_category,4,0,0.0,2.5875347222222222,2.7627604166666666,6.447763310185185,7.141817129629629,33.75,33.5,527.0,0.0,True
product_category,costruction_tools_tools,2018-07-01,seller_order_category,10,1,0.1,1.861116898148148,0.985625,9.006483796296296,7.273478009259259,21.3,21.0,5501.2,28.5,True
product_category,costruction_tools_tools,2018-08-01,seller_order_category,14,1,0.07142857142857142,1.404542824074074,1.0063136574074074,7.0112797619047615,6.279583333333333,16.5,15.0,1255.77,42.9,True
product_category,diapers_and_hygiene,2017-12-01,seller_order_category,1,0,0.0,8.044039351851852,8.044039351851852,8.0528125,8.0528125,23.0,23.0,76.0,0.0,True
product_category,diapers_and_hygiene,2018-01-01,seller_order_category,1,0,0.0,2.9489699074074074,2.9489699074074074,7.7369212962962965,7.7369212962962965,23.0,23.0,125.0,0.0,True
product_category,diapers_and_hygiene,2018-02-01,seller_order_category,1,0,0.0,4.317800925925926,4.317800925925926,2.0481828703703706,2.0481828703703706,20.0,20.0,100.0,0.0,True
product_category,diapers_and_hygiene,2018-03-01,seller_order_category,1,0,0.0,3.509398148148148,3.509398148148148,11.100555555555555,11.100555555555555,17.0,17.0,163.0,0.0,True
product_category,diapers_and_hygiene,2018-04-01,seller_order_category,4,0,0.0,4.022019675925926,3.5181597222222223,6.984429976851851,5.616336805555555,21.75,21.0,149.0,0.0,True
product_category,diapers_and_hygiene,2018-05-01,seller_order_category,3,0,0.0,2.7165354938271604,1.568275462962963,6.466658950617284,5.001134259259259,15.333333333333334,15.0,117.0,0.0,True
product_category,diapers_and_hygiene,2018-06-01,seller_order_category,7,0,0.0,2.148941798941799,1.6692476851851852,6.565791997354498,5.933344907407408,26.428571428571427,30.0,321.0,0.0,True
product_category,diapers_and_hygiene,2018-07-01,seller_order_category,3,0,0.0,1.7239274691358024,1.540775462962963,6.184965277777778,6.190752314814815,25.0,15.0,149.8,0.0,True
product_category,diapers_and_hygiene,2018-08-01,seller_order_category,3,0,0.0,2.2559220679012344,2.235034722222222,3.154849537037037,2.9899768518518517,13.333333333333334,12.0,231.89,0.0,True
product_category,drinks,2017-03-01,seller_order_category,4,0,0.0,2.8242997685185185,1.5349537037037035,7.2679658564814815,7.547644675925926,22.25,23.0,463.87,0.0,True
product_category,drinks,2017-04-01,seller_order_category,0,0,,,,,,,,199.93,0.0,True
product_category,drinks,2017-05-01,seller_order_category,1,0,0.0,3.7790393518518517,3.7790393518518517,6.1397916666666665,6.1397916666666665,37.0,37.0,90.0,0.0,True
product_category,drinks,2017-06-01,seller_order_category,1,0,0.0,3.4256712962962963,3.4256712962962963,6.887731481481482,6.887731481481482,26.0,26.0,49.99,0.0,True
product_category,drinks,2017-07-01,seller_order_category,2,0,0.0,2.3346064814814813,2.3346064814814813,5.3832407407407405,5.3832407407407405,18.5,18.5,273.97,0.0,True
product_category,drinks,2017-08-01,seller_order_category,2,0,0.0,1.446707175925926,1.4467071759259258,4.948825231481481,4.948825231481481,23.5,23.5,119.9,0.0,True
product_category,drinks,2017-09-01,seller_order_category,5,0,0.0,2.9925462962962963,2.75875,8.091819444444445,7.8446643518518515,16.6,18.0,327.97,0.0,True
product_category,drinks,2017-10-01,seller_order_category,10,1,0.1,4.890458333333333,2.3922800925925927,6.349700231481481,5.977974537037037,17.5,18.0,596.98,79.49,True
product_category,drinks,2017-11-01,seller_order_category,14,2,0.14285714285714285,5.002198247354498,4.495804398148149,11.15926421957672,5.09759837962963,18.785714285714285,17.5,748.61,145.49,True
product_category,drinks,2017-12-01,seller_order_category,31,1,0.03225806451612903,3.571352299880526,1.559212962962963,7.547017622461171,5.841296296296297,25.612903225806452,24.0,2132.84,51.49,True
product_category,drinks,2018-01-01,seller_order_category,39,1,0.02564102564102564,4.667153668091168,3.257523148148148,8.358748219373219,7.604733796296296,24.28205128205128,25.0,2307.61,47.49,True
product_category,drinks,2018-02-01,seller_order_category,27,3,0.1111111111111111,2.6120837620027433,2.2997916666666667,11.950413665980795,7.337986111111111,22.88888888888889,20.0,1967.44,111.98,True
product_category,drinks,2018-03-01,seller_order_category,20,5,0.25,2.5409201388888887,1.674519675925926,12.602043402777777,10.713321759259259,18.85,19.0,962.7,324.98,True
product_category,drinks,2018-04-01,seller_order_category,29,0,0.0,2.0759445271164023,2.0331597222222224,4.783586765644955,4.119189814814815,20.82758620689655,18.0,5016.44,0.0,True
product_category,drinks,2018-05-01,seller_order_category,33,0,0.0,1.8064807581018518,1.2593865740740742,5.513000140291807,4.313726851851852,20.818181818181817,20.0,2790.98,0.0,True
product_category,drinks,2018-06-01,seller_order_category,30,1,0.03333333333333333,1.4940904374201789,1.1420138888888889,4.532994093231162,3.3358796296296296,23.866666666666667,21.0,1567.07,59.3,True
product_category,drinks,2018-07-01,seller_order_category,16,0,0.0,2.616071047008547,2.8933564814814816,5.425841049382716,6.105960648148148,19.0625,19.5,1335.17,0.0,True
product_category,drinks,2018-08-01,seller_order_category,24,1,0.041666666666666664,1.9131954966329967,1.8106597222222223,3.629090909090909,2.966574074074074,13.291666666666666,11.0,1477.23,58.0,True
product_category,dvds_blu_ray,2017-02-01,seller_order_category,1,0,0.0,0.7211921296296296,0.7211921296296296,7.237465277777778,7.237465277777778,35.0,35.0,14.9,0.0,True
product_category,dvds_blu_ray,2017-03-01,seller_order_category,3,0,0.0,3.1302854938271607,3.7863425925925926,11.25898148148148,8.76170138888889,26.666666666666668,26.0,1873.7,0.0,True
product_category,dvds_blu_ray,2017-04-01,seller_order_category,2,0,0.0,2.332974537037037,2.332974537037037,6.872268518518519,6.872268518518519,25.5,25.5,1434.9,0.0,True
product_category,dvds_blu_ray,2017-05-01,seller_order_category,4,0,0.0,0.8479166666666667,0.33829861111111115,5.902595486111111,4.8364872685185185,24.0,26.5,89.6,0.0,True
product_category,dvds_blu_ray,2017-06-01,seller_order_category,4,0,0.0,1.0674131944444445,0.8788657407407408,13.254936342592593,10.566313657407408,26.5,27.0,126.69,0.0,True
product_category,dvds_blu_ray,2017-07-01,seller_order_category,3,0,0.0,1.8065817901234569,0.9286574074074074,11.980748456790124,11.074409722222223,30.0,31.0,749.7,0.0,True
product_category,dvds_blu_ray,2017-08-01,seller_order_category,6,2,0.3333333333333333,2.470090663580247,2.540167824074074,14.690079089506172,8.132326388888888,28.0,29.0,113.4,39.8,True
product_category,dvds_blu_ray,2017-09-01,seller_order_category,2,0,0.0,2.058871527777778,2.058871527777778,9.165711805555556,9.165711805555555,27.5,27.5,39.8,0.0,True
product_category,dvds_blu_ray,2017-10-01,seller_order_category,4,0,0.0,3.428327546296296,3.6310127314814817,9.753524305555555,10.22667824074074,28.75,27.0,194.5,0.0,True
product_category,dvds_blu_ray,2017-11-01,seller_order_category,3,1,0.3333333333333333,1.7322299382716049,2.178611111111111,16.104375,10.28474537037037,25.333333333333332,23.0,79.79,39.99,True
product_category,dvds_blu_ray,2017-12-01,seller_order_category,1,0,0.0,1.7144907407407406,1.7144907407407406,14.116689814814816,14.116689814814816,29.0,29.0,119.9,0.0,True
product_category,dvds_blu_ray,2018-01-01,seller_order_category,2,0,0.0,3.075457175925926,3.075457175925926,14.912141203703703,14.912141203703705,26.0,26.0,49.8,0.0,True
product_category,dvds_blu_ray,2018-02-01,seller_order_category,1,0,0.0,4.508599537037037,4.508599537037037,7.1312037037037035,7.1312037037037035,27.0,27.0,24.9,0.0,True
product_category,dvds_blu_ray,2018-03-01,seller_order_category,2,0,0.0,5.987511574074074,5.987511574074074,12.537349537037038,12.537349537037038,25.0,25.0,49.8,0.0,True
product_category,dvds_blu_ray,2018-04-01,seller_order_category,4,0,0.0,3.284733796296296,2.462395833333333,7.879930555555555,7.71754050925926,23.0,24.5,92.5,0.0,True
product_category,dvds_blu_ray,2018-05-01,seller_order_category,6,0,0.0,1.906045524691358,1.6634201388888887,7.275619212962963,6.7627141203703705,23.5,25.0,439.94,0.0,True
product_category,dvds_blu_ray,2018-06-01,seller_order_category,5,0,0.0,3.5703194444444444,2.769016203703704,4.913650462962963,6.081342592592593,27.8,25.0,382.88,0.0,True
product_category,dvds_blu_ray,2018-07-01,seller_order_category,1,1,1.0,0.8919328703703704,0.8919328703703704,14.010902777777778,14.010902777777778,10.0,10.0,83.99,83.99,True
product_category,dvds_blu_ray,2018-08-01,seller_order_category,1,0,0.0,4.6734375,4.6734375,1.313576388888889,1.313576388888889,11.0,11.0,8.9,0.0,True
product_category,electronics,2017-02-01,seller_order_category,14,0,0.0,3.3102893518518517,3.2094849537037033,9.178770667989419,8.837239583333334,30.928571428571427,30.5,1218.85,0.0,True
product_category,electronics,2017-03-01,seller_order_category,32,2,0.0625,3.1550047019675924,2.094409722222222,9.741631944444444,7.552048611111111,25.46875,23.0,3986.0,100.49,True
product_category,electronics,2017-04-01,seller_order_category,47,5,0.10638297872340426,2.993586731678487,1.8621759259259258,11.108726113081167,8.838831018518519,26.27659574468085,25.0,4822.24,189.39,True
product_category,electronics,2017-05-01,seller_order_category,59,2,0.03389830508474576,2.2504578625235405,1.803402777777778,8.270433145009417,7.024456018518518,23.864406779661017,24.0,6709.11,392.15,False
product_category,electronics,2017-06-01,seller_order_category,39,1,0.02564102564102564,2.6204353632478634,1.8825810185185186,9.177260208926876,8.067777777777778,24.692307692307693,25.0,2100.04,16.0,True
product_category,electronics,2017-07-01,seller_order_category,84,0,0.0,2.8946483686067017,2.714513888888889,8.64419664770192,7.102893518518519,24.178571428571427,24.0,7346.84,0.0,False
product_category,electronics,2017-08-01,seller_order_category,52,1,0.019230769230769232,3.0161979166666666,2.6569560185185184,8.148609553062679,7.517314814814815,23.173076923076923,23.0,2854.15,14.9,False
product_category,electronics,2017-09-01,seller_order_category,65,3,0.046153846153846156,2.893361111111111,2.663773148148148,9.668079594017094,8.925439814814816,24.307692307692307,23.0,4338.96,364.79,False
product_category,electronics,2017-10-01,seller_order_category,55,3,0.05454545454545454,3.147735269360269,2.7049074074074073,9.658938552188552,8.350972222222222,22.436363636363637,23.0,3454.32,135.87,False
product_category,electronics,2017-11-01,seller_order_category,163,24,0.147239263803681,3.063734804589866,2.4968055555555555,11.458535560099977,8.891875,23.411042944785276,22.0,10026.14,1766.96,False
product_category,electronics,2017-12-01,seller_order_category,190,12,0.06315789473684211,2.291031189083821,1.5526041666666668,11.894881091617934,9.838888888888889,27.92105263157895,29.0,8537.51,582.8,False
product_category,electronics,2018-01-01,seller_order_category,322,17,0.052795031055900624,2.522713453328718,1.9057060185185184,10.114737390729239,8.506001157407407,25.614906832298136,26.0,15996.68,1845.69,False
product_category,electronics,2018-02-01,seller_order_category,301,50,0.16611295681063123,2.785739933247201,1.9176967592592593,14.85654773440384,12.977523148148148,23.93355481727575,24.0,14780.6,3214.06,False
product_category,electronics,2018-03-01,seller_order_category,237,45,0.189873417721519,2.0403690518049697,1.304837962962963,13.13999257696515,9.841122685185185,21.0042194092827,21.0,12554.8,4880.99,False
product_category,electronics,2018-04-01,seller_order_category,202,10,0.04950495049504951,1.7802378441923599,1.2829976851851852,9.771251661624495,7.991493055555556,23.633663366336634,24.0,11022.43,500.13,False
product_category,electronics,2018-05-01,seller_order_category,219,8,0.0365296803652968,1.4614770217465172,0.9819965277777778,8.753065749235475,6.991238425925926,23.054794520547944,23.0,16989.29,384.38,False
product_category,electronics,2018-06-01,seller_order_category,175,2,0.011428571428571429,1.8053430981268626,1.04828125,6.924653108465608,6.094791666666667,26.548571428571428,26.0,9664.57,252.9,False
product_category,electronics,2018-07-01,seller_order_category,142,1,0.007042253521126761,1.7819501410590277,1.056273148148148,5.4393188657407405,5.134062500000001,19.950704225352112,20.0,11150.75,16.9,False
product_category,electronics,2018-08-01,seller_order_category,114,6,0.05263157894736842,1.8391954482137005,1.3512847222222222,5.575817150114717,5.317256944444444,17.62280701754386,16.0,10769.47,497.68,False
product_category,fashio_female_clothing,2017-02-01,seller_order_category,3,0,0.0,3.520821759259259,2.9801736111111112,12.350787037037037,15.246053240740741,31.333333333333332,31.0,457.8,0.0,True
product_category,fashio_female_clothing,2017-03-01,seller_order_category,1,0,0.0,7.853263888888889,7.853263888888889,5.146157407407407,5.146157407407407,17.0,17.0,19.9,0.0,True
product_category,fashio_female_clothing,2017-04-01,seller_order_category,1,0,0.0,6.001782407407408,6.001782407407408,19.635590277777776,19.635590277777776,34.0,34.0,64.9,0.0,True
product_category,fashio_female_clothing,2017-05-01,seller_order_category,4,0,0.0,5.670486111111111,3.0180092592592596,8.730026041666667,7.360196759259258,22.5,15.5,422.4,0.0,True
product_category,fashio_female_clothing,2017-06-01,seller_order_category,3,0,0.0,3.498009259259259,3.2532638888888887,9.252029320987655,7.183587962962963,25.0,25.0,154.8,0.0,True
product_category,fashio_female_clothing,2017-07-01,seller_order_category,4,0,0.0,2.0563136574074075,2.0773379629629627,5.628423032407407,4.672609953703704,19.0,20.0,310.7,0.0,True
product_category,fashio_female_clothing,2017-08-01,seller_order_category,4,0,0.0,2.8484230324074074,2.673466435185185,8.442094907407407,5.9719039351851855,20.25,19.5,188.7,0.0,True
product_category,fashio_female_clothing,2017-09-01,seller_order_category,3,2,0.6666666666666666,2.6796064814814815,2.729398148148148,17.466346450617284,21.83880787037037,22.666666666666668,22.0,355.7,308.7,True
product_category,fashio_female_clothing,2017-11-01,seller_order_category,2,0,0.0,3.271215277777778,3.271215277777778,3.2827083333333333,3.282708333333334,30.0,30.0,79.88,0.0,True
product_category,fashio_female_clothing,2018-01-01,seller_order_category,3,0,0.0,5.741913580246914,5.166342592592593,2.2250733024691356,1.7657523148148149,24.0,22.0,161.79,0.0,True
product_category,fashio_female_clothing,2018-02-01,seller_order_category,1,0,0.0,1.8861342592592594,1.8861342592592594,10.889976851851852,10.889976851851852,34.0,34.0,29.99,0.0,True
product_category,fashio_female_clothing,2018-03-01,seller_order_category,1,0,0.0,1.0580671296296296,1.0580671296296296,0.7635069444444444,0.7635069444444444,13.0,13.0,119.96,0.0,True
product_category,fashio_female_clothing,2018-04-01,seller_order_category,1,0,0.0,7.120636574074074,7.120636574074074,3.0496296296296297,3.0496296296296297,19.0,19.0,174.95,0.0,True
product_category,fashio_female_clothing,2018-08-01,seller_order_category,2,0,0.0,1.8099421296296296,1.8099421296296296,6.839282407407407,6.839282407407407,15.0,15.0,129.97,0.0,True
product_category,fashion_bags_accessories,2017-02-01,seller_order_category,32,0,0.0,2.853216145833333,1.271684027777778,9.55836009837963,7.984658564814815,37.34375,37.0,2374.11,0.0,True
product_category,fashion_bags_accessories,2017-03-01,seller_order_category,60,2,0.03333333333333333,1.5990733024691357,0.9863194444444444,9.07664949845679,7.041284722222223,26.866666666666667,25.0,4861.16,208.99,False
product_category,fashion_bags_accessories,2017-04-01,seller_order_category,44,2,0.045454545454545456,1.6271956865401986,1.1001273148148147,9.165330124158249,7.844988425925926,28.068181818181817,25.5,3219.8,82.0,True
product_category,fashion_bags_accessories,2017-05-01,seller_order_category,95,3,0.031578947368421054,2.124550353444843,1.143587962962963,9.408189814814815,7.388055555555556,27.557894736842105,26.0,7498.67,487.0,False
product_category,fashion_bags_accessories,2017-06-01,seller_order_category,77,0,0.0,2.574977002164502,1.8560069444444445,7.864836760461761,6.948449074074074,26.467532467532468,25.0,6831.03,0.0,False
product_category,fashion_bags_accessories,2017-07-01,seller_order_category,80,5,0.0625,2.8929467592592593,2.0949594907407407,7.5673048321759255,6.979218749999999,24.8875,24.0,5193.1,202.08,False
product_category,fashion_bags_accessories,2017-08-01,seller_order_category,87,1,0.011494252873563218,1.6430856215410814,1.1869791666666667,6.33402338761175,6.181087962962963,24.50574712643678,23.0,6617.68,44.0,False
product_category,fashion_bags_accessories,2017-09-01,seller_order_category,103,3,0.02912621359223301,1.8655153272204243,1.229664351851852,7.836605537576411,6.27787037037037,23.49514563106796,23.0,11948.22,70.19,False
product_category,fashion_bags_accessories,2017-10-01,seller_order_category,99,1,0.010101010101010102,2.218780864197531,1.3180671296296296,6.457927422371867,5.760509259259259,22.393939393939394,23.0,7906.06,169.99,False
product_category,fashion_bags_accessories,2017-11-01,seller_order_category,184,23,0.125,2.985209471766849,2.2560648148148146,10.14962767964976,7.157517361111111,22.706521739130434,22.0,13414.89,2020.77,False
product_category,fashion_bags_accessories,2017-12-01,seller_order_category,126,5,0.03968253968253968,2.634940568048207,1.3953819444444444,9.895646035420341,8.068246527777777,29.095238095238095,28.0,10028.46,603.2,False
product_category,fashion_bags_accessories,2018-01-01,seller_order_category,117,8,0.06837606837606838,2.568082594987229,1.6038368055555556,9.53818435422602,7.7275578703703705,25.700854700854702,26.0,7931.72,504.18,False
product_category,fashion_bags_accessories,2018-02-01,seller_order_category,102,6,0.058823529411764705,2.3302062908496732,1.6834201388888888,11.080644517066085,8.878240740740742,23.92156862745098,23.5,9786.63,657.78,False
product_category,fashion_bags_accessories,2018-03-01,seller_order_category,130,29,0.2230769230769231,2.5881529558404557,1.4669270833333332,13.115703792735042,8.141313657407407,21.884615384615383,21.0,10261.58,2370.37,False
product_category,fashion_bags_accessories,2018-04-01,seller_order_category,94,2,0.02127659574468085,1.5454027251683502,1.0319502314814815,7.040866085500394,5.332760416666666,22.93617021276596,23.0,9030.85,268.9,False
product_category,fashion_bags_accessories,2018-05-01,seller_order_category,106,7,0.0660377358490566,1.486529224537037,0.934068287037037,7.477395722044159,5.23140625,22.566037735849058,21.0,11519.16,403.5,False
product_category,fashion_bags_accessories,2018-06-01,seller_order_category,82,0,0.0,1.78778377914952,0.9413310185185185,6.933436653116531,6.146481481481482,28.036585365853657,27.0,7869.95,0.0,False
product_category,fashion_bags_accessories,2018-07-01,seller_order_category,74,0,0.0,1.2911092659688674,0.9886342592592593,5.3806340715715715,5.112170138888889,17.35135135135135,18.0,6161.87,0.0,False
product_category,fashion_bags_accessories,2018-08-01,seller_order_category,122,4,0.03278688524590164,1.5072045263238445,0.9651967592592593,5.228630050505051,4.776493055555556,14.926229508196721,14.0,8177.43,197.8,False
product_category,fashion_childrens_clothes,2017-05-01,seller_order_category,1,0,0.0,0.9395138888888889,0.9395138888888889,1.6777199074074074,1.6777199074074074,23.0,23.0,110.0,0.0,True
product_category,fashion_childrens_clothes,2017-06-01,seller_order_category,1,0,0.0,3.8828819444444442,3.8828819444444442,0.9106597222222222,0.9106597222222222,15.0,15.0,110.0,0.0,True
product_category,fashion_childrens_clothes,2017-08-01,seller_order_category,0,0,,,,,,,,49.9,0.0,True
product_category,fashion_childrens_clothes,2017-09-01,seller_order_category,1,0,0.0,0.6013888888888889,0.6013888888888889,26.738541666666666,26.738541666666666,32.0,32.0,89.99,0.0,True
product_category,fashion_childrens_clothes,2017-10-01,seller_order_category,1,0,0.0,1.8571180555555555,1.8571180555555555,6.0468518518518515,6.0468518518518515,31.0,31.0,39.99,0.0,True
product_category,fashion_childrens_clothes,2018-03-01,seller_order_category,2,0,0.0,0.937505787037037,0.937505787037037,6.00515625,6.005156250000001,23.0,23.0,79.98,0.0,True
product_category,fashion_childrens_clothes,2018-06-01,seller_order_category,1,0,0.0,0.6839236111111111,0.6839236111111111,1.2757175925925925,1.2757175925925925,25.0,25.0,89.99,0.0,True
product_category,fashion_male_clothing,2017-02-01,seller_order_category,6,0,0.0,1.9810011574074073,0.9559085648148149,10.142835648148148,10.383819444444445,33.666666666666664,33.0,642.85,0.0,True
product_category,fashion_male_clothing,2017-03-01,seller_order_category,7,0,0.0,2.4560367063492063,2.0370601851851853,8.034446097883597,7.106168981481481,24.714285714285715,23.0,580.8,0.0,True
product_category,fashion_male_clothing,2017-04-01,seller_order_category,5,1,0.2,12.064194444444444,4.379965277777778,5.2100787037037035,6.7651157407407405,25.6,26.0,416.69,24.9,True
product_category,fashion_male_clothing,2017-05-01,seller_order_category,4,0,0.0,2.585653935185185,2.8046990740740743,4.457149884259259,3.4959837962962963,23.0,24.0,608.9,0.0,True
product_category,fashion_male_clothing,2017-06-01,seller_order_category,7,0,0.0,3.8594378306878308,4.464444444444444,13.163763227513227,11.158402777777777,29.142857142857142,31.0,569.69,0.0,True
product_category,fashion_male_clothing,2017-07-01,seller_order_category,8,0,0.0,4.9319140625,5.10394675925926,7.503987268518519,7.386186342592593,27.125,27.0,719.99,0.0,True
product_category,fashion_male_clothing,2017-08-01,seller_order_category,12,1,0.08333333333333333,4.899783950617284,2.983443287037037,4.97654899691358,4.161440972222222,22.666666666666668,22.0,1205.05,69.9,True
product_category,fashion_male_clothing,2017-09-01,seller_order_category,10,1,0.1,6.760914351851852,5.3853124999999995,7.826893518518519,7.784895833333334,21.1,22.0,1177.5,209.7,True
product_category,fashion_male_clothing,2017-10-01,seller_order_category,8,0,0.0,4.3063787615740745,3.7698668981481482,6.652662037037037,5.8825,26.5,28.5,1041.8,0.0,True
product_category,fashion_male_clothing,2017-11-01,seller_order_category,10,1,0.1,3.1692673611111113,1.9386689814814815,10.695398148148149,6.095254629629629,25.1,25.5,929.99,59.9,True
product_category,fashion_male_clothing,2017-12-01,seller_order_category,4,0,0.0,2.694519675925926,1.2422800925925925,11.02568576388889,11.620324074074073,31.0,32.0,450.89,0.0,True
product_category,fashion_male_clothing,2018-01-01,seller_order_category,5,0,0.0,4.337472222222222,5.196446759259259,9.860997685185184,9.007835648148149,34.0,34.0,550.6,0.0,True
product_category,fashion_male_clothing,2018-02-01,seller_order_category,3,0,0.0,1.8955401234567901,1.1888078703703704,12.42179012345679,10.673055555555555,25.666666666666668,27.0,388.09,0.0,True
product_category,fashion_male_clothing,2018-04-01,seller_order_category,1,1,1.0,4.0001851851851855,4.0001851851851855,28.075532407407408,28.075532407407408,26.0,26.0,195.0,195.0,True
product_category,fashion_male_clothing,2018-05-01,seller_order_category,1,0,0.0,3.4752546296296294,3.4752546296296294,7.4589236111111115,7.4589236111111115,19.0,19.0,129.99,0.0,True
product_category,fashion_male_clothing,2018-06-01,seller_order_category,6,0,0.0,2.133279320987654,1.1647627314814815,5.787465277777778,5.873107638888889,27.833333333333332,27.5,447.8,0.0,True
product_category,fashion_male_clothing,2018-07-01,seller_order_category,5,0,0.0,1.797900462962963,2.310775462962963,5.6236041666666665,6.152581018518519,20.2,24.0,208.7,0.0,True
product_category,fashion_male_clothing,2018-08-01,seller_order_category,3,0,0.0,2.329224537037037,2.5418287037037035,6.308499228395061,7.454618055555556,18.0,13.0,381.69,0.0,True
product_category,fashion_shoes,2017-02-01,seller_order_category,2,0,0.0,3.3555555555555556,3.355555555555555,5.275706018518519,5.275706018518518,37.0,37.0,107.05,0.0,True
product_category,fashion_shoes,2017-03-01,seller_order_category,13,0,0.0,3.7581980056980058,3.5466550925925926,7.0658297720797725,6.0519791666666665,26.846153846153847,27.0,1515.0,0.0,True
product_category,fashion_shoes,2017-04-01,seller_order_category,20,0,0.0,5.0288234953703705,4.819618055555555,12.387357638888888,10.89292824074074,31.5,26.5,1526.5,0.0,True
product_category,fashion_shoes,2017-05-01,seller_order_category,22,0,0.0,5.9360516624579125,5.810590277777778,7.751460963804714,7.352934027777778,24.636363636363637,22.5,1669.54,0.0,True
product_category,fashion_shoes,2017-06-01,seller_order_category,16,0,0.0,8.367018952546296,7.2483101851851846,7.28722728587963,6.961082175925926,29.9375,28.0,1351.2,0.0,True
product_category,fashion_shoes,2017-07-01,seller_order_category,18,1,0.05555555555555555,5.451012088477366,3.706064814814815,8.910588991769547,6.142320601851852,27.5,26.0,1423.01,71.82,True
product_category,fashion_shoes,2017-08-01,seller_order_category,18,0,0.0,4.676646090534979,3.128431712962963,8.595047582304527,9.541475694444443,29.22222222222222,28.0,1491.69,0.0,True
product_category,fashion_shoes,2017-09-01,seller_order_category,12,1,0.08333333333333333,7.16291087962963,6.042534722222222,10.1842862654321,8.365318287037038,29.916666666666668,31.0,1179.6,84.9,True
product_category,fashion_shoes,2017-10-01,seller_order_category,16,1,0.0625,6.033606770833333,3.9517303240740738,9.930874565972223,9.96853587962963,30.5625,28.0,1860.92,199.7,True
product_category,fashion_shoes,2017-11-01,seller_order_category,17,2,0.11764705882352941,5.721421568627451,5.426527777777777,11.74165373093682,8.5484375,31.235294117647058,31.0,1777.7,284.6,True
product_category,fashion_shoes,2017-12-01,seller_order_category,12,0,0.0,3.749652777777778,3.022152777777778,12.52318962191358,10.944502314814816,32.583333333333336,32.0,1099.0,0.0,True
product_category,fashion_shoes,2018-01-01,seller_order_category,7,1,0.14285714285714285,8.822080026455026,4.26875,8.481939484126984,8.259594907407408,33.0,30.0,666.7,29.9,True
product_category,fashion_shoes,2018-02-01,seller_order_category,10,2,0.2,3.0889305555555557,1.2773726851851852,17.592784722222223,12.744722222222222,31.0,30.5,1033.7,315.8,True
product_category,fashion_shoes,2018-03-01,seller_order_category,11,2,0.18181818181818182,5.419370791245791,2.370023148148148,13.418867845117845,9.211689814814815,26.818181818181817,26.0,1252.8,229.6,True
product_category,fashion_shoes,2018-04-01,seller_order_category,11,1,0.09090909090909091,4.169492845117845,2.4856481481481483,12.27576388888889,9.035983796296296,29.545454545454547,31.0,1438.7,199.7,True
product_category,fashion_shoes,2018-05-01,seller_order_category,10,0,0.0,3.439329861111111,3.004542824074074,11.777457175925926,6.76021412037037,34.6,30.0,1582.7,0.0,True
product_category,fashion_shoes,2018-06-01,seller_order_category,10,0,0.0,3.514528935185185,2.3722337962962965,9.239173611111111,7.791712962962963,37.4,34.5,1230.58,0.0,True
product_category,fashion_shoes,2018-07-01,seller_order_category,5,0,0.0,5.10562037037037,2.446574074074074,9.430747685185185,10.703969907407407,27.8,27.0,820.19,0.0,True
product_category,fashion_shoes,2018-08-01,seller_order_category,3,0,0.0,0.7941435185185185,0.8053819444444444,5.877928240740741,6.097164351851852,20.666666666666668,17.0,471.3,0.0,True
product_category,fashion_sport,2017-03-01,seller_order_category,1,0,0.0,3.7094560185185186,3.7094560185185186,6.238657407407407,6.238657407407407,25.0,25.0,39.9,0.0,True
product_category,fashion_sport,2017-04-01,seller_order_category,4,0,0.0,3.614765625,3.61150462962963,9.09300925925926,7.016979166666667,26.0,24.0,189.78,0.0,True
product_category,fashion_sport,2017-05-01,seller_order_category,3,0,0.0,2.6933449074074076,2.3797453703703706,9.491624228395061,8.146400462962964,26.666666666666668,23.0,124.84,0.0,True
product_category,fashion_sport,2017-06-01,seller_order_category,5,0,0.0,0.7982037037037037,0.9241435185185185,4.289666666666666,4.928472222222222,20.6,22.0,495.49,0.0,True
product_category,fashion_sport,2017-07-01,seller_order_category,1,0,0.0,1.0352083333333333,1.0352083333333333,1.0317129629629629,1.0317129629629629,11.0,11.0,69.9,0.0,True
product_category,fashion_sport,2017-08-01,seller_order_category,2,0,0.0,1.5249421296296297,1.5249421296296295,12.381793981481481,12.381793981481481,26.5,26.5,265.8,0.0,True
product_category,fashion_sport,2017-09-01,seller_order_category,2,0,0.0,1.2811400462962963,1.2811400462962963,13.098130787037038,13.098130787037036,29.5,29.5,384.6,0.0,True
product_category,fashion_sport,2017-10-01,seller_order_category,1,1,1.0,9.798171296296296,9.798171296296296,10.837939814814815,10.837939814814815,13.0,13.0,59.9,59.9,True
product_category,fashion_sport,2017-11-01,seller_order_category,1,0,0.0,0.5603472222222222,0.5603472222222222,7.446087962962963,7.446087962962963,14.0,14.0,59.9,0.0,True
product_category,fashion_sport,2017-12-01,seller_order_category,1,0,0.0,1.356087962962963,1.356087962962963,14.272708333333334,14.272708333333334,35.0,35.0,59.9,0.0,True
product_category,fashion_sport,2018-01-01,seller_order_category,2,0,0.0,2.743125,2.743125,5.513680555555555,5.513680555555555,24.5,24.5,119.8,0.0,True
product_category,fashion_sport,2018-03-01,seller_order_category,1,0,0.0,0.9568981481481481,0.9568981481481481,1.0391087962962964,1.0391087962962964,11.0,11.0,89.9,0.0,True
product_category,fashion_sport,2018-04-01,seller_order_category,1,0,0.0,0.9316203703703704,0.9316203703703704,9.61513888888889,9.61513888888889,25.0,25.0,89.9,0.0,True
product_category,fashion_sport,2018-08-01,seller_order_category,1,0,0.0,0.7454861111111111,0.7454861111111111,9.489456018518519,9.489456018518519,11.0,11.0,69.9,0.0,True
product_category,fashion_underwear_beach,2017-02-01,seller_order_category,6,1,0.16666666666666666,6.528985339506173,1.961383101851852,8.532947530864197,7.412916666666667,27.833333333333332,28.0,396.97,49.98,True
product_category,fashion_underwear_beach,2017-03-01,seller_order_category,6,0,0.0,5.33585262345679,2.500005787037037,5.303566743827161,4.529241898148149,19.333333333333332,19.5,394.14,0.0,True
product_category,fashion_underwear_beach,2017-04-01,seller_order_category,3,0,0.0,4.441087962962963,3.2533796296296296,6.093456790123457,6.117453703703704,24.333333333333332,25.0,98.79,0.0,True
product_category,fashion_underwear_beach,2017-05-01,seller_order_category,6,0,0.0,1.7679320987654321,1.1967013888888889,5.8953645833333335,7.11703125,22.833333333333332,23.5,283.5,0.0,True
product_category,fashion_underwear_beach,2017-06-01,seller_order_category,1,0,0.0,6.000243055555556,6.000243055555556,5.940358796296296,5.940358796296296,28.0,28.0,3.9,0.0,True
product_category,fashion_underwear_beach,2017-07-01,seller_order_category,3,0,0.0,2.574247685185185,2.2309953703703704,5.779513888888889,6.03849537037037,21.333333333333332,20.0,274.8,0.0,True
product_category,fashion_underwear_beach,2017-08-01,seller_order_category,13,1,0.07692307692307693,1.8235238603988604,1.890925925925926,9.532607727920228,4.9775578703703705,21.923076923076923,20.0,1111.0,49.9,True
product_category,fashion_underwear_beach,2017-09-01,seller_order_category,14,0,0.0,2.4784680886243384,1.3974942129629628,9.00844990079365,7.513136574074075,22.357142857142858,21.5,1789.7,0.0,True
product_category,fashion_underwear_beach,2017-10-01,seller_order_category,3,0,0.0,2.452654320987654,2.1252430555555555,3.453425925925926,4.301597222222222,18.0,18.0,187.8,0.0,True
product_category,fashion_underwear_beach,2017-11-01,seller_order_category,10,2,0.2,3.9504930555555555,3.652181712962963,16.561025462962963,16.626331018518517,24.6,24.5,1221.6,159.8,True
product_category,fashion_underwear_beach,2017-12-01,seller_order_category,13,0,0.0,2.9015642806267805,2.444861111111111,11.659154202279202,12.702222222222222,28.307692307692307,27.0,1173.1,0.0,True
product_category,fashion_underwear_beach,2018-01-01,seller_order_category,8,0,0.0,2.0582884837962965,1.7033969907407407,9.272796585648148,7.233697916666666,26.625,22.5,754.5,0.0,True
product_category,fashion_underwear_beach,2018-02-01,seller_order_category,7,3,0.42857142857142855,8.246795634920636,7.186041666666667,15.940679563492063,13.552974537037038,24.714285714285715,24.0,399.3,179.7,True
product_category,fashion_underwear_beach,2018-03-01,seller_order_category,5,2,0.4,4.658379629629629,4.497106481481482,15.269319444444445,10.590300925925925,21.4,21.0,289.4,109.8,True
product_category,fashion_underwear_beach,2018-04-01,seller_order_category,6,1,0.16666666666666666,5.063225308641975,0.6019039351851851,6.400059799382716,6.512418981481481,22.833333333333332,24.0,359.4,79.9,True
product_category,fashion_underwear_beach,2018-05-01,seller_order_category,5,0,0.0,3.4634074074074075,5.045949074074074,8.953770833333333,5.426990740740741,24.6,25.0,207.4,0.0,True
product_category,fashion_underwear_beach,2018-06-01,seller_order_category,3,0,0.0,4.234201388888889,4.018032407407407,6.513989197530864,6.350358796296296,31.0,31.0,129.3,0.0,True
product_category,fashion_underwear_beach,2018-07-01,seller_order_category,2,1,0.5,14.961099537037038,14.961099537037036,9.99755787037037,9.99755787037037,26.0,26.0,109.8,59.9,True
product_category,fashion_underwear_beach,2018-08-01,seller_order_category,1,0,0.0,4.211620370370371,4.211620370370371,4.183912037037037,4.183912037037037,15.0,15.0,219.9,0.0,True
product_category,fixed_telephony,2017-02-01,seller_order_category,18,0,0.0,1.7493113425925926,0.9441087962962963,11.438381558641975,10.82375,32.44444444444444,32.5,759.23,0.0,True
product_category,fixed_telephony,2017-03-01,seller_order_category,14,0,0.0,2.381450892857143,1.645173611111111,6.687369378306879,5.811157407407407,24.0,20.5,1592.35,0.0,True
product_category,fixed_telephony,2017-04-01,seller_order_category,6,1,0.16666666666666666,2.183443287037037,1.4792708333333333,12.196377314814814,10.59291087962963,26.5,26.0,2998.33,349.0,True
product_category,fixed_telephony,2017-05-01,seller_order_category,9,1,0.1111111111111111,2.869465020576132,2.2378472222222223,10.934610339506174,8.069467592592593,21.666666666666668,22.0,462.33,32.99,True
product_category,fixed_telephony,2017-06-01,seller_order_category,12,0,0.0,2.730534336419753,3.0299016203703704,9.157587770061728,7.517945601851852,31.416666666666668,28.5,933.67,0.0,True
product_category,fixed_telephony,2017-07-01,seller_order_category,8,0,0.0,2.1367925347222223,1.7704513888888889,8.435172164351853,6.480219907407408,29.375,32.5,218.73,0.0,True
product_category,fixed_telephony,2017-08-01,seller_order_category,14,0,0.0,3.4920138888888888,3.3052604166666666,6.969708994708995,4.386614583333333,26.5,26.0,3343.54,0.0,True
product_category,fixed_telephony,2017-09-01,seller_order_category,6,0,0.0,2.5122685185185185,1.4138541666666664,6.472073688271605,6.689027777777778,24.5,25.0,13692.91,0.0,True
product_category,fixed_telephony,2017-10-01,seller_order_category,6,0,0.0,2.4156423611111113,1.3452662037037038,11.461857638888889,10.180931712962963,26.833333333333332,25.5,3751.88,0.0,True
product_category,fixed_telephony,2017-11-01,seller_order_category,5,1,0.2,3.6528055555555556,3.9366203703703704,14.187599537037038,12.983703703703704,24.2,27.0,943.98,577.99,True
product_category,fixed_telephony,2017-12-01,seller_order_category,5,0,0.0,3.9160555555555554,3.6638078703703703,6.917703703703704,5.277361111111111,28.6,27.0,998.77,0.0,True
product_category,fixed_telephony,2018-01-01,seller_order_category,10,2,0.2,4.318918981481482,3.467627314814815,13.206762731481481,7.922118055555555,26.4,23.0,2444.1,1406.9,True
product_category,fixed_telephony,2018-02-01,seller_order_category,9,1,0.1111111111111111,7.528360339506173,6.934907407407407,10.156386316872428,9.52962962962963,22.555555555555557,22.0,6138.67,290.0,True
product_category,fixed_telephony,2018-03-01,seller_order_category,12,2,0.16666666666666666,4.290731095679012,3.565347222222222,11.684382716049383,8.122702546296296,21.25,20.5,1930.59,194.2,True
product_category,fixed_telephony,2018-04-01,seller_order_category,10,0,0.0,2.843835648148148,2.9953356481481483,10.304408564814814,9.504311342592594,26.9,27.0,1921.94,0.0,True
product_category,fixed_telephony,2018-05-01,seller_order_category,11,1,0.09090909090909091,1.3942939814814814,0.9535416666666666,7.007758838383839,3.1072569444444444,24.0,23.0,1946.1,299.0,True
product_category,fixed_telephony,2018-06-01,seller_order_category,15,0,0.0,3.071653549382716,1.8777662037037037,6.183561728395062,5.1869097222222225,26.933333333333334,26.0,2080.32,0.0,True
product_category,fixed_telephony,2018-07-01,seller_order_category,8,0,0.0,3.5656626157407407,2.9215335648148146,5.649895833333333,5.744050925925926,23.5,23.0,9319.39,0.0,True
product_category,fixed_telephony,2018-08-01,seller_order_category,10,1,0.1,4.960166666666667,4.209224537037037,4.6480625,5.304525462962963,16.5,14.5,2724.17,109.8,True
product_category,flowers,2017-11-01,seller_order_category,6,0,0.0,4.201176697530864,4.354322916666667,7.251304012345679,6.630011574074074,21.166666666666668,23.5,187.8,0.0,True
product_category,flowers,2017-12-01,seller_order_category,2,0,0.0,3.523726851851852,3.523726851851852,17.09034722222222,17.09034722222222,30.5,30.5,82.7,0.0,True
product_category,flowers,2018-01-01,seller_order_category,7,1,0.14285714285714285,2.4142939814814817,1.5185069444444443,10.427911706349207,7.636412037037037,27.285714285714285,27.0,284.6,21.6,True
product_category,flowers,2018-02-01,seller_order_category,4,0,0.0,1.912763310185185,2.14359375,4.905575810185185,3.9424131944444447,22.25,22.5,134.48,0.0,True
product_category,flowers,2018-03-01,seller_order_category,3,0,0.0,1.8853472222222223,0.875,6.530536265432099,6.003657407407408,19.0,19.0,89.67,0.0,True
product_category,flowers,2018-04-01,seller_order_category,3,0,0.0,1.5213194444444444,1.4217824074074075,7.576481481481482,1.1795949074074075,22.666666666666668,19.0,158.4,0.0,True
product_category,flowers,2018-05-01,seller_order_category,1,0,0.0,8.95849537037037,8.95849537037037,7.905162037037037,7.905162037037037,21.0,21.0,16.4,0.0,True
product_category,flowers,2018-06-01,seller_order_category,1,0,0.0,2.1646064814814814,2.1646064814814814,4.249131944444445,4.249131944444445,24.0,24.0,108.0,0.0,True
product_category,flowers,2018-07-01,seller_order_category,2,0,0.0,2.314675925925926,2.314675925925926,7.252604166666667,7.252604166666666,19.0,19.0,47.99,0.0,True
product_category,food,2017-02-01,seller_order_category,8,1,0.125,3.4231278935185183,1.4615219907407409,11.217296006944444,9.286458333333332,36.0,38.0,715.63,15.32,True
product_category,food,2017-03-01,seller_order_category,19,1,0.05263157894736842,1.574505969785575,1.0422106481481481,12.73547697368421,8.261597222222223,24.526315789473685,23.0,2667.56,177.0,True
product_category,food,2017-04-01,seller_order_category,8,1,0.125,1.5078978587962963,1.3202141203703706,11.022531828703704,7.210978009259259,26.75,25.5,491.3,99.0,True
product_category,food,2017-05-01,seller_order_category,3,1,0.3333333333333333,0.825775462962963,0.5858101851851852,47.735841049382714,2.9174884259259257,27.0,23.0,387.9,149.9,True
product_category,food,2017-06-01,seller_order_category,1,0,0.0,3.462766203703704,3.462766203703704,6.672488425925926,6.672488425925926,24.0,24.0,149.9,0.0,True
product_category,food,2017-07-01,seller_order_category,7,0,0.0,1.1735251322751323,0.9518171296296296,7.833928571428571,7.690138888888889,23.714285714285715,22.0,584.16,0.0,True
product_category,food,2017-08-01,seller_order_category,8,0,0.0,1.4413671875,1.6044849537037038,8.329427083333334,5.919224537037037,22.125,22.5,364.5,0.0,True
product_category,food,2017-09-01,seller_order_category,13,1,0.07692307692307693,1.5351121794871796,0.9485300925925926,10.470459401709402,7.964189814814815,23.384615384615383,23.0,992.92,56.97,True
product_category,food,2017-10-01,seller_order_category,12,0,0.0,2.664754050925926,1.638894675925926,8.22647762345679,8.946493055555557,24.083333333333332,27.5,806.06,0.0,True
product_category,food,2017-11-01,seller_order_category,10,0,0.0,2.5925925925925926,1.67796875,7.7029652777777775,6.462916666666667,20.7,22.0,556.95,0.0,True
product_category,food,2017-12-01,seller_order_category,11,0,0.0,1.9391361531986533,1.1047222222222222,8.233396464646464,7.7234375,25.181818181818183,24.0,978.19,0.0,True
product_category,food,2018-01-01,seller_order_category,18,3,0.16666666666666666,3.871651234567901,1.2527777777777778,15.318137217078188,5.33953125,25.166666666666668,26.5,868.41,155.72,True
product_category,food,2018-02-01,seller_order_category,30,2,0.06666666666666667,1.9799699074074073,1.281064814814815,11.61491473765432,11.32392361111111,22.8,23.0,1933.42,55.8,True
product_category,food,2018-03-01,seller_order_category,33,6,0.18181818181818182,2.034250491021324,1.5046412037037038,9.875164842873176,8.132650462962962,17.818181818181817,19.0,1559.9,259.03,True
product_category,food,2018-04-01,seller_order_category,36,1,0.027777777777777776,1.154157986111111,0.8023148148148148,7.9758040766460905,6.067673611111111,22.5,21.0,1665.43,49.49,True
product_category,food,2018-05-01,seller_order_category,37,2,0.05405405405405406,0.9627418043043043,0.7469560185185186,6.7454235485485485,4.872881944444444,18.675675675675677,18.0,1542.93,55.8,True
product_category,food,2018-06-01,seller_order_category,24,1,0.041666666666666664,1.2699488811728394,0.6880324074074073,5.515892650462963,3.395596064814815,21.916666666666668,23.0,1371.18,50.9,True
product_category,food,2018-07-01,seller_order_category,59,1,0.01694915254237288,1.4022485853909465,0.9383159722222223,5.568238779033271,4.418622685185185,17.949152542372882,17.0,3378.17,27.9,False
product_category,food,2018-08-01,seller_order_category,102,10,0.09803921568627451,1.3076157407407407,0.8240972222222223,3.8364399305555557,3.2421238425925925,11.72549019607843,8.0,8256.18,682.87,False
product_category,food_drink,2017-03-01,seller_order_category,4,0,0.0,2.161495949074074,1.013298611111111,4.458058449074074,4.916556712962963,19.25,19.0,110.8,0.0,True
product_category,food_drink,2017-04-01,seller_order_category,2,0,0.0,3.2077372685185184,3.207737268518519,7.057523148148149,7.057523148148148,25.0,25.0,47.9,0.0,True
product_category,food_drink,2017-05-01,seller_order_category,10,0,0.0,2.744434027777778,2.3892997685185184,5.549268518518518,6.487962962962962,22.8,26.0,416.29,0.0,True
product_category,food_drink,2017-06-01,seller_order_category,2,0,0.0,0.48505787037037035,0.48505787037037035,5.6592418981481485,5.659241898148148,19.0,19.0,57.4,0.0,True
product_category,food_drink,2017-07-01,seller_order_category,7,0,0.0,2.9862929894179895,2.7534490740740742,5.3888244047619045,5.265393518518518,20.857142857142858,22.0,168.2,0.0,True
product_category,food_drink,2017-08-01,seller_order_category,12,0,0.0,1.9451167052469136,1.2076215277777778,5.892046682098766,5.589097222222222,25.083333333333332,22.5,494.81,0.0,True
product_category,food_drink,2017-09-01,seller_order_category,6,1,0.16666666666666666,3.0642168209876544,2.5700868055555555,11.041228780864197,5.067829861111111,20.333333333333332,19.0,310.86,139.96,True
product_category,food_drink,2017-10-01,seller_order_category,15,2,0.13333333333333333,2.4667538580246915,1.2773263888888888,9.145266203703704,7.074016203703704,22.8,23.0,2297.23,37.2,True
product_category,food_drink,2017-11-01,seller_order_category,28,2,0.07142857142857142,3.2311276455026454,2.097853009259259,9.823035300925925,7.818964120370371,21.857142857142858,22.0,2445.57,184.9,True
product_category,food_drink,2017-12-01,seller_order_category,18,0,0.0,2.816687091503268,2.376099537037037,10.24842013888889,9.69917824074074,27.88888888888889,26.0,1098.68,0.0,True
product_category,food_drink,2018-01-01,seller_order_category,10,0,0.0,2.5724340277777777,2.4287384259259257,10.179715277777778,8.714189814814814,29.0,29.0,341.17,0.0,True
product_category,food_drink,2018-02-01,seller_order_category,20,1,0.05,2.8168842592592593,2.8828009259259257,7.682552662037037,4.709884259259259,20.95,22.0,1059.1,54.0,True
product_category,food_drink,2018-03-01,seller_order_category,17,2,0.11764705882352941,3.045225354030501,2.9141898148148146,12.371729983660131,12.827627314814816,21.352941176470587,21.0,2350.77,759.9,True
product_category,food_drink,2018-04-01,seller_order_category,16,0,0.0,1.8249498456790123,1.265613425925926,7.357175925925926,5.724716435185185,19.9375,20.0,605.07,0.0,True
product_category,food_drink,2018-05-01,seller_order_category,15,0,0.0,2.3433163580246914,1.9559490740740741,6.223440586419753,5.015787037037037,20.2,18.0,1239.44,0.0,True
product_category,food_drink,2018-06-01,seller_order_category,9,0,0.0,2.0983166152263375,1.2363541666666666,8.246698816872428,6.324722222222222,37.44444444444444,36.0,293.85,0.0,True
product_category,food_drink,2018-07-01,seller_order_category,14,0,0.0,3.0122056878306878,3.4984027777777778,3.7803083664021164,3.548090277777778,18.428571428571427,18.5,813.73,0.0,True
product_category,food_drink,2018-08-01,seller_order_category,16,0,0.0,1.6939467592592592,1.2800405092592593,4.0857964409722225,3.4469907407407407,11.875,11.5,1028.61,0.0,True
product_category,furniture_bedroom,2017-02-01,seller_order_category,1,0,0.0,0.9871875,0.9871875,6.339467592592593,6.339467592592593,29.0,29.0,450.0,0.0,True
product_category,furniture_bedroom,2017-04-01,seller_order_category,3,1,0.3333333333333333,11.389768518518519,16.630497685185187,15.365420524691357,15.063738425925926,32.0,29.0,858.96,209.99,True
product_category,furniture_bedroom,2017-05-01,seller_order_category,6,0,0.0,2.3967226080246915,2.2401215277777777,5.645462962962963,6.254988425925926,23.833333333333332,23.5,2369.97,0.0,True
product_category,furniture_bedroom,2017-06-01,seller_order_category,2,0,0.0,3.202609953703704,3.2026099537037043,7.0096875,7.0096875,34.5,34.5,308.99,0.0,True
product_category,furniture_bedroom,2017-07-01,seller_order_category,4,0,0.0,2.7195225694444445,2.5091087962962964,14.941935763888889,16.183177083333334,25.5,27.5,1206.99,0.0,True
product_category,furniture_bedroom,2017-08-01,seller_order_category,3,0,0.0,5.872183641975308,2.6465277777777776,8.179440586419753,2.2389236111111113,21.666666666666668,24.0,618.0,0.0,True
product_category,furniture_bedroom,2017-09-01,seller_order_category,3,0,0.0,1.9553703703703704,1.606712962962963,9.792503858024691,7.952199074074074,28.666666666666668,27.0,709.6,0.0,True
product_category,furniture_bedroom,2017-10-01,seller_order_category,3,0,0.0,3.6768055555555557,0.5007060185185185,10.850270061728395,12.039456018518518,27.333333333333332,28.0,1193.9,0.0,True
product_category,furniture_bedroom,2017-11-01,seller_order_category,3,2,0.6666666666666666,4.486554783950617,4.010127314814815,19.10040509259259,19.216469907407408,23.666666666666668,24.0,873.0,363.0,True
product_category,furniture_bedroom,2017-12-01,seller_order_category,1,0,0.0,4.042592592592593,4.042592592592593,11.933634259259259,11.933634259259259,34.0,34.0,185.0,0.0,True
product_category,furniture_bedroom,2018-01-01,seller_order_category,5,0,0.0,2.863354166666667,2.8521412037037037,7.658793981481481,6.702222222222222,24.2,23.0,914.8,0.0,True
product_category,furniture_bedroom,2018-02-01,seller_order_category,6,0,0.0,2.998456790123457,2.1621875,10.820115740740741,9.13632523148148,24.166666666666668,23.0,1094.8,0.0,True
product_category,furniture_bedroom,2018-03-01,seller_order_category,6,1,0.16666666666666666,3.621905864197531,3.973668981481482,14.635775462962963,11.571435185185186,25.833333333333332,26.5,1071.8,203.0,True
product_category,furniture_bedroom,2018-04-01,seller_order_category,6,1,0.16666666666666666,3.464704861111111,3.346238425925926,13.672565586419752,11.539114583333333,28.666666666666668,29.0,1470.9,169.0,True
product_category,furniture_bedroom,2018-05-01,seller_order_category,5,0,0.0,3.8479305555555556,2.7189814814814817,8.923064814814815,7.0417708333333335,37.2,31.0,1484.98,0.0,True
product_category,furniture_bedroom,2018-06-01,seller_order_category,8,0,0.0,7.281929976851852,1.6603645833333334,6.2048553240740745,5.008506944444445,30.625,30.0,1559.99,0.0,True
product_category,furniture_bedroom,2018-07-01,seller_order_category,7,0,0.0,3.7753885582010582,4.963703703703704,5.680543981481481,5.027060185185185,19.142857142857142,18.0,1386.9,0.0,True
product_category,furniture_bedroom,2018-08-01,seller_order_category,10,1,0.1,4.032489583333334,3.4681886574074072,4.867800925925926,5.101961805555556,17.3,14.5,2197.0,190.0,True
product_category,furniture_decor,2017-02-01,seller_order_category,216,10,0.046296296296296294,3.8156251081689168,2.2608854166666665,9.414298107424553,7.22041087962963,32.9537037037037,31.0,20986.1,1113.46,False
product_category,furniture_decor,2017-03-01,seller_order_category,256,16,0.0625,3.974210521556713,2.76041087962963,10.131310012029747,7.080653935185185,24.47265625,22.0,23477.63,1267.45,False
product_category,furniture_decor,2017-04-01,seller_order_category,164,12,0.07317073170731707,4.220318429926841,2.7992476851851853,10.501408578929539,8.274832175925926,27.103658536585368,25.5,21690.42,2231.03,False
product_category,furniture_decor,2017-05-01,seller_order_category,229,9,0.039301310043668124,3.0819380482456142,2.1440104166666667,8.88323882015203,7.1053125,25.43231441048035,24.0,24028.51,1545.53,False
product_category,furniture_decor,2017-06-01,seller_order_category,178,6,0.033707865168539325,3.1590105481902357,2.126302083333333,8.7564764747191,7.216475694444444,24.808988764044944,23.0,16943.58,421.45,False
product_category,furniture_decor,2017-07-01,seller_order_category,251,6,0.02390438247011952,2.750535972222222,2.0045428240740737,8.11855644007829,6.966059027777778,23.780876494023904,23.0,24751.92,445.1,False
product_category,furniture_decor,2017-08-01,seller_order_category,326,17,0.05214723926380368,3.2132112375028403,2.207054398148148,8.411093536980232,6.829288194444445,24.34355828220859,23.0,35511.73,1728.52,False
product_category,furniture_decor,2017-09-01,seller_order_category,271,12,0.04428044280442804,3.2059524301252926,2.262071759259259,9.17844975994513,7.280567129629629,24.30258302583026,23.0,30838.69,1779.99,False
product_category,furniture_decor,2017-10-01,seller_order_category,273,11,0.040293040293040296,3.0869853140686474,2.2550694444444446,8.753912672975172,7.219953703703704,23.952380952380953,23.0,30227.51,1247.8,False
product_category,furniture_decor,2017-11-01,seller_order_category,540,87,0.16111111111111112,4.961960991083676,3.4437847222222224,11.318948302469137,8.937042824074075,23.344444444444445,23.0,63223.97,12294.48,False
product_category,furniture_decor,2017-12-01,seller_order_category,306,22,0.0718954248366013,3.132977600762527,2.3355150462962966,10.730403882231904,8.03853587962963,28.62091503267974,27.0,32011.75,4923.91,False
product_category,furniture_decor,2018-01-01,seller_order_category,473,25,0.052854122621564484,3.4754304032004404,2.7603703703703704,10.21547255500744,7.922002314814815,27.363636363636363,26.0,55438.18,3477.67,False
product_category,furniture_decor,2018-02-01,seller_order_category,339,54,0.1592920353982301,3.3145802947121163,2.5700694444444445,13.300562793619578,10.299502314814815,24.634218289085545,24.0,38646.52,5317.1,False
product_category,furniture_decor,2018-03-01,seller_order_category,434,77,0.1774193548387097,3.010110513739546,1.9030613425925926,12.782533522145417,9.88873263888889,23.587557603686637,23.0,52244.04,9205.56,False
product_category,furniture_decor,2018-04-01,seller_order_category,467,13,0.027837259100642397,2.0750213575402756,1.4665451388888888,8.496570183004204,6.887789351851852,25.218415417558887,25.0,56793.01,999.34,False
product_category,furniture_decor,2018-05-01,seller_order_category,462,33,0.07142857142857142,2.539266958424508,1.8669791666666666,8.81194027474527,6.505381944444444,23.38095238095238,22.0,54260.98,4697.11,False
product_category,furniture_decor,2018-06-01,seller_order_category,321,1,0.003115264797507788,2.6916674673887724,1.7766145833333333,6.55366662312783,5.979490740740741,29.227414330218068,29.0,42190.22,167.0,False
product_category,furniture_decor,2018-07-01,seller_order_category,347,12,0.0345821325648415,2.696389720775463,1.5151388888888888,5.987462705761317,5.093113425925926,21.394812680115272,21.0,45715.49,2855.41,False
product_category,furniture_decor,2018-08-01,seller_order_category,351,21,0.05982905982905983,2.8170082691072578,1.9985011574074074,5.4004803571428575,5.169924768518518,18.16809116809117,16.0,41380.15,2270.54,False
product_category,furniture_living_room,2017-02-01,seller_order_category,12,1,0.08333333333333333,3.247344714506173,1.9113020833333334,11.74917824074074,9.573634259259258,32.5,29.0,3791.63,329.9,True
product_category,furniture_living_room,2017-03-01,seller_order_category,17,1,0.058823529411764705,3.7735757080610024,1.8284837962962963,9.109356617647059,6.990636574074074,22.88235294117647,21.0,3324.0,429.0,True
product_category,furniture_living_room,2017-04-01,seller_order_category,11,2,0.18181818181818182,3.961624579124579,3.797025462962963,15.192164351851853,10.718715277777777,28.545454545454547,26.0,2073.34,296.94,True
product_category,furniture_living_room,2017-05-01,seller_order_category,27,5,0.18518518518518517,3.188719135802469,3.2217592592592594,14.436485339506174,10.207708333333333,26.0,25.0,4929.43,552.74,True
product_category,furniture_living_room,2017-06-01,seller_order_category,12,0,0.0,5.2091232638888885,3.8502893518518517,11.348819444444445,11.096030092592592,27.083333333333332,24.0,1713.3,0.0,True
product_category,furniture_living_room,2017-07-01,seller_order_category,26,1,0.038461538461538464,2.559292200854701,2.109739583333333,10.100793269230769,9.580063657407408,24.076923076923077,23.5,4395.12,103.97,True
product_category,furniture_living_room,2017-08-01,seller_order_category,21,0,0.0,3.976372905643739,2.7524305555555557,9.882039792768959,9.093159722222222,26.666666666666668,24.0,2478.07,0.0,True
product_category,furniture_living_room,2017-09-01,seller_order_category,11,0,0.0,3.7541487794612793,3.1103009259259258,8.676035353535353,8.99886574074074,22.363636363636363,22.0,1275.87,0.0,True
product_category,furniture_living_room,2017-10-01,seller_order_category,13,1,0.07692307692307693,4.381331908831909,4.814386574074074,12.025067663817664,8.054907407407407,27.53846153846154,24.0,1532.79,85.8,True
product_category,furniture_living_room,2017-11-01,seller_order_category,29,3,0.10344827586206896,4.534715038314176,3.274490740740741,13.829770514048532,9.120162037037037,23.655172413793103,23.0,6212.95,553.7,True
product_category,furniture_living_room,2017-12-01,seller_order_category,16,1,0.0625,5.123481626157408,2.6397743055555556,12.566945167824073,14.075810185185185,29.0,29.0,2316.01,618.9,True
product_category,furniture_living_room,2018-01-01,seller_order_category,22,1,0.045454545454545456,4.522534722222222,2.1530381944444446,8.40583228114478,7.144097222222222,33.18181818181818,27.0,2308.1,139.9,True
product_category,furniture_living_room,2018-02-01,seller_order_category,19,2,0.10526315789473684,4.845399610136452,2.9368287037037035,12.298826145224172,12.82005787037037,27.526315789473685,24.0,4402.78,1799.0,True
product_category,furniture_living_room,2018-03-01,seller_order_category,19,2,0.10526315789473684,2.015775462962963,1.8983101851851851,12.297146686159843,9.860231481481481,25.36842105263158,25.0,3521.87,149.86,True
product_category,furniture_living_room,2018-04-01,seller_order_category,24,2,0.08333333333333333,2.8497767168209878,1.681273148148148,11.780400270061728,8.92152777777778,26.583333333333332,27.0,5133.73,669.89,True
product_category,furniture_living_room,2018-05-01,seller_order_category,14,0,0.0,4.055704365079365,1.1153993055555556,9.285963955026455,6.230630787037037,30.928571428571427,26.5,2721.08,0.0,True
product_category,furniture_living_room,2018-06-01,seller_order_category,27,0,0.0,1.4777353395061728,1.6066550925925926,6.343871742112483,5.063541666666667,30.962962962962962,31.0,3541.62,0.0,True
product_category,furniture_living_room,2018-07-01,seller_order_category,49,4,0.08163265306122448,2.6830698384554768,1.9206712962962964,7.016120559334845,4.905601851851852,18.979591836734695,18.0,6779.63,348.88,True
product_category,furniture_living_room,2018-08-01,seller_order_category,39,5,0.1282051282051282,2.5684682626705655,1.2556944444444444,5.7568183479532165,5.367974537037037,16.871794871794872,16.0,5223.34,422.97,True
product_category,furniture_mattress_and_upholstery,2017-04-01,seller_order_category,1,0,0.0,4.201701388888889,4.201701388888889,2.1613078703703703,2.1613078703703703,24.0,24.0,109.4,0.0,True
product_category,furniture_mattress_and_upholstery,2017-05-01,seller_order_category,3,0,0.0,4.166913580246914,5.110150462962963,10.22233024691358,12.067349537037037,25.0,23.0,595.89,0.0,True
product_category,furniture_mattress_and_upholstery,2017-07-01,seller_order_category,1,0,0.0,1.0483333333333333,1.0483333333333333,15.1275,15.1275,22.0,22.0,109.4,0.0,True
product_category,furniture_mattress_and_upholstery,2017-08-01,seller_order_category,2,0,0.0,2.292638888888889,2.292638888888889,7.006984953703704,7.0069849537037046,19.0,19.0,509.39,0.0,True
product_category,furniture_mattress_and_upholstery,2017-09-01,seller_order_category,1,0,0.0,2.8817013888888887,2.8817013888888887,4.187789351851852,4.187789351851852,12.0,12.0,86.5,0.0,True
product_category,furniture_mattress_and_upholstery,2017-11-01,seller_order_category,2,1,0.5,4.061527777777778,4.061527777777778,27.51439236111111,27.514392361111113,29.0,29.0,334.0,249.0,True
product_category,furniture_mattress_and_upholstery,2017-12-01,seller_order_category,8,0,0.0,1.6001273148148147,1.1092187500000001,5.758884548611111,4.043923611111111,19.625,19.0,803.7,0.0,True
product_category,furniture_mattress_and_upholstery,2018-01-01,seller_order_category,9,0,0.0,3.221374742798354,2.2475,6.079754372427984,5.091539351851852,21.0,22.0,860.5,0.0,True
product_category,furniture_mattress_and_upholstery,2018-02-01,seller_order_category,5,3,0.6,2.006025462962963,1.9670023148148148,27.496541666666666,21.007719907407406,22.2,24.0,389.4,194.7,True
product_category,furniture_mattress_and_upholstery,2018-03-01,seller_order_category,4,1,0.25,1.7069270833333334,1.7551736111111111,16.126151620370372,10.426140046296297,24.25,15.5,440.0,110.0,True
product_category,furniture_mattress_and_upholstery,2018-07-01,seller_order_category,1,0,0.0,,,6.920486111111111,6.920486111111111,15.0,15.0,129.9,0.0,True
product_category,garden_tools,2017-02-01,seller_order_category,61,1,0.01639344262295082,3.148521412037037,1.621244212962963,10.302817796610169,9.25798611111111,32.90163934426229,31.0,13144.61,96.99,False
product_category,garden_tools,2017-03-01,seller_order_category,117,2,0.017094017094017096,2.4129745370370372,2.0299189814814813,8.972432830800887,6.987962962962963,25.504273504273506,24.0,23747.15,113.8,False
product_category,garden_tools,2017-04-01,seller_order_category,93,5,0.053763440860215055,2.5557422504025764,1.5032291666666668,12.16874788430904,9.79991898148148,29.0752688172043,28.0,20809.28,3122.8,False
product_category,garden_tools,2017-05-01,seller_order_category,121,4,0.03305785123966942,1.7247305169753087,1.0558391203703703,9.889958199418427,8.071342592592593,25.84297520661157,25.0,20693.46,254.1,False
product_category,garden_tools,2017-06-01,seller_order_category,99,3,0.030303030303030304,2.302082865693977,2.0959837962962964,8.903280840815563,7.92318287037037,25.717171717171716,25.0,15851.17,318.98,False
product_category,garden_tools,2017-07-01,seller_order_category,153,3,0.0196078431372549,2.944223623294347,2.118315972222222,8.733952584120068,7.836574074074074,26.026143790849673,27.0,20067.05,298.89,False
product_category,garden_tools,2017-08-01,seller_order_category,194,3,0.015463917525773196,3.186330958858343,3.121892361111111,8.314002959144712,7.013628472222223,27.52577319587629,28.0,24269.4,188.8,False
product_category,garden_tools,2017-09-01,seller_order_category,176,5,0.028409090909090908,3.428217526830808,3.2715046296296295,10.047041903409092,7.929560185185185,24.579545454545453,25.0,22507.23,359.4,False
product_category,garden_tools,2017-10-01,seller_order_category,213,10,0.046948356807511735,2.8654401408450703,2.2333680555555557,9.618685337332638,8.192083333333333,24.342723004694836,23.0,25978.74,867.9,False
product_category,garden_tools,2017-11-01,seller_order_category,430,53,0.12325581395348838,3.070123977174849,3.038431712962963,13.062230593238587,10.968616898148149,23.483720930232558,23.0,45972.18,3241.27,False
product_category,garden_tools,2017-12-01,seller_order_category,243,24,0.09876543209876543,2.82206151882335,2.461238425925926,14.551381077579638,12.790567129629629,29.11522633744856,29.0,27689.69,1875.74,False
product_category,garden_tools,2018-01-01,seller_order_category,202,9,0.04455445544554455,3.2452653399668323,3.081678240740741,11.359136872020535,9.124733796296297,27.896039603960396,27.5,27037.94,3651.37,False
product_category,garden_tools,2018-02-01,seller_order_category,229,31,0.13537117903930132,3.508006631085234,3.182673611111111,13.329411592269125,11.8440625,25.458515283842793,25.0,26838.03,4372.82,False
product_category,garden_tools,2018-03-01,seller_order_category,199,38,0.19095477386934673,3.12839033128606,2.764201388888889,13.889030278708356,12.072476851851851,23.683417085427134,22.0,27612.25,3811.72,False
product_category,garden_tools,2018-04-01,seller_order_category,232,13,0.05603448275862069,2.187006900768693,1.5014930555555557,9.429006724936142,7.045069444444444,24.810344827586206,25.0,35037.64,2995.03,False
product_category,garden_tools,2018-05-01,seller_order_category,227,14,0.06167400881057269,1.4983096168154761,0.9798726851851851,10.182122633744855,8.164421296296297,25.140969162995596,24.0,37863.18,2234.86,False
product_category,garden_tools,2018-06-01,seller_order_category,149,1,0.006711409395973154,1.6931530510545267,0.9657465277777777,6.650288074712644,6.147673611111111,27.97986577181208,27.0,18018.71,89.99,False
product_category,garden_tools,2018-07-01,seller_order_category,152,3,0.019736842105263157,1.6545065832676649,0.9595833333333333,5.880805007309942,5.478101851851852,19.980263157894736,19.0,26173.78,397.28,False
product_category,garden_tools,2018-08-01,seller_order_category,120,3,0.025,1.534715650502197,1.072361111111111,5.949671646436352,5.503402777777778,15.866666666666667,14.0,16432.34,2187.47,False
product_category,health_beauty,2017-02-01,seller_order_category,144,3,0.020833333333333332,3.0371710230195474,1.691383101851852,8.625902777777778,7.021458333333333,32.986111111111114,31.0,22838.79,267.89,False
product_category,health_beauty,2017-03-01,seller_order_category,190,8,0.042105263157894736,2.5111195175438596,1.8048090277777777,9.346751583820662,7.069074074074074,24.563157894736843,23.0,25995.25,1438.31,False
product_category,health_beauty,2017-04-01,seller_order_category,168,9,0.05357142857142857,2.8399835745176314,2.066585648148148,11.65956390542328,8.060983796296297,28.232142857142858,26.5,22935.75,2213.1,False
product_category,health_beauty,2017-05-01,seller_order_category,262,7,0.026717557251908396,2.786350941829234,1.7747916666666668,7.235902645250212,6.102777777777778,25.209923664122137,25.0,46786.02,1053.46,False
product_category,health_beauty,2017-06-01,seller_order_category,234,10,0.042735042735042736,2.844796118233618,2.0577546296296294,9.236329336815448,7.272609953703704,24.27777777777778,24.0,32029.39,1076.54,False
product_category,health_beauty,2017-07-01,seller_order_category,271,9,0.033210332103321034,2.7564319820281535,1.9879976851851853,7.725445044581619,6.7897337962962965,23.804428044280442,24.0,34896.86,699.36,False
product_category,health_beauty,2017-08-01,seller_order_category,338,14,0.04142011834319527,2.594676508053912,1.8780092592592594,8.01585569389656,6.214988425925926,23.692307692307693,23.0,49873.9,3969.6,False
product_category,health_beauty,2017-09-01,seller_order_category,356,26,0.07303370786516854,2.854372619979134,1.9036342592592592,8.905189704275905,7.057951388888889,23.21067415730337,23.0,51537.65,5384.85,False
product_category,health_beauty,2017-10-01,seller_order_category,323,12,0.03715170278637771,2.8264678290907006,1.8442013888888888,8.240692007797271,6.963576388888889,24.08359133126935,24.0,41915.72,1562.63,False
product_category,health_beauty,2017-11-01,seller_order_category,520,49,0.09423076923076923,2.922524906517094,2.6275000000000004,10.322196180555556,7.996417824074074,23.682692307692307,23.0,79120.4,7654.52,False
product_category,health_beauty,2017-12-01,seller_order_category,427,23,0.053864168618266976,2.6851310011709604,1.8600694444444443,11.106830492670657,8.85644675925926,28.686182669789225,29.0,61264.66,3718.81,False
product_category,health_beauty,2018-01-01,seller_order_category,565,33,0.0584070796460177,2.470586604445758,1.368773148148148,10.148889216650279,7.635648148148148,26.014159292035398,26.0,72470.49,5624.7,False
product_category,health_beauty,2018-02-01,seller_order_category,596,74,0.12416107382550336,2.7085159659870306,1.8607175925925925,12.463281580132985,9.936788194444444,24.280201342281877,25.0,86996.06,9393.89,False
product_category,health_beauty,2018-03-01,seller_order_category,608,144,0.23684210526315788,3.0078934233369883,2.2026562500000004,13.609725077668129,9.7925,21.526315789473685,21.0,90034.41,19491.68,False
product_category,health_beauty,2018-04-01,seller_order_category,622,33,0.05305466237942122,2.0590280156012177,1.3700694444444443,9.502531428635226,6.93880787037037,24.344051446945336,24.0,91751.04,5360.16,False
product_category,health_beauty,2018-05-01,seller_order_category,672,71,0.1056547619047619,2.272145090779786,1.2672222222222222,9.043370832643374,6.425543981481481,22.083333333333332,21.0,96460.36,7919.1,False
product_category,health_beauty,2018-06-01,seller_order_category,791,10,0.012642225031605562,1.739553895253879,1.0686111111111112,6.838872611464968,5.320949074074074,27.332490518331227,27.0,107908.82,1660.99,False
product_category,health_beauty,2018-07-01,seller_order_category,702,56,0.07977207977207977,3.665595928542357,1.86375,6.536076206489441,5.471354166666666,20.863247863247864,21.0,105813.03,6573.18,False
product_category,health_beauty,2018-08-01,seller_order_category,769,55,0.07152145643693109,2.3930827661270544,1.2903587962962964,5.235216635156099,4.577476851851852,16.80104031209363,15.0,120803.94,8865.85,False
product_category,home_appliances,2017-02-01,seller_order_category,7,0,0.0,5.824087301587301,2.0672916666666667,12.57113425925926,12.052523148148149,31.714285714285715,29.0,740.9,0.0,True
product_category,home_appliances,2017-03-01,seller_order_category,9,0,0.0,2.4637294238683127,1.060335648148148,6.294843106995885,6.915902777777778,22.666666666666668,21.0,313.3,0.0,True
product_category,home_appliances,2017-04-01,seller_order_category,9,1,0.1111111111111111,2.4517451131687245,2.0401736111111113,13.786203703703704,10.326458333333333,25.444444444444443,25.0,499.4,32.9,True
product_category,home_appliances,2017-05-01,seller_order_category,28,1,0.03571428571428571,1.6310792824074074,0.9949479166666666,9.707524388227514,8.498900462962963,24.142857142857142,23.5,1912.79,161.7,True
product_category,home_appliances,2017-06-01,seller_order_category,42,1,0.023809523809523808,2.4741611552028218,1.6588425925925925,7.248314043209876,6.949936342592593,21.5,22.5,2507.19,172.2,True
product_category,home_appliances,2017-07-01,seller_order_category,37,1,0.02702702702702703,2.9065027527527527,2.103761574074074,7.350716341341341,6.95875,22.18918918918919,22.0,3671.99,498.8,True
product_category,home_appliances,2017-08-01,seller_order_category,42,1,0.023809523809523808,2.0670031415343915,1.1855671296296295,8.333103229717812,7.0399363425925925,21.952380952380953,22.0,4587.05,11.4,True
product_category,home_appliances,2017-09-01,seller_order_category,10,0,0.0,3.1751608796296296,2.271446759259259,6.877848379629629,7.561840277777778,24.2,25.0,1820.19,0.0,True
product_category,home_appliances,2017-10-01,seller_order_category,7,0,0.0,3.7999619708994707,4.216620370370371,11.245314153439153,12.657777777777778,28.571428571428573,25.0,1951.08,0.0,True
product_category,home_appliances,2017-11-01,seller_order_category,25,3,0.12,4.307384722222222,2.093611111111111,9.004607407407407,7.058391203703704,24.44,22.0,4515.94,187.99,True
product_category,home_appliances,2017-12-01,seller_order_category,16,1,0.0625,5.519507378472222,2.0524247685185184,12.144744646990741,9.819785879629631,31.875,33.0,1331.0,209.0,True
product_category,home_appliances,2018-01-01,seller_order_category,26,0,0.0,5.317983885327635,3.3029166666666665,7.54258457977208,7.440630787037037,32.65384615384615,31.0,1795.05,0.0,True
product_category,home_appliances,2018-02-01,seller_order_category,47,2,0.0425531914893617,3.001537874310481,2.093148148148148,10.763943311662727,10.020520833333332,30.72340425531915,29.0,5583.74,126.28,True
product_category,home_appliances,2018-03-01,seller_order_category,70,3,0.04285714285714286,2.37220916005291,1.7708449074074073,11.211165178571429,8.51822337962963,31.485714285714284,32.0,9876.59,137.4,False
product_category,home_appliances,2018-04-01,seller_order_category,104,6,0.057692307692307696,2.52577183875795,1.6991898148148148,8.242931356837607,6.083061342592593,20.221153846153847,19.5,15124.25,2129.85,False
product_category,home_appliances,2018-05-01,seller_order_category,63,5,0.07936507936507936,2.2957366338112304,1.6738773148148147,8.303624889770724,6.361342592592592,21.285714285714285,20.0,6149.67,370.54,False
product_category,home_appliances,2018-06-01,seller_order_category,65,1,0.015384615384615385,2.3658906611689816,1.7657581018518518,7.054360398860399,6.1219675925925925,29.06153846153846,27.0,5916.37,29.9,False
product_category,home_appliances,2018-07-01,seller_order_category,78,1,0.01282051282051282,2.2214717842842844,1.7980902777777779,5.486129807692308,4.899751157407407,18.102564102564102,17.0,5290.63,90.0,False
product_category,home_appliances,2018-08-01,seller_order_category,62,6,0.0967741935483871,2.52926419247116,1.8031365740740741,6.238278498785671,6.103287037037037,16.677419354838708,16.0,6584.4,350.87,False
product_category,home_appliances_2,2017-02-01,seller_order_category,1,0,0.0,2.4818402777777777,2.4818402777777777,1.9490277777777778,1.9490277777777778,27.0,27.0,15.99,0.0,True
product_category,home_appliances_2,2017-03-01,seller_order_category,2,1,0.5,3.00625,3.0062500000000005,93.62862847222222,93.62862847222222,24.0,24.0,500.9,487.0,True
product_category,home_appliances_2,2017-04-01,seller_order_category,2,1,0.5,3.7374074074074075,3.7374074074074075,22.117181712962964,22.117181712962964,29.5,29.5,799.8,399.9,True
product_category,home_appliances_2,2017-05-01,seller_order_category,7,0,0.0,2.4531001984126983,1.861724537037037,6.624465939153439,5.8573611111111115,20.428571428571427,23.0,3093.04,0.0,True
product_category,home_appliances_2,2017-06-01,seller_order_category,6,0,0.0,1.4367013888888889,0.9620949074074074,9.69543788580247,9.650902777777777,27.0,25.5,1213.87,0.0,True
product_category,home_appliances_2,2017-07-01,seller_order_category,7,0,0.0,6.606903108465609,6.099560185185185,10.417002314814814,11.27863425925926,24.285714285714285,24.0,1033.99,0.0,True
product_category,home_appliances_2,2017-08-01,seller_order_category,15,0,0.0,5.804505401234568,5.183391203703704,8.319378086419754,6.089548611111111,23.866666666666667,25.0,4004.55,0.0,True
product_category,home_appliances_2,2017-09-01,seller_order_category,6,0,0.0,7.623759645061728,8.23943287037037,10.359363425925926,9.879010416666667,29.666666666666668,31.0,1627.8,0.0,True
product_category,home_appliances_2,2017-10-01,seller_order_category,9,2,0.2222222222222222,9.031694958847737,5.019872685185185,9.01946244855967,8.215868055555555,23.77777777777778,27.0,2803.17,726.99,True
product_category,home_appliances_2,2017-11-01,seller_order_category,13,3,0.23076923076923078,6.01360844017094,2.984085648148148,12.318833689458689,8.193090277777777,24.923076923076923,25.0,4854.93,1182.29,True
product_category,home_appliances_2,2017-12-01,seller_order_category,8,1,0.125,1.8659693287037038,1.6190972222222222,14.145138888888889,9.324050925925926,27.625,26.5,1990.16,223.9,True
product_category,home_appliances_2,2018-01-01,seller_order_category,12,0,0.0,4.192366898148148,3.728229166666667,9.768864776234567,9.952609953703703,32.166666666666664,33.5,8630.1,0.0,True
product_category,home_appliances_2,2018-02-01,seller_order_category,21,2,0.09523809523809523,3.375566550925926,2.4178703703703706,13.192781635802469,7.062708333333333,27.19047619047619,25.0,8998.83,437.98,True
product_category,home_appliances_2,2018-03-01,seller_order_category,12,1,0.08333333333333333,5.166963734567902,5.394635416666667,9.834165702160494,7.946834490740741,26.75,26.0,5648.2,39.9,True
product_category,home_appliances_2,2018-04-01,seller_order_category,23,0,0.0,3.660542975040258,2.8380092592592594,6.039194343800322,4.530196759259259,25.652173913043477,25.0,20741.69,0.0,True
product_category,home_appliances_2,2018-05-01,seller_order_category,23,1,0.043478260869565216,3.474045390499195,2.947824074074074,6.57727958937198,6.0630092592592595,25.956521739130434,25.0,14441.24,1079.9,True
product_category,home_appliances_2,2018-06-01,seller_order_category,18,0,0.0,2.5227829218106996,1.4363946759259258,5.081678883744856,4.937586805555556,29.38888888888889,29.5,8312.72,0.0,True
product_category,home_appliances_2,2018-07-01,seller_order_category,22,1,0.045454545454545456,3.6703787294238683,3.4630381944444446,6.2497183641975305,6.242881944444444,25.318181818181817,24.5,12597.32,388.35,True
product_category,home_appliances_2,2018-08-01,seller_order_category,14,1,0.07142857142857142,4.8253116732804235,3.6033622685185183,4.766326884920635,4.293616898148148,16.5,17.0,9882.76,2350.0,True
product_category,home_comfort_2,2017-03-01,seller_order_category,3,0,0.0,1.9721064814814815,1.5250115740740742,8.170081018518518,4.9679166666666665,23.666666666666668,25.0,342.88,0.0,True
product_category,home_comfort_2,2017-04-01,seller_order_category,1,0,0.0,0.18747685185185184,0.18747685185185184,16.65096064814815,16.65096064814815,21.0,21.0,12.9,0.0,True
product_category,home_comfort_2,2017-06-01,seller_order_category,1,0,0.0,0.4769675925925926,0.4769675925925926,9.06425925925926,9.06425925925926,25.0,25.0,12.9,0.0,True
product_category,home_comfort_2,2017-07-01,seller_order_category,1,0,0.0,3.496261574074074,3.496261574074074,13.483148148148148,13.483148148148148,23.0,23.0,12.9,0.0,True
product_category,home_comfort_2,2017-08-01,seller_order_category,2,0,0.0,1.0337962962962963,1.0337962962962963,2.9020717592592593,2.9020717592592593,21.5,21.5,38.7,0.0,True
product_category,home_comfort_2,2017-09-01,seller_order_category,1,1,1.0,2.6400694444444444,2.6400694444444444,32.028252314814814,32.028252314814814,25.0,25.0,12.9,12.9,True
product_category,home_comfort_2,2017-10-01,seller_order_category,3,0,0.0,1.7215856481481482,1.038113425925926,9.544772376543209,8.244594907407407,22.666666666666668,22.0,64.5,0.0,True
product_category,home_comfort_2,2017-11-01,seller_order_category,3,0,0.0,4.647496141975308,1.755659722222222,13.196439043209876,9.425162037037037,22.0,22.0,38.7,0.0,True
product_category,home_comfort_2,2018-02-01,seller_order_category,2,2,1.0,1.6762326388888888,1.676232638888889,35.18654513888889,35.18654513888889,24.5,24.5,38.7,38.7,True
product_category,home_comfort_2,2018-03-01,seller_order_category,1,0,0.0,0.5132060185185185,0.5132060185185185,4.170613425925926,4.170613425925926,10.0,10.0,34.99,0.0,True
product_category,home_comfort_2,2018-04-01,seller_order_category,1,0,0.0,0.564675925925926,0.564675925925926,9.951458333333333,9.951458333333333,27.0,27.0,12.9,0.0,True
product_category,home_comfort_2,2018-06-01,seller_order_category,1,0,0.0,0.17092592592592593,0.17092592592592593,7.431018518518519,7.431018518518519,26.0,26.0,25.8,0.0,True
product_category,home_comfort_2,2018-07-01,seller_order_category,2,0,0.0,1.8258506944444446,1.8258506944444446,8.701857638888889,8.701857638888889,20.5,20.5,38.7,0.0,True
product_category,home_confort,2017-02-01,seller_order_category,3,0,0.0,1.4625771604938271,1.587650462962963,10.323568672839507,7.972777777777778,30.666666666666668,32.0,414.66,0.0,True
product_category,home_confort,2017-03-01,seller_order_category,12,3,0.25,2.2447048611111113,1.597326388888889,30.9490055941358,11.515034722222222,28.583333333333332,28.5,2123.4,187.7,True
product_category,home_confort,2017-04-01,seller_order_category,16,0,0.0,2.2932624421296297,1.316568287037037,9.28005714699074,8.05175925925926,25.9375,26.0,2411.1,0.0,True
product_category,home_confort,2017-05-01,seller_order_category,32,2,0.0625,2.982658420138889,2.134074074074074,8.104605758101853,7.082511574074074,25.0,25.5,5293.87,269.7,True
product_category,home_confort,2017-06-01,seller_order_category,17,0,0.0,2.7265617766203705,2.047065972222222,8.527867476851851,7.645381944444445,22.764705882352942,22.0,3056.19,0.0,True
product_category,home_confort,2017-07-01,seller_order_category,36,0,0.0,2.3053086419753086,2.0927777777777776,8.568304398148149,7.769884259259259,21.77777777777778,20.0,4563.85,0.0,True
product_category,home_confort,2017-08-01,seller_order_category,24,0,0.0,2.9352088155864196,2.6353935185185184,7.938103864734299,7.196157407407408,24.041666666666668,23.0,4000.19,0.0,True
product_category,home_confort,2017-09-01,seller_order_category,26,2,0.07692307692307693,2.798452314814815,2.8977430555555554,10.400784366096866,9.406967592592594,23.884615384615383,24.0,4592.34,447.9,True
product_category,home_confort,2017-10-01,seller_order_category,26,1,0.038461538461538464,2.7046581196581196,2.884809027777778,6.7426424501424504,6.442818287037037,19.384615384615383,19.5,3619.8,229.0,True
product_category,home_confort,2017-11-01,seller_order_category,40,13,0.325,3.4145986689814816,3.478020833333334,17.252444155092594,14.736533564814813,23.325,23.0,5355.39,1672.0,True
product_category,home_confort,2017-12-01,seller_order_category,14,1,0.07142857142857142,3.8527364417989416,3.3076041666666667,10.954907407407408,8.359322916666667,26.285714285714285,25.0,2257.8,199.9,True
product_category,home_confort,2018-01-01,seller_order_category,18,0,0.0,2.3853613683127572,1.6857754629629629,11.247010673868314,9.460538194444446,27.72222222222222,26.5,3020.16,0.0,True
product_category,home_confort,2018-02-01,seller_order_category,20,1,0.05,1.3454496527777777,1.1147974537037038,12.08099363425926,10.877633101851853,25.0,25.0,3012.76,319.98,True
product_category,home_confort,2018-03-01,seller_order_category,21,10,0.47619047619047616,2.1746230158730158,1.7943171296296296,20.083392857142858,17.06483796296296,21.285714285714285,21.0,2522.38,1140.19,True
product_category,home_confort,2018-04-01,seller_order_category,15,1,0.06666666666666667,1.9301134259259258,1.7939814814814814,8.968111111111112,7.681909722222223,23.866666666666667,24.0,1939.4,86.9,True
product_category,home_confort,2018-05-01,seller_order_category,18,1,0.05555555555555555,1.4473109567901234,0.8618055555555555,10.141798482510287,6.613287037037037,24.22222222222222,21.0,2776.6,89.9,True
product_category,home_confort,2018-06-01,seller_order_category,16,0,0.0,1.5580309606481482,1.3557002314814814,6.428441116898148,6.0095370370370365,24.0,22.5,2386.49,0.0,True
product_category,home_confort,2018-07-01,seller_order_category,23,1,0.043478260869565216,1.3154698021885523,0.7660763888888888,7.720324074074074,7.203946759259259,21.0,19.0,2984.38,44.9,True
product_category,home_confort,2018-08-01,seller_order_category,15,1,0.06666666666666667,1.3585381054131054,0.5490393518518518,6.213416832010582,7.149467592592593,16.133333333333333,17.0,2241.28,149.99,True
product_category,home_construction,2017-02-01,seller_order_category,3,0,0.0,3.62945987654321,3.7069328703703706,9.356890432098766,7.887546296296296,29.0,29.0,695.6,0.0,True
product_category,home_construction,2017-03-01,seller_order_category,5,0,0.0,3.52605787037037,3.736412037037037,12.774858796296297,14.914340277777777,22.4,21.0,591.96,0.0,True
product_category,home_construction,2017-04-01,seller_order_category,5,0,0.0,1.2352453703703703,0.9996064814814815,11.188592592592592,11.713958333333334,25.8,26.0,1602.69,0.0,True
product_category,home_construction,2017-05-01,seller_order_category,5,0,0.0,0.40280787037037036,0.2146412037037037,7.420199074074074,6.960497685185185,23.0,21.0,1620.5,0.0,True
product_category,home_construction,2017-06-01,seller_order_category,4,0,0.0,1.251027199074074,1.2679803240740741,8.732135416666667,8.57654513888889,22.5,22.5,1992.3,0.0,True
product_category,home_construction,2017-07-01,seller_order_category,1,0,0.0,1.3211921296296296,1.3211921296296296,10.060115740740741,10.060115740740741,22.0,22.0,93.6,0.0,True
product_category,home_construction,2017-08-01,seller_order_category,1,0,0.0,0.928125,0.928125,10.966469907407408,10.966469907407408,23.0,23.0,124.8,0.0,True
product_category,home_construction,2017-09-01,seller_order_category,9,0,0.0,2.641658950617284,2.7555555555555555,7.0059323559670785,7.063159722222222,23.333333333333332,23.0,1357.81,0.0,True
product_category,home_construction,2017-10-01,seller_order_category,15,1,0.06666666666666667,3.697550925925926,2.1914699074074075,9.4528125,9.12111111111111,25.2,24.0,4201.17,660.45,True
product_category,home_construction,2017-11-01,seller_order_category,33,2,0.06060606060606061,3.078315446127946,2.062210648148148,10.587863355780023,9.115648148148148,24.848484848484848,26.0,4936.72,148.8,True
product_category,home_construction,2017-12-01,seller_order_category,29,2,0.06896551724137931,4.2709957694763725,3.536724537037037,10.741206497445722,7.355844907407407,28.896551724137932,29.0,6735.3,695.0,True
product_category,home_construction,2018-01-01,seller_order_category,28,4,0.14285714285714285,5.2159391534391535,3.5755902777777777,17.11743716931217,10.42181712962963,26.214285714285715,25.0,5827.58,818.2,True
product_category,home_construction,2018-02-01,seller_order_category,31,3,0.0967741935483871,2.3408583482676226,1.3531365740740742,13.186083482676224,11.54005787037037,25.096774193548388,24.0,5303.9,631.0,True
product_category,home_construction,2018-03-01,seller_order_category,33,7,0.21212121212121213,2.835055415263749,2.2766203703703702,11.96574354657688,7.098587962962963,22.151515151515152,20.0,5639.51,1123.8,True
product_category,home_construction,2018-04-01,seller_order_category,58,4,0.06896551724137931,2.635829184136967,1.5361458333333333,8.188020035121328,5.779415509259259,22.53448275862069,21.5,9318.5,1173.63,False
product_category,home_construction,2018-05-01,seller_order_category,64,2,0.03125,4.123459563078704,3.2282465277777774,7.328821614583333,6.319172453703704,25.3125,23.0,10155.28,232.35,False
product_category,home_construction,2018-06-01,seller_order_category,61,0,0.0,5.728876745598057,5.529756944444444,6.721562879477839,6.101435185185185,31.885245901639344,31.0,9094.59,0.0,False
product_category,home_construction,2018-07-01,seller_order_category,57,2,0.03508771929824561,5.459147449336129,3.6567708333333333,6.921110284391534,6.239114583333333,23.19298245614035,24.0,6780.15,159.8,False
product_category,home_construction,2018-08-01,seller_order_category,44,2,0.045454545454545456,6.388122308354866,4.562893518518519,5.27436158459596,5.084398148148148,19.045454545454547,16.5,7016.16,159.8,True
product_category,housewares,2017-02-01,seller_order_category,61,2,0.03278688524590164,3.0233667052469135,2.103425925925926,11.318854166666666,7.00949074074074,30.311475409836067,29.0,12659.67,69.89,False
product_category,housewares,2017-03-01,seller_order_category,170,11,0.06470588235294118,3.0268103213507627,1.6930266203703703,9.825796296296296,6.997164351851852,23.94705882352941,23.0,13511.81,990.54,False
product_category,housewares,2017-04-01,seller_order_category,135,8,0.05925925925925926,3.62869578460039,1.9834027777777778,10.659284293552812,8.355034722222221,28.607407407407408,26.0,15028.84,692.65,False
product_category,housewares,2017-05-01,seller_order_category,261,2,0.007662835249042145,2.473379673974741,1.5406828703703703,7.291346494962395,6.307546296296296,25.1455938697318,23.0,21726.48,239.8,False
product_category,housewares,2017-06-01,seller_order_category,282,7,0.024822695035460994,2.788173184265826,1.7802546296296295,8.127699098699763,7.075914351851852,23.180851063829788,23.0,23623.71,593.76,False
product_category,housewares,2017-07-01,seller_order_category,223,5,0.02242152466367713,3.1356036487400645,2.2336342592592593,7.3045652882996635,6.343310185185185,22.713004484304932,22.0,20874.3,511.59,False
product_category,housewares,2017-08-01,seller_order_category,248,5,0.020161290322580645,2.580387871490442,1.782795138888889,6.8446507159994,6.086712962962963,22.717741935483872,23.0,23733.94,555.32,False
product_category,housewares,2017-09-01,seller_order_category,219,5,0.0228310502283105,2.7348620136765205,2.030196759259259,7.277757113563335,6.824409722222223,22.730593607305938,22.0,20313.26,373.6,False
product_category,housewares,2017-10-01,seller_order_category,189,7,0.037037037037037035,3.1311713085439936,1.9638425925925926,6.837030117087988,6.07125,22.486772486772487,23.0,15996.63,1048.49,False
product_category,housewares,2017-11-01,seller_order_category,347,32,0.09221902017291066,3.307414878855801,2.411388888888889,9.32393071565802,7.776284722222222,21.80979827089337,22.0,34855.32,2363.02,False
product_category,housewares,2017-12-01,seller_order_category,245,15,0.061224489795918366,3.6073940854119426,2.210648148148148,9.984821334089192,8.649236111111112,28.281632653061223,27.0,25921.95,1788.94,False
product_category,housewares,2018-01-01,seller_order_category,318,19,0.059748427672955975,3.891094503233392,2.5265046296296294,9.475445274283718,7.176736111111111,26.99056603773585,26.0,38078.31,3439.0,False
product_category,housewares,2018-02-01,seller_order_category,335,42,0.1253731343283582,3.3880602336992682,2.390601851851852,12.564929069928137,10.033229166666667,25.01194029850746,25.0,35448.56,5990.19,False
product_category,housewares,2018-03-01,seller_order_category,325,52,0.16,2.401820762108262,1.6859143518518518,11.860565277777777,8.175671296296297,22.22153846153846,22.0,37514.44,6911.47,False
product_category,housewares,2018-04-01,seller_order_category,413,23,0.05569007263922518,2.591323628917379,1.6707407407407406,8.02446736785329,6.206435185185185,23.27360774818402,23.0,45405.96,2465.94,False
product_category,housewares,2018-05-01,seller_order_category,495,25,0.050505050505050504,1.828217994963266,0.9948611111111111,7.97227207977208,6.239907407407408,22.628282828282828,21.0,63003.57,4365.56,False
product_category,housewares,2018-06-01,seller_order_category,472,6,0.012711864406779662,2.090999779541446,1.200636574074074,6.1143845257837794,5.155451388888889,27.59957627118644,27.0,56825.45,688.22,False
product_category,housewares,2018-07-01,seller_order_category,468,10,0.021367521367521368,2.2386297719113912,1.1178819444444443,5.429118119855967,5.150115740740741,19.27777777777778,18.0,63409.14,2893.45,False
product_category,housewares,2018-08-01,seller_order_category,555,31,0.055855855855855854,2.032970671894219,1.1319386574074075,4.556532466545012,4.243391203703704,15.077477477477478,14.0,60202.67,2419.98,False
product_category,industry_commerce_and_business,2017-02-01,seller_order_category,1,0,0.0,2.814722222222222,2.814722222222222,8.242824074074074,8.242824074074074,36.0,36.0,119.0,0.0,True
product_category,industry_commerce_and_business,2017-03-01,seller_order_category,2,0,0.0,0.9153935185185185,0.9153935185185185,8.045052083333333,8.045052083333333,37.0,37.0,238.0,0.0,True
product_category,industry_commerce_and_business,2017-05-01,seller_order_category,2,0,0.0,1.2404108796296296,1.2404108796296298,5.119513888888889,5.119513888888889,22.0,22.0,519.8,0.0,True
product_category,industry_commerce_and_business,2017-06-01,seller_order_category,2,0,0.0,1.8326562499999999,1.83265625,6.009288194444444,6.009288194444444,24.0,24.0,276.97,0.0,True
product_category,industry_commerce_and_business,2017-07-01,seller_order_category,2,0,0.0,1.6344675925925927,1.6344675925925924,12.479224537037037,12.479224537037036,30.0,30.0,245.96,0.0,True
product_category,industry_commerce_and_business,2017-08-01,seller_order_category,3,0,0.0,8.081697530864197,2.294375,4.895617283950617,6.750787037037037,43.333333333333336,37.0,956.9,0.0,True
product_category,industry_commerce_and_business,2017-09-01,seller_order_category,2,0,0.0,0.9890682870370371,0.9890682870370371,9.04279513888889,9.042795138888888,25.0,25.0,219.98,0.0,True
product_category,industry_commerce_and_business,2017-10-01,seller_order_category,5,0,0.0,4.481782407407407,2.6491435185185184,8.27807638888889,9.12494212962963,29.0,32.0,2256.69,0.0,True
product_category,industry_commerce_and_business,2017-11-01,seller_order_category,6,0,0.0,2.355954861111111,2.0196354166666666,11.46669174382716,12.208119212962963,24.0,23.5,2074.77,0.0,True
product_category,industry_commerce_and_business,2017-12-01,seller_order_category,9,1,0.1111111111111111,2.3448739711934157,1.5816550925925925,11.255363940329218,8.209097222222223,27.333333333333332,27.0,1828.5,179.9,True
product_category,industry_commerce_and_business,2018-01-01,seller_order_category,15,0,0.0,3.359682098765432,3.3669444444444445,9.021876543209876,8.782372685185186,27.6,28.0,3662.0,0.0,True
product_category,industry_commerce_and_business,2018-02-01,seller_order_category,30,4,0.13333333333333333,2.9811979166666664,2.4220254629629627,13.014257330246913,10.710590277777778,23.833333333333332,24.0,4735.59,879.4,True
product_category,industry_commerce_and_business,2018-03-01,seller_order_category,26,5,0.19230769230769232,3.3977087784900286,3.326533564814815,10.745848468660968,6.071383101851852,21.03846153846154,20.5,2922.45,563.0,True
product_category,industry_commerce_and_business,2018-04-01,seller_order_category,48,3,0.0625,2.520596193415638,1.9522569444444444,6.237681327160494,4.069872685185185,20.416666666666668,19.0,5690.61,379.0,True
product_category,industry_commerce_and_business,2018-05-01,seller_order_category,34,2,0.058823529411764705,1.354758347362514,0.8520486111111111,6.047823393246188,4.959033564814815,20.705882352941178,19.0,3890.99,184.0,True
product_category,industry_commerce_and_business,2018-06-01,seller_order_category,20,0,0.0,1.2076325231481482,0.9392650462962964,6.442533503898636,6.430127314814815,28.142857142857142,26.0,2609.9,0.0,True
product_category,industry_commerce_and_business,2018-07-01,seller_order_category,13,0,0.0,0.8392256944444445,0.7944039351851853,6.298718839031339,6.112939814814815,16.846153846153847,19.0,4697.21,0.0,True
product_category,industry_commerce_and_business,2018-08-01,seller_order_category,9,1,0.1111111111111111,0.8427147633744856,0.8641550925925926,3.5200861625514404,3.322835648148148,7.555555555555555,7.0,2364.69,120.0,True
product_category,kitchen_dining_laundry_garden_furniture,2017-02-01,seller_order_category,2,0,0.0,3.165491898148148,3.165491898148148,16.437708333333333,16.437708333333333,31.0,31.0,139.9,0.0,True
product_category,kitchen_dining_laundry_garden_furniture,2017-03-01,seller_order_category,3,0,0.0,1.4398070987654321,1.7410185185185185,6.743001543209877,7.187662037037037,26.0,26.0,113.98,0.0,True
product_category,kitchen_dining_laundry_garden_furniture,2017-04-01,seller_order_category,8,0,0.0,4.9183550347222225,6.18212962962963,13.6446484375,16.779809027777777,35.875,38.0,1033.4,0.0,True
product_category,kitchen_dining_laundry_garden_furniture,2017-05-01,seller_order_category,9,0,0.0,5.471850565843622,5.867789351851852,11.09482896090535,12.965983796296296,30.77777777777778,33.0,1304.48,0.0,True
product_category,kitchen_dining_laundry_garden_furniture,2017-06-01,seller_order_category,4,0,0.0,7.093660300925926,5.203987268518519,12.024091435185186,11.44763888888889,36.75,34.5,374.8,0.0,True
product_category,kitchen_dining_laundry_garden_furniture,2017-07-01,seller_order_category,9,0,0.0,3.3949871399176956,3.620300925925926,7.264897119341564,8.199282407407408,21.666666666666668,23.0,1316.5,0.0,True
product_category,kitchen_dining_laundry_garden_furniture,2017-08-01,seller_order_category,7,0,0.0,3.5348908730158732,2.6658217592592592,3.3086441798941797,2.1781828703703705,16.857142857142858,16.0,1006.2,0.0,True
product_category,kitchen_dining_laundry_garden_furniture,2017-09-01,seller_order_category,4,0,0.0,3.759212962962963,3.104612268518519,6.519071180555556,8.027650462962963,21.25,22.5,464.09,0.0,True
product_category,kitchen_dining_laundry_garden_furniture,2017-10-01,seller_order_category,14,1,0.07142857142857142,3.303546626984127,2.0126736111111114,9.338711144179895,8.596666666666668,27.928571428571427,30.0,3428.6,145.0,True
product_category,kitchen_dining_laundry_garden_furniture,2017-11-01,seller_order_category,28,3,0.10714285714285714,4.2168307705026455,2.762650462962963,11.07955150462963,10.796927083333333,22.607142857142858,22.0,5007.39,556.9,True
product_category,kitchen_dining_laundry_garden_furniture,2017-12-01,seller_order_category,16,1,0.0625,2.6422844328703703,2.2649479166666664,9.853682002314814,7.744843749999999,28.1875,28.0,4277.3,340.0,True
product_category,kitchen_dining_laundry_garden_furniture,2018-01-01,seller_order_category,20,1,0.05,3.471278935185185,3.5874537037037038,12.090766782407407,7.762094907407407,27.95,28.0,4838.5,140.0,True
product_category,kitchen_dining_laundry_garden_furniture,2018-02-01,seller_order_category,16,2,0.125,2.7311552372685184,1.750306712962963,12.218719618055555,8.281614583333333,26.25,28.0,4750.16,1459.0,True
product_category,kitchen_dining_laundry_garden_furniture,2018-03-01,seller_order_category,12,3,0.25,5.814735725308642,4.400399305555555,10.321672453703703,7.054820601851851,22.75,22.5,2842.66,933.0,True
product_category,kitchen_dining_laundry_garden_furniture,2018-04-01,seller_order_category,18,0,0.0,1.638755787037037,1.829380787037037,4.816546424897119,4.072442129629629,23.333333333333332,25.0,3165.47,0.0,True
product_category,kitchen_dining_laundry_garden_furniture,2018-05-01,seller_order_category,10,0,0.0,1.851829861111111,1.431724537037037,5.2862534722222225,4.146487268518518,19.8,16.5,2310.09,0.0,True
product_category,kitchen_dining_laundry_garden_furniture,2018-06-01,seller_order_category,21,0,0.0,2.9146963183421515,1.6833680555555557,5.1407638888888885,3.267013888888889,27.285714285714285,25.0,3667.43,0.0,True
product_category,kitchen_dining_laundry_garden_furniture,2018-07-01,seller_order_category,20,0,0.0,1.489681712962963,0.7404340277777778,4.5302320601851855,5.380740740740741,17.05,13.5,3875.95,0.0,True
product_category,kitchen_dining_laundry_garden_furniture,2018-08-01,seller_order_category,19,0,0.0,1.4529982943469786,1.1220833333333333,3.6052333089668616,3.210891203703704,11.210526315789474,13.0,2156.47,0.0,True
product_category,la_cuisine,2017-04-01,seller_order_category,1,0,0.0,1.1378703703703703,1.1378703703703703,6.117847222222222,6.117847222222222,25.0,25.0,24.0,0.0,True
product_category,la_cuisine,2017-05-01,seller_order_category,1,0,0.0,1.8023958333333332,1.8023958333333332,4.9927777777777775,4.9927777777777775,25.0,25.0,193.0,0.0,True
product_category,la_cuisine,2017-07-01,seller_order_category,4,0,0.0,1.5329976851851852,1.8863310185185185,6.280671296296297,7.086209490740741,23.5,23.0,469.99,0.0,True
product_category,la_cuisine,2017-08-01,seller_order_category,2,0,0.0,1.4988136574074074,1.4988136574074074,5.221811342592592,5.221811342592593,23.0,23.0,313.0,0.0,True
product_category,la_cuisine,2017-10-01,seller_order_category,1,0,0.0,0.4100925925925926,0.4100925925925926,4.234791666666666,4.234791666666666,28.0,28.0,137.0,0.0,True
product_category,la_cuisine,2017-11-01,seller_order_category,1,0,0.0,0.9351851851851852,0.9351851851851852,13.12306712962963,13.12306712962963,27.0,27.0,137.0,0.0,True
product_category,la_cuisine,2018-01-01,seller_order_category,1,0,0.0,0.9489004629629629,0.9489004629629629,7.907835648148148,7.907835648148148,29.0,29.0,112.0,0.0,True
product_category,la_cuisine,2018-03-01,seller_order_category,1,0,0.0,1.9690740740740742,1.9690740740740742,4.121041666666667,4.121041666666667,18.0,18.0,389.0,0.0,True
product_category,la_cuisine,2018-04-01,seller_order_category,1,0,0.0,0.901099537037037,0.901099537037037,4.964722222222222,4.964722222222222,22.0,22.0,280.0,0.0,True
product_category,luggage_accessories,2017-02-01,seller_order_category,19,0,0.0,1.3171107456140352,0.8517361111111111,8.994697855750488,7.2069675925925925,29.57894736842105,29.0,1694.18,0.0,True
product_category,luggage_accessories,2017-03-01,seller_order_category,35,1,0.02857142857142857,2.068008597883598,1.594085648148148,8.593730158730159,6.036076388888889,22.428571428571427,21.0,5924.01,249.99,True
product_category,luggage_accessories,2017-04-01,seller_order_category,46,2,0.043478260869565216,1.764478160225443,0.9575231481481481,9.641656602254429,8.05539351851852,25.782608695652176,24.0,7150.2,369.8,True
product_category,luggage_accessories,2017-05-01,seller_order_category,64,1,0.015625,1.5481541160300927,0.9538310185185185,7.685954499421296,6.95916087962963,22.265625,23.0,12539.62,259.9,False
product_category,luggage_accessories,2017-06-01,seller_order_category,59,2,0.03389830508474576,1.630570268361582,0.9955902777777778,10.373978735091024,9.697453703703705,24.93220338983051,24.0,8232.09,362.8,False
product_category,luggage_accessories,2017-07-01,seller_order_category,72,5,0.06944444444444445,1.6511958269032923,1.1963136574074074,10.839492991255144,8.00488425925926,23.083333333333332,22.0,8357.61,504.5,False
product_category,luggage_accessories,2017-08-01,seller_order_category,57,2,0.03508771929824561,1.165061931448993,0.9467592592592593,9.51443287037037,7.933263888888889,23.50877192982456,23.0,6833.1,394.8,False
product_category,luggage_accessories,2017-09-01,seller_order_category,41,2,0.04878048780487805,1.5028980352303523,0.9895486111111111,8.19931656504065,6.983310185185185,21.75609756097561,22.0,3885.38,173.8,True
product_category,luggage_accessories,2017-10-01,seller_order_category,52,0,0.0,2.2906797542735045,1.1433506944444445,8.213102297008547,7.089641203703704,25.942307692307693,26.5,6240.34,0.0,False
product_category,luggage_accessories,2017-11-01,seller_order_category,64,2,0.03125,2.128982024016204,1.9539756944444444,9.681002785011573,8.391394675925927,22.984375,24.0,8538.95,277.8,False
product_category,luggage_accessories,2017-12-01,seller_order_category,44,1,0.022727272727272728,2.4438544297138045,1.600138888888889,10.572818550084175,9.514311342592592,28.045454545454547,28.0,6248.21,34.99,True
product_category,luggage_accessories,2018-01-01,seller_order_category,121,7,0.05785123966942149,1.9772154308233854,1.351701388888889,8.63697620140802,6.762337962962963,25.322314049586776,25.0,18738.22,1172.48,False
product_category,luggage_accessories,2018-02-01,seller_order_category,43,5,0.11627906976744186,2.342678994401378,1.618460648148148,12.283414082687338,10.840844907407407,25.86046511627907,26.0,6604.35,572.95,True
product_category,luggage_accessories,2018-03-01,seller_order_category,51,6,0.11764705882352941,1.4744417211328975,1.0627199074074074,10.55197054284677,8.154525462962964,21.58823529411765,20.0,5911.77,398.75,False
product_category,luggage_accessories,2018-04-01,seller_order_category,53,2,0.03773584905660377,1.1620417159180456,0.8589930555555556,8.723579882948986,6.954861111111111,23.32075471698113,23.0,8680.48,299.98,False
product_category,luggage_accessories,2018-05-01,seller_order_category,44,2,0.045454545454545456,1.0748512308039746,0.5216550925925926,7.627739109848485,6.312349537037036,21.454545454545453,20.0,6618.46,69.53,True
product_category,luggage_accessories,2018-06-01,seller_order_category,36,0,0.0,1.1131849128540305,0.766082175925926,6.706471269063181,6.215295138888889,29.22222222222222,29.0,5070.88,0.0,True
product_category,luggage_accessories,2018-07-01,seller_order_category,53,1,0.018867924528301886,1.4757877314814816,0.8223611111111111,6.163553694625999,5.185393518518518,18.943396226415093,19.0,5821.72,83.0,False
product_category,luggage_accessories,2018-08-01,seller_order_category,62,2,0.03225806451612903,1.3294484953703705,0.7837731481481481,5.085125964506173,4.3937789351851855,14.016129032258064,13.0,6847.91,255.0,False
product_category,market_place,2017-02-01,seller_order_category,17,0,0.0,2.0389249727668846,1.4320023148148149,10.639616013071896,7.34556712962963,39.411764705882355,31.0,1688.22,0.0,True
product_category,market_place,2017-03-01,seller_order_category,17,1,0.058823529411764705,2.0090005446623094,1.647164351851852,8.553837826797386,6.105810185185185,21.294117647058822,21.0,1808.59,48.99,True
product_category,market_place,2017-04-01,seller_order_category,19,0,0.0,4.243950414230019,3.9628587962962962,9.403831018518519,8.012905092592593,25.842105263157894,26.0,4090.18,0.0,True
product_category,market_place,2017-05-01,seller_order_category,21,0,0.0,2.539736000881834,1.5273263888888888,6.056793430335097,6.0918981481481485,26.523809523809526,23.0,2476.98,0.0,True
product_category,market_place,2017-06-01,seller_order_category,15,1,0.06666666666666667,2.8129537037037036,2.044085648148148,6.6955679012345675,5.8853125,20.866666666666667,22.0,1258.95,257.57,True
product_category,market_place,2017-07-01,seller_order_category,13,0,0.0,2.5457914886039887,1.850150462962963,10.914198495370371,7.958726851851852,25.307692307692307,24.0,1573.38,0.0,True
product_category,market_place,2017-08-01,seller_order_category,22,0,0.0,2.882624684343434,2.23650462962963,8.64505787037037,7.107517361111111,25.59090909090909,23.0,1937.39,0.0,True
product_category,market_place,2017-09-01,seller_order_category,11,0,0.0,3.5065909090909093,3.169351851851852,7.114477062289562,8.684930555555555,20.90909090909091,20.0,1147.21,0.0,True
product_category,market_place,2017-10-01,seller_order_category,10,1,0.1,4.955153935185185,3.9914351851851855,6.957376157407407,5.2549016203703705,25.9,26.0,1019.54,27.93,True
product_category,market_place,2017-11-01,seller_order_category,11,0,0.0,4.787022306397306,5.107708333333333,11.421914983164983,7.798877314814815,27.181818181818183,25.0,1355.98,0.0,True
product_category,market_place,2017-12-01,seller_order_category,13,0,0.0,3.4925302706552706,2.2628472222222222,8.315628561253561,5.8378125,25.384615384615383,24.0,703.25,0.0,True
product_category,market_place,2018-01-01,seller_order_category,12,0,0.0,3.054704861111111,2.094542824074074,4.699815779320987,2.117071759259259,23.75,20.5,818.72,0.0,True
product_category,market_place,2018-02-01,seller_order_category,20,2,0.1,2.6079895833333335,2.219149305555556,12.778171875,10.382569444444446,25.9,26.5,1920.92,199.8,True
product_category,market_place,2018-03-01,seller_order_category,16,4,0.25,3.9315632233796296,3.970208333333334,12.322329282407408,8.572586805555556,21.9375,20.5,1548.74,366.72,True
product_category,market_place,2018-04-01,seller_order_category,15,0,0.0,2.8044262566137568,2.3705381944444444,6.8672816358024695,6.1940625,23.866666666666667,23.0,627.23,0.0,True
product_category,market_place,2018-05-01,seller_order_category,13,1,0.07692307692307693,1.35988603988604,1.1872569444444443,8.000582264957265,5.5857523148148145,24.46153846153846,25.0,957.45,32.99,True
product_category,market_place,2018-06-01,seller_order_category,7,0,0.0,4.700719246031746,5.997939814814814,7.049955357142857,7.041342592592593,27.285714285714285,26.0,556.46,0.0,True
product_category,market_place,2018-07-01,seller_order_category,4,0,0.0,3.3134953703703705,2.3284953703703706,3.9844010416666666,4.357465277777777,18.5,19.5,186.78,0.0,True
product_category,market_place,2018-08-01,seller_order_category,8,1,0.125,4.96564525462963,3.0925868055555554,5.382294560185185,4.633668981481481,20.75,18.0,949.27,59.99,True
product_category,music,2017-03-01,seller_order_category,1,0,0.0,1.4919907407407407,1.4919907407407407,5.964375,5.964375,21.0,21.0,27.99,0.0,True
product_category,music,2017-04-01,seller_order_category,2,0,0.0,2.0600983796296295,2.0600983796296295,6.525914351851852,6.525914351851852,28.5,28.5,59.8,0.0,True
product_category,music,2017-06-01,seller_order_category,4,1,0.25,8.110040509259258,1.1745717592592593,9.917821180555556,11.704265046296296,26.0,25.0,1066.9,79.9,True
product_category,music,2017-07-01,seller_order_category,1,0,0.0,3.041145833333333,3.041145833333333,10.390289351851852,10.390289351851852,27.0,27.0,329.0,0.0,True
product_category,music,2017-10-01,seller_order_category,1,0,0.0,0.8128240740740741,0.8128240740740741,7.078842592592593,7.078842592592593,21.0,21.0,54.9,0.0,True
product_category,music,2018-01-01,seller_order_category,1,0,0.0,5.986516203703704,5.986516203703704,0.5791319444444445,0.5791319444444445,30.0,30.0,24.97,0.0,True
product_category,music,2018-02-01,seller_order_category,2,0,0.0,2.6397511574074075,2.6397511574074075,9.505138888888888,9.505138888888888,25.0,25.0,244.97,0.0,True
product_category,music,2018-03-01,seller_order_category,2,0,0.0,4.8622858796296295,4.8622858796296295,11.982766203703704,11.982766203703704,26.0,26.0,323.97,0.0,True
product_category,music,2018-04-01,seller_order_category,5,1,0.2,0.6903148148148148,0.45101851851851854,15.633282407407407,10.515625,26.6,27.0,1696.86,149.9,True
product_category,music,2018-05-01,seller_order_category,5,0,0.0,1.3456944444444445,1.5163078703703703,7.689256944444445,2.6010532407407405,29.8,31.0,729.0,0.0,True
product_category,music,2018-06-01,seller_order_category,3,0,0.0,1.6900385802469136,2.1041666666666665,5.5920756172839505,7.208784722222222,29.666666666666668,30.0,109.08,0.0,True
product_category,music,2018-07-01,seller_order_category,3,0,0.0,2.598402777777778,2.3783449074074072,4.075590277777778,4.949837962962963,21.0,22.0,849.3,0.0,True
product_category,music,2018-08-01,seller_order_category,6,0,0.0,3.4363966049382717,2.0352430555555556,5.485869984567901,4.864346064814814,18.333333333333332,14.0,497.81,0.0,True
product_category,musical_instruments,2017-02-01,seller_order_category,8,0,0.0,2.2919502314814815,2.5397800925925926,10.121929976851852,10.340775462962963,30.625,30.0,2221.28,0.0,True
product_category,musical_instruments,2017-03-01,seller_order_category,9,2,0.2222222222222222,3.2974704218106994,1.717523148148148,32.084299125514406,8.05005787037037,27.22222222222222,29.0,1667.33,447.89,True
product_category,musical_instruments,2017-04-01,seller_order_category,16,2,0.125,3.0936827256944444,2.2414641203703702,11.157603443287037,10.759311342592593,28.375,24.0,3818.43,283.67,True
product_category,musical_instruments,2017-05-01,seller_order_category,18,0,0.0,1.9538400205761317,1.307939814814815,6.252989326131687,6.049357638888889,26.333333333333332,26.5,10019.43,0.0,True
product_category,musical_instruments,2017-06-01,seller_order_category,17,1,0.058823529411764705,3.270994008714597,2.8564351851851852,10.241549564270153,7.2033101851851855,24.647058823529413,23.0,4993.05,379.99,True
product_category,musical_instruments,2017-07-01,seller_order_category,26,2,0.07692307692307693,3.388625356125356,1.667193287037037,8.669237001424502,7.0944212962962965,23.615384615384617,24.0,8411.59,491.9,True
product_category,musical_instruments,2017-08-01,seller_order_category,23,1,0.043478260869565216,3.161077395330113,1.5052777777777777,10.064262781803542,8.78949074074074,25.652173913043477,23.0,7185.55,310.0,True
product_category,musical_instruments,2017-09-01,seller_order_category,22,0,0.0,2.359219802188552,2.1039930555555557,8.263098695286196,7.449756944444445,23.40909090909091,23.0,9034.97,0.0,True
product_category,musical_instruments,2017-10-01,seller_order_category,19,1,0.05263157894736842,4.906346856725146,1.7224305555555557,8.602838084795321,6.892789351851852,24.263157894736842,25.0,6859.16,48.0,True
product_category,musical_instruments,2017-11-01,seller_order_category,41,4,0.0975609756097561,3.549010840108401,2.9555671296296295,11.406797651309846,8.938784722222222,24.70731707317073,25.0,16509.9,3145.9,True
product_category,musical_instruments,2017-12-01,seller_order_category,41,8,0.1951219512195122,4.708845133242999,2.2187847222222223,13.688431571815718,10.862025462962963,28.048780487804876,29.0,10823.5,2652.58,True
product_category,musical_instruments,2018-01-01,seller_order_category,49,2,0.04081632653061224,3.0903044690098262,2.182939814814815,9.88522793839758,6.995127314814815,26.918367346938776,28.0,15405.58,2156.9,True
product_category,musical_instruments,2018-02-01,seller_order_category,39,7,0.1794871794871795,3.2505611942070276,1.8956018518518518,13.856163936372269,13.09667824074074,25.205128205128204,25.0,9015.73,2226.0,True
product_category,musical_instruments,2018-03-01,seller_order_category,51,7,0.13725490196078433,2.836964415395788,2.264988425925926,11.773934050472041,9.659039351851852,23.41176470588235,23.0,10822.2,2484.47,False
product_category,musical_instruments,2018-04-01,seller_order_category,58,1,0.017241379310344827,1.999459595959596,1.5170023148148148,7.5574946120689654,6.038113425925927,23.862068965517242,23.5,19375.31,169.0,False
product_category,musical_instruments,2018-05-01,seller_order_category,59,3,0.05084745762711865,2.06090936302682,1.7148784722222221,7.74403436302682,6.716527777777777,23.576271186440678,22.0,18757.07,204.8,False
product_category,musical_instruments,2018-06-01,seller_order_category,47,1,0.02127659574468085,1.9115248226950354,1.6693981481481481,6.8882976260835305,4.242789351851852,28.48936170212766,29.0,16177.92,247.9,True
product_category,musical_instruments,2018-07-01,seller_order_category,32,1,0.03125,2.300780864197531,1.711568287037037,6.928054108796296,6.13828125,20.03125,20.5,9541.8,28.0,True
product_category,musical_instruments,2018-08-01,seller_order_category,39,3,0.07692307692307693,3.0445809591642923,2.446342592592593,4.862410968660969,3.9843402777777777,14.794871794871796,12.0,10519.34,488.18,True
product_category,office_furniture,2017-02-01,seller_order_category,52,1,0.019230769230769232,9.489399483618234,9.610815972222223,7.218449074074074,5.3285532407407405,37.98076923076923,38.0,11805.98,169.99,False
product_category,office_furniture,2017-03-01,seller_order_category,58,4,0.06896551724137931,7.587159961685824,6.771614583333333,15.319074074074074,7.042199074074074,32.62068965517241,31.0,11783.51,706.53,False
product_category,office_furniture,2017-04-01,seller_order_category,48,4,0.08333333333333333,9.948532744984568,9.465121527777779,8.53240017361111,6.663362268518519,31.9375,31.5,9411.3,1304.97,True
product_category,office_furniture,2017-05-01,seller_order_category,42,2,0.047619047619047616,8.298396164021163,8.056793981481482,8.363446869488536,6.955763888888889,28.976190476190474,28.5,8403.43,542.99,True
product_category,office_furniture,2017-06-01,seller_order_category,45,1,0.022222222222222223,5.157124228395062,4.8526388888888885,9.373634773662552,8.288738425925926,29.333333333333332,31.0,7279.13,146.99,True
product_category,office_furniture,2017-07-01,seller_order_category,97,5,0.05154639175257732,7.883812643184421,8.117418981481482,8.298068094135802,6.868333333333333,26.814432989690722,28.0,16892.61,771.56,False
product_category,office_furniture,2017-08-01,seller_order_category,46,2,0.043478260869565216,7.31555152979066,7.937922453703704,8.213927888486312,8.003431712962962,27.73913043478261,28.0,9877.36,226.59,True
product_category,office_furniture,2017-09-01,seller_order_category,36,5,0.1388888888888889,7.082184606481482,6.9801620370370365,8.763781185699589,6.979253472222222,24.77777777777778,24.0,9208.65,786.92,True
product_category,office_furniture,2017-10-01,seller_order_category,69,5,0.07246376811594203,8.848555085882984,9.329976851851852,9.025316861245303,6.917037037037037,26.594202898550723,26.0,17890.83,1581.89,False
product_category,office_furniture,2017-11-01,seller_order_category,75,19,0.25333333333333335,9.831234722222222,10.053449074074074,13.510296759259258,11.368287037037037,27.48,27.0,18048.2,3660.49,False
product_category,office_furniture,2017-12-01,seller_order_category,38,5,0.13157894736842105,12.738937317251462,10.993582175925926,15.159369212962963,12.294652777777777,38.73684210526316,37.5,6964.36,869.86,True
product_category,office_furniture,2018-01-01,seller_order_category,104,7,0.0673076923076923,14.878931401353276,14.054340277777778,14.351825476317664,11.814097222222221,47.28846153846154,45.5,20113.41,1806.8,False
product_category,office_furniture,2018-02-01,seller_order_category,70,9,0.12857142857142856,8.398082671957672,7.413344907407407,15.966274801587302,12.755127314814814,36.1,37.0,17774.78,2320.38,False
product_category,office_furniture,2018-03-01,seller_order_category,149,12,0.08053691275167785,10.856065047849864,11.598923611111111,10.889091707059409,7.948194444444445,32.87919463087248,34.0,31301.62,2902.39,False
product_category,office_furniture,2018-04-01,seller_order_category,87,5,0.05747126436781609,9.010484749455337,10.959247685185185,7.990481321839081,5.581701388888889,28.701149425287355,27.0,20194.72,1233.77,False
product_category,office_furniture,2018-05-01,seller_order_category,82,5,0.06097560975609756,10.76184535907859,13.049814814814814,8.918751693766938,7.031643518518519,30.475609756097562,30.0,21005.86,735.71,False
product_category,office_furniture,2018-06-01,seller_order_category,60,1,0.016666666666666666,10.680885710922787,10.655358796296296,7.37025,6.097314814814815,38.8,37.5,12725.58,144.9,False
product_category,office_furniture,2018-07-01,seller_order_category,62,7,0.11290322580645161,14.073560763888889,16.98650462962963,5.1996425104540025,4.733553240740741,30.629032258064516,31.0,13775.27,1318.6,False
product_category,office_furniture,2018-08-01,seller_order_category,24,2,0.08333333333333333,7.8894102044753085,4.651921296296297,4.46512393904321,4.706012731481481,20.75,21.0,6758.87,519.84,True
product_category,party_supplies,2017-07-01,seller_order_category,1,0,0.0,2.7177546296296295,2.7177546296296295,3.325578703703704,3.325578703703704,20.0,20.0,69.9,0.0,True
product_category,party_supplies,2017-09-01,seller_order_category,1,0,0.0,2.657233796296296,2.657233796296296,7.932974537037037,7.932974537037037,29.0,29.0,269.8,0.0,True
product_category,party_supplies,2017-10-01,seller_order_category,2,0,0.0,1.1795543981481482,1.1795543981481482,2.7325694444444446,2.7325694444444446,15.5,15.5,137.8,0.0,True
product_category,party_supplies,2017-11-01,seller_order_category,3,0,0.0,1.8264120370370371,0.9640856481481481,8.918043981481482,7.056770833333333,25.333333333333332,31.0,870.69,0.0,True
product_category,party_supplies,2017-12-01,seller_order_category,2,0,0.0,0.8618923611111111,0.8618923611111111,7.41369212962963,7.41369212962963,34.5,34.5,515.2,0.0,True
product_category,party_supplies,2018-01-01,seller_order_category,2,0,0.0,1.922193287037037,1.922193287037037,13.662633101851853,13.662633101851853,29.0,29.0,135.8,0.0,True
product_category,party_supplies,2018-03-01,seller_order_category,5,0,0.0,2.4801319444444445,3.3457291666666666,13.273039351851851,14.871840277777778,29.2,31.0,913.9,0.0,True
product_category,party_supplies,2018-04-01,seller_order_category,1,0,0.0,1.904965277777778,1.904965277777778,8.955891203703704,8.955891203703704,30.0,30.0,43.8,0.0,True
product_category,party_supplies,2018-05-01,seller_order_category,3,0,0.0,0.7017978395061728,0.7775347222222222,5.818070987654321,8.225543981481481,32.333333333333336,28.0,100.7,0.0,True
product_category,party_supplies,2018-06-01,seller_order_category,2,0,0.0,1.2653125,1.2653125,4.2959606481481485,4.295960648148148,25.0,25.0,84.8,0.0,True
product_category,party_supplies,2018-07-01,seller_order_category,2,0,0.0,1.2368402777777778,1.2368402777777778,5.6493518518518515,5.649351851851852,14.5,14.5,57.5,0.0,True
product_category,party_supplies,2018-08-01,seller_order_category,14,0,0.0,1.7295791997354497,1.5630324074074073,4.250862268518518,3.613466435185185,18.714285714285715,19.0,1285.29,0.0,True
product_category,pc_gamer,2017-04-01,seller_order_category,2,0,0.0,1.2833391203703703,1.2833391203703703,11.1765625,11.1765625,22.0,22.0,259.98,0.0,True
product_category,pc_gamer,2017-05-01,seller_order_category,1,0,0.0,5.9373148148148145,5.9373148148148145,1.922951388888889,1.922951388888889,13.0,13.0,129.99,0.0,True
product_category,pc_gamer,2017-06-01,seller_order_category,1,0,0.0,2.700509259259259,2.700509259259259,10.694097222222222,10.694097222222222,35.0,35.0,129.99,0.0,True
product_category,pc_gamer,2018-02-01,seller_order_category,1,0,0.0,1.1365393518518518,1.1365393518518518,9.968935185185185,9.968935185185185,27.0,27.0,129.99,0.0,True
product_category,pc_gamer,2018-07-01,seller_order_category,1,0,0.0,1.4915625,1.4915625,1.314826388888889,1.314826388888889,5.0,5.0,677.0,0.0,True
product_category,pc_gamer,2018-08-01,seller_order_category,1,0,0.0,1.1454050925925927,1.1454050925925927,7.247847222222222,7.247847222222222,24.0,24.0,219.0,0.0,True
product_category,perfumery,2017-02-01,seller_order_category,47,2,0.0425531914893617,3.844837716706068,2.5684027777777776,8.440490051221435,7.029085648148148,32.659574468085104,33.0,8127.18,189.89,True
product_category,perfumery,2017-03-01,seller_order_category,103,3,0.02912621359223301,3.095871539014743,1.9021180555555557,8.291828816073355,6.280439814814815,24.805825242718445,23.0,19808.13,577.79,False
product_category,perfumery,2017-04-01,seller_order_category,97,11,0.1134020618556701,3.087515392325315,1.7007175925925926,11.6708581519664,8.86054398148148,26.567010309278352,26.0,19891.11,2642.99,False
product_category,perfumery,2017-05-01,seller_order_category,132,7,0.05303030303030303,2.452076231060606,1.202025462962963,8.047431607744107,6.300949074074074,24.015151515151516,24.0,20119.04,1129.87,False
product_category,perfumery,2017-06-01,seller_order_category,142,4,0.028169014084507043,2.0597038830203442,1.3473668981481481,10.447363067292645,8.412465277777777,25.154929577464788,25.0,24438.1,696.8,False
product_category,perfumery,2017-07-01,seller_order_category,115,7,0.06086956521739131,2.689458735909823,1.8653819444444444,9.899215076489533,7.2130324074074075,25.11304347826087,24.0,12910.02,1078.8,False
product_category,perfumery,2017-08-01,seller_order_category,117,4,0.03418803418803419,2.355855789015511,1.6792361111111112,8.180380460588793,6.48068287037037,24.162393162393162,23.0,13142.09,313.47,False
product_category,perfumery,2017-09-01,seller_order_category,138,8,0.057971014492753624,2.466462135036496,1.852789351851852,8.397699946323135,6.762974537037037,22.55072463768116,23.0,14744.87,963.36,False
product_category,perfumery,2017-10-01,seller_order_category,176,6,0.03409090909090909,2.740111663510101,1.6404687500000001,7.894430174137206,6.316319444444444,23.619318181818183,23.0,16984.62,1151.78,False
product_category,perfumery,2017-11-01,seller_order_category,287,28,0.0975609756097561,2.810330163569493,2.409247685185185,10.597458785004516,8.402685185185184,23.372822299651567,23.0,31831.81,2933.88,False
product_category,perfumery,2017-12-01,seller_order_category,225,9,0.04,3.254137551440329,2.032939814814815,10.516486162551441,8.100462962962963,29.38222222222222,30.0,27864.43,1691.62,False
product_category,perfumery,2018-01-01,seller_order_category,207,17,0.0821256038647343,1.9836801641617463,1.5396527777777778,10.767796061460011,7.366979166666667,26.52657004830918,26.0,20036.89,1214.82,False
product_category,perfumery,2018-02-01,seller_order_category,195,20,0.10256410256410256,2.557561032359679,1.8275520833333334,11.381640432098765,9.019976851851851,24.01025641025641,24.0,20632.7,2053.12,False
product_category,perfumery,2018-03-01,seller_order_category,183,37,0.20218579234972678,2.334755932503542,1.9565162037037036,12.842847222222222,8.604131944444445,21.42622950819672,21.0,20473.25,4075.3,False
product_category,perfumery,2018-04-01,seller_order_category,161,3,0.018633540372670808,2.24653442505005,1.3392534722222222,7.031380406027145,5.579849537037037,23.795031055900623,24.0,17790.31,317.4,False
product_category,perfumery,2018-05-01,seller_order_category,180,15,0.08333333333333333,2.791393738361266,1.8493287037037036,7.828741062242798,6.008969907407407,21.744444444444444,20.0,24757.7,2597.9,False
product_category,perfumery,2018-06-01,seller_order_category,169,3,0.01775147928994083,2.7827721640053227,1.1647337962962963,6.575368247315363,6.133125,28.035502958579883,27.0,27335.86,648.8,False
product_category,perfumery,2018-07-01,seller_order_category,169,3,0.01775147928994083,1.7838195253820255,1.0886458333333333,5.363526599824676,4.867222222222222,18.692307692307693,18.0,22417.77,174.8,False
product_category,perfumery,2018-08-01,seller_order_category,205,15,0.07317073170731707,1.7897124069535222,1.1114930555555556,4.8516157971996385,4.285173611111111,15.06829268292683,14.0,25017.69,2355.25,False
product_category,pet_shop,2017-02-01,seller_order_category,36,0,0.0,1.7390461033950617,1.134994212962963,10.817276785714286,8.827476851851852,30.22222222222222,29.0,3729.07,0.0,True
product_category,pet_shop,2017-03-01,seller_order_category,40,1,0.025,1.9386018518518517,1.7097048611111112,8.170477430555556,6.1607870370370375,22.975,21.0,8369.96,897.0,True
product_category,pet_shop,2017-04-01,seller_order_category,46,4,0.08695652173913043,3.0697199577294687,1.5484317129629628,12.853615136876007,11.347332175925926,27.782608695652176,26.0,6182.89,480.7,True
product_category,pet_shop,2017-05-01,seller_order_category,66,3,0.045454545454545456,2.5289834401709403,1.9097453703703704,8.844678381032548,7.3446238425925925,24.424242424242426,24.5,8151.02,216.79,False
product_category,pet_shop,2017-06-01,seller_order_category,61,2,0.03278688524590164,2.6035101700060714,1.7899537037037037,7.007615740740741,6.120254629629629,23.75409836065574,23.0,5243.57,354.5,False
product_category,pet_shop,2017-07-01,seller_order_category,76,2,0.02631578947368421,2.7246194632132132,2.0519502314814817,8.812466666666667,7.290289351851852,25.592105263157894,24.5,6605.87,299.8,False
product_category,pet_shop,2017-08-01,seller_order_category,79,0,0.0,2.337692510548523,1.3948148148148147,6.740470434833568,6.100405092592593,24.59493670886076,24.0,10500.79,0.0,False
product_category,pet_shop,2017-09-01,seller_order_category,62,2,0.03225806451612903,2.136564366786141,1.3213715277777778,7.585989023297491,6.220381944444444,21.548387096774192,21.0,8534.92,204.9,False
product_category,pet_shop,2017-10-01,seller_order_category,66,4,0.06060606060606061,3.3663706509539844,1.8477893518518518,7.94482077721661,6.011591435185185,22.924242424242426,23.5,8243.58,341.74,False
product_category,pet_shop,2017-11-01,seller_order_category,82,6,0.07317073170731707,3.5046245483288168,2.6788078703703704,9.982512138663052,8.833506944444444,23.536585365853657,23.5,11325.68,923.79,False
product_category,pet_shop,2017-12-01,seller_order_category,69,7,0.10144927536231885,3.6375571994095544,3.044976851851852,11.740545994363929,8.987094907407407,28.463768115942027,27.0,7227.23,531.68,False
product_category,pet_shop,2018-01-01,seller_order_category,78,1,0.01282051282051282,2.4633190883190883,1.8815451388888889,10.389891084995252,8.594438657407407,27.641025641025642,28.0,10885.96,129.99,False
product_category,pet_shop,2018-02-01,seller_order_category,87,9,0.10344827586206896,3.322423903788846,2.9907291666666667,10.696713362068966,9.253252314814814,25.413793103448278,25.0,9595.03,857.09,False
product_category,pet_shop,2018-03-01,seller_order_category,108,21,0.19444444444444445,3.7284293552812073,2.3152951388888887,12.615212941529492,9.288958333333333,23.62037037037037,23.0,13643.69,2506.6,False
product_category,pet_shop,2018-04-01,seller_order_category,153,7,0.0457516339869281,2.8206356292517007,1.946574074074074,8.362805010893247,6.981365740740741,23.718954248366014,23.0,18778.3,791.6,False
product_category,pet_shop,2018-05-01,seller_order_category,127,5,0.03937007874015748,2.1613140675123943,1.3944212962962963,7.264559820647419,5.177372685185185,21.19685039370079,20.0,11708.46,643.68,False
product_category,pet_shop,2018-06-01,seller_order_category,155,1,0.0064516129032258064,2.715080252023547,1.7580787037037038,5.938329274891775,5.073859953703703,28.322580645161292,28.0,19491.78,299.9,False
product_category,pet_shop,2018-07-01,seller_order_category,138,2,0.014492753623188406,3.1419938639035863,1.974079861111111,5.326175103998927,5.019623842592592,19.695652173913043,20.0,19583.74,249.0,False
product_category,pet_shop,2018-08-01,seller_order_category,168,9,0.05357142857142857,2.728529953980927,1.8251736111111112,4.408711812486139,3.9447800925925924,15.607142857142858,13.0,24857.07,1291.84,False
product_category,portateis_cozinha_e_preparadores_de_alimentos,2018-05-01,seller_order_category,2,0,0.0,0.4034027777777778,0.40340277777777783,12.647650462962963,12.647650462962963,31.0,31.0,1958.0,0.0,True
product_category,portateis_cozinha_e_preparadores_de_alimentos,2018-07-01,seller_order_category,7,1,0.14285714285714285,1.6290294312169311,1.1492476851851852,5.804092261904762,6.552476851851852,13.0,10.0,172.03,21.52,True
product_category,portateis_cozinha_e_preparadores_de_alimentos,2018-08-01,seller_order_category,4,0,0.0,1.145865162037037,0.7548090277777777,4.96037037037037,4.242540509259259,20.25,17.0,1838.5,0.0,True
product_category,security_and_services,2017-09-01,seller_order_category,1,0,0.0,0.6784375,0.6784375,8.910949074074074,8.910949074074074,24.0,24.0,100.0,0.0,True
product_category,signaling_and_security,2017-03-01,seller_order_category,1,0,0.0,0.818599537037037,0.818599537037037,13.057349537037037,13.057349537037037,32.0,32.0,75.0,0.0,True
product_category,signaling_and_security,2017-04-01,seller_order_category,3,0,0.0,1.1603742283950618,1.2782060185185184,11.175327932098766,6.1581828703703705,41.333333333333336,42.0,128.06,0.0,True
product_category,signaling_and_security,2017-05-01,seller_order_category,3,0,0.0,1.0139506172839505,0.4403125,10.667989969135803,10.953622685185184,35.333333333333336,31.0,508.85,0.0,True
product_category,signaling_and_security,2017-06-01,seller_order_category,1,0,0.0,0.5693171296296297,0.5693171296296297,8.717939814814814,8.717939814814814,25.0,25.0,273.9,0.0,True
product_category,signaling_and_security,2017-07-01,seller_order_category,4,0,0.0,1.4537876157407408,1.1410821759259258,4.250422453703703,4.579137731481481,19.25,20.0,530.19,0.0,True
product_category,signaling_and_security,2017-08-01,seller_order_category,4,1,0.25,5.126090856481482,2.8735185185185186,7.746565393518519,6.0845370370370375,19.5,20.5,377.8,129.0,True
product_category,signaling_and_security,2017-09-01,seller_order_category,5,0,0.0,1.6468842592592592,0.6209953703703703,8.760604166666667,8.074270833333333,19.6,20.0,438.4,0.0,True
product_category,signaling_and_security,2017-10-01,seller_order_category,7,1,0.14285714285714285,4.443574735449736,2.213553240740741,9.235051256613756,5.657939814814815,22.142857142857142,22.0,744.0,116.0,True
product_category,signaling_and_security,2017-11-01,seller_order_category,3,0,0.0,4.102719907407407,5.6551273148148145,7.832106481481482,6.267824074074074,19.0,20.0,596.79,0.0,True
product_category,signaling_and_security,2017-12-01,seller_order_category,2,0,0.0,1.949814814814815,1.9498148148148147,5.913194444444445,5.913194444444445,23.5,23.5,770.0,0.0,True
product_category,signaling_and_security,2018-01-01,seller_order_category,7,1,0.14285714285714285,3.728505291005291,2.3485069444444444,5.693622685185185,5.860393518518518,21.285714285714285,18.0,1048.79,420.0,True
product_category,signaling_and_security,2018-02-01,seller_order_category,10,1,0.1,2.834619212962963,2.6773090277777776,8.34178587962963,11.321423611111111,19.9,19.5,715.79,60.0,True
product_category,signaling_and_security,2018-03-01,seller_order_category,7,2,0.2857142857142857,3.597161044973545,3.130821759259259,27.561130952380953,16.22300925925926,24.285714285714285,24.0,921.9,239.97,True
product_category,signaling_and_security,2018-04-01,seller_order_category,23,0,0.0,2.3886392195767194,1.3779398148148148,6.576393417874396,4.0372106481481485,24.52173913043478,21.0,2222.3,0.0,True
product_category,signaling_and_security,2018-05-01,seller_order_category,6,0,0.0,1.005144675925926,0.8520833333333333,8.148501157407408,7.102268518518518,22.166666666666668,21.5,683.5,0.0,True
product_category,signaling_and_security,2018-06-01,seller_order_category,18,0,0.0,2.4005504115226337,1.4785358796296295,4.590675154320988,3.1912789351851854,26.555555555555557,24.0,5863.18,0.0,True
product_category,signaling_and_security,2018-07-01,seller_order_category,19,0,0.0,3.2101960784313723,1.4357986111111112,5.574480384990253,6.1663194444444445,21.63157894736842,24.0,3785.19,0.0,True
product_category,signaling_and_security,2018-08-01,seller_order_category,16,0,0.0,2.3310228587962962,1.8014641203703703,4.790923032407408,3.700949074074074,13.5,14.0,1825.59,0.0,True
product_category,small_appliances,2017-02-01,seller_order_category,25,0,0.0,3.4803255208333335,1.327013888888889,7.143563888888889,7.000219907407407,35.0,33.0,7251.58,0.0,True
product_category,small_appliances,2017-03-01,seller_order_category,31,1,0.03225806451612903,1.8751915322580646,0.7502546296296296,9.934562425328554,7.161736111111111,24.64516129032258,22.0,11171.06,245.99,True
product_category,small_appliances,2017-04-01,seller_order_category,20,2,0.1,3.596851273148148,2.5861921296296293,10.455848958333334,8.988240740740741,26.15,25.5,23253.98,615.99,True
product_category,small_appliances,2017-05-01,seller_order_category,16,0,0.0,2.028528645833333,0.9251215277777778,7.548820891203704,6.933611111111111,26.0,23.0,5241.44,0.0,True
product_category,small_appliances,2017-06-01,seller_order_category,23,0,0.0,2.0820279790660225,1.8282407407407406,8.587731984702094,7.441747685185185,26.26086956521739,25.0,9698.81,0.0,True
product_category,small_appliances,2017-07-01,seller_order_category,30,1,0.03333333333333333,1.8647372685185186,1.4655150462962963,11.015752314814815,8.334594907407407,24.466666666666665,24.0,4621.36,329.9,True
product_category,small_appliances,2017-08-01,seller_order_category,32,1,0.03125,2.680867332175926,1.363564814814815,5.446119791666667,4.335740740740741,22.46875,22.0,4297.01,420.0,True
product_category,small_appliances,2017-09-01,seller_order_category,29,1,0.034482758620689655,2.2397948595146873,1.161400462962963,7.7862296455938695,7.023275462962963,26.06896551724138,25.0,10965.63,103.8,True
product_category,small_appliances,2017-10-01,seller_order_category,30,2,0.06666666666666667,2.97378125,1.8233159722222223,5.999438271604938,6.030439814814814,25.566666666666666,25.5,6464.85,360.0,True
product_category,small_appliances,2017-11-01,seller_order_category,27,2,0.07407407407407407,2.726799125514403,2.389502314814815,9.588250171467765,6.9504166666666665,21.925925925925927,22.0,7826.82,613.0,True
product_category,small_appliances,2017-12-01,seller_order_category,26,1,0.038461538461538464,2.2133595975783478,1.8027372685185186,9.171651976495726,6.376574074074075,26.26923076923077,27.0,8913.77,998.0,True
product_category,small_appliances,2018-01-01,seller_order_category,50,2,0.04,3.473719212962963,2.282372685185185,10.801830092592592,7.3092245370370375,28.7,29.0,15450.76,666.99,False
product_category,small_appliances,2018-02-01,seller_order_category,30,3,0.1,2.392915509259259,1.8658275462962963,11.12266049382716,8.640804398148148,24.433333333333334,24.0,5245.16,196.9,True
product_category,small_appliances,2018-03-01,seller_order_category,34,4,0.11764705882352941,2.0123165168845314,1.2733275462962963,8.985356413398693,4.792291666666666,19.852941176470587,19.0,14260.15,1799.9,True
product_category,small_appliances,2018-04-01,seller_order_category,60,3,0.05,1.738854797979798,1.1228125,6.815707175925926,5.576440972222223,21.416666666666668,20.0,12211.41,129.9,False
product_category,small_appliances,2018-05-01,seller_order_category,39,3,0.07692307692307693,1.9581499756335283,1.5920138888888888,9.656358321462488,9.070034722222223,25.743589743589745,23.0,10620.99,507.9,True
product_category,small_appliances,2018-06-01,seller_order_category,43,0,0.0,2.342766768292683,1.2281944444444444,4.827338245257453,4.953414351851852,27.069767441860463,26.0,16022.7,0.0,True
product_category,small_appliances,2018-07-01,seller_order_category,35,1,0.02857142857142857,1.368485498366013,0.7936921296296297,7.160759259259259,5.193877314814815,20.428571428571427,20.0,8711.25,349.0,True
product_category,small_appliances,2018-08-01,seller_order_category,23,1,0.043478260869565216,2.1324723228663447,1.648414351851852,5.416687801932367,4.4301967592592595,18.0,16.0,6759.06,220.0,True
product_category,small_appliances_home_oven_and_coffee,2017-06-01,seller_order_category,1,0,0.0,3.921284722222222,3.921284722222222,7.212129629629629,7.212129629629629,24.0,24.0,71.9,0.0,True
product_category,small_appliances_home_oven_and_coffee,2017-08-01,seller_order_category,1,0,0.0,1.379710648148148,1.379710648148148,3.045497685185185,3.045497685185185,19.0,19.0,109.06,0.0,True
product_category,small_appliances_home_oven_and_coffee,2017-09-01,seller_order_category,1,0,0.0,3.333877314814815,3.333877314814815,6.880300925925926,6.880300925925926,29.0,29.0,640.99,0.0,True
product_category,small_appliances_home_oven_and_coffee,2018-01-01,seller_order_category,1,0,0.0,1.457650462962963,1.457650462962963,2.0868865740740743,2.0868865740740743,19.0,19.0,369.99,0.0,True
product_category,small_appliances_home_oven_and_coffee,2018-02-01,seller_order_category,5,1,0.2,2.974412037037037,2.5775694444444444,13.987405092592592,11.084791666666666,23.8,23.0,3024.9,750.0,True
product_category,small_appliances_home_oven_and_coffee,2018-03-01,seller_order_category,7,0,0.0,2.003414351851852,1.4917824074074073,9.78562003968254,5.7493287037037035,22.285714285714285,23.0,7890.9,0.0,True
product_category,small_appliances_home_oven_and_coffee,2018-04-01,seller_order_category,13,1,0.07692307692307693,1.8952279202279203,1.1580902777777777,8.638158831908832,5.943483796296296,21.23076923076923,20.0,13980.98,750.0,True
product_category,small_appliances_home_oven_and_coffee,2018-05-01,seller_order_category,9,2,0.2222222222222222,1.550547839506173,0.9612615740740741,9.442044753086419,9.146319444444444,24.666666666666668,22.0,10161.6,2549.0,True
product_category,small_appliances_home_oven_and_coffee,2018-06-01,seller_order_category,3,0,0.0,3.8933217592592593,5.770474537037037,5.282345679012345,4.383761574074074,30.0,28.0,3499.0,0.0,True
product_category,small_appliances_home_oven_and_coffee,2018-07-01,seller_order_category,14,0,0.0,2.9295299145299145,2.6520486111111112,5.192765376984127,3.773796296296296,20.714285714285715,20.0,4699.67,0.0,True
product_category,small_appliances_home_oven_and_coffee,2018-08-01,seller_order_category,17,0,0.0,2.232745949074074,1.8846122685185185,4.515127314814815,4.263055555555556,17.470588235294116,16.0,2996.72,0.0,True
product_category,sports_leisure,2017-02-01,seller_order_category,135,2,0.014814814814814815,2.3874643276672196,1.5649305555555557,8.8165109739369,7.841284722222222,31.68148148148148,30.0,16372.16,504.9,False
product_category,sports_leisure,2017-03-01,seller_order_category,164,6,0.036585365853658534,2.2675489780939477,1.2004050925925926,9.886479364272809,7.107233796296296,25.695121951219512,24.0,27001.59,829.51,False
product_category,sports_leisure,2017-04-01,seller_order_category,184,10,0.05434782608695652,2.056303152677134,1.2385416666666667,10.606871037137681,8.953263888888888,27.206521739130434,26.0,24864.33,788.14,False
product_category,sports_leisure,2017-05-01,seller_order_category,258,7,0.027131782945736434,2.142658892898804,1.108599537037037,8.806810599510015,7.229074074074074,25.127413127413128,24.0,36163.5,1338.02,False
product_category,sports_leisure,2017-06-01,seller_order_category,247,7,0.02834008097165992,2.1599445761818727,1.513912037037037,9.361839902908981,8.0615625,24.34008097165992,24.0,32898.33,1273.21,False
product_category,sports_leisure,2017-07-01,seller_order_category,329,8,0.0243161094224924,2.214461487974255,1.4486805555555555,8.820618401366305,7.200393518518519,23.37082066869301,23.0,38813.41,1484.74,False
product_category,sports_leisure,2017-08-01,seller_order_category,377,19,0.050397877984084884,2.375122912972813,1.5996643518518519,8.982126590283919,7.121539351851852,23.724137931034484,24.0,41732.26,2180.87,False
product_category,sports_leisure,2017-09-01,seller_order_category,409,10,0.02444987775061125,2.6006640801865437,1.8609837962962963,8.362369034682605,7.181423611111111,23.1760391198044,23.0,50167.48,1024.82,False
product_category,sports_leisure,2017-10-01,seller_order_category,421,12,0.028503562945368172,2.76753321016979,1.698888888888889,8.098091075041788,7.063148148148148,23.69121140142518,23.0,49751.45,1225.15,False
product_category,sports_leisure,2017-11-01,seller_order_category,542,51,0.0940959409594096,2.8566164411644115,2.1074710648148147,10.208148767425174,7.9162384259259255,22.551660516605168,23.0,64874.05,5225.86,False
product_category,sports_leisure,2017-12-01,seller_order_category,436,32,0.07339449541284404,2.6834391193085287,1.7828414351851851,12.392732463685014,9.359403935185185,28.05504587155963,28.0,59792.66,6209.55,False
product_category,sports_leisure,2018-01-01,seller_order_category,581,34,0.058519793459552494,2.6732707616179003,1.655173611111111,10.83815922419838,8.185972222222222,26.623063683304647,26.0,91574.33,9592.75,False
product_category,sports_leisure,2018-02-01,seller_order_category,571,82,0.1436077057793345,2.753307561185966,1.885949074074074,13.704395188752676,11.57306712962963,25.448336252189144,25.0,75863.95,11141.2,False
product_category,sports_leisure,2018-03-01,seller_order_category,652,127,0.19478527607361965,2.472223074301295,1.6393692129629631,12.901264911383777,10.278883101851852,22.07668711656442,21.0,85292.17,16500.5,False
product_category,sports_leisure,2018-04-01,seller_order_category,526,21,0.039923954372623575,2.032951502583133,1.265324074074074,8.405525250918858,6.3220833333333335,23.309885931558934,23.0,67528.08,2974.39,False
product_category,sports_leisure,2018-05-01,seller_order_category,451,30,0.06651884700665188,1.9039866255144033,1.0152893518518518,8.116667258230454,6.164415509259259,22.223946784922394,21.0,59664.11,4185.08,False
product_category,sports_leisure,2018-06-01,seller_order_category,375,4,0.010666666666666666,1.802263527004093,1.0720833333333333,6.478652846043094,5.566388888888889,28.904,28.0,45851.01,354.7,False
product_category,sports_leisure,2018-07-01,seller_order_category,414,10,0.024154589371980676,2.0317057057057055,1.1917766203703704,5.878710177338355,5.07962962962963,20.318840579710145,20.0,55292.68,1571.09,False
product_category,sports_leisure,2018-08-01,seller_order_category,434,20,0.04608294930875576,1.8148816632052613,1.0730208333333333,5.074088555124892,4.347615740740741,15.311059907834101,14.0,51500.16,1703.89,False
product_category,stationery,2017-02-01,seller_order_category,19,1,0.05263157894736842,2.453100633528265,1.6947337962962963,13.096224415204679,6.061157407407407,33.526315789473685,32.0,2341.4,94.9,True
product_category,stationery,2017-03-01,seller_order_category,56,0,0.0,2.264479580026455,1.653894675925926,8.309601314484127,6.982876157407407,29.178571428571427,28.0,5902.62,0.0,False
product_category,stationery,2017-04-01,seller_order_category,35,2,0.05714285714285714,1.8420976307189543,0.9461805555555556,10.40754794973545,6.89662037037037,29.571428571428573,29.0,4606.34,751.9,True
product_category,stationery,2017-05-01,seller_order_category,60,1,0.016666666666666666,1.382913387345679,0.7763310185185185,8.726217592592592,7.296423611111111,25.366666666666667,25.0,6049.98,292.0,False
product_category,stationery,2017-06-01,seller_order_category,37,0,0.0,1.426963526026026,0.8861111111111111,9.7182886011011,8.53636574074074,23.243243243243242,23.0,3493.57,0.0,True
product_category,stationery,2017-07-01,seller_order_category,72,3,0.041666666666666664,1.7401447574334898,0.9697106481481481,7.705681905864197,5.949375,23.805555555555557,22.0,7091.75,877.9,False
product_category,stationery,2017-08-01,seller_order_category,75,2,0.02666666666666667,1.8487578703703704,1.244363425925926,7.662424845679013,6.710462962962963,23.64,23.0,6366.91,138.9,False
product_category,stationery,2017-09-01,seller_order_category,69,3,0.043478260869565216,2.013974268652711,1.3327662037037038,8.960425389157272,7.051412037037037,23.91304347826087,22.0,6130.41,298.88,False
product_category,stationery,2017-10-01,seller_order_category,90,3,0.03333333333333333,2.8795474537037036,1.4773842592592592,8.417136702674897,6.835694444444444,23.81111111111111,23.0,8607.86,88.1,False
product_category,stationery,2017-11-01,seller_order_category,150,17,0.11333333333333333,3.9120610339506174,3.7344328703703704,11.559685185185185,9.900920138888889,24.5,24.0,16699.09,1682.77,False
product_category,stationery,2017-12-01,seller_order_category,229,18,0.07860262008733625,3.2284111677179363,3.197997685185185,12.202132864305353,9.232152777777777,28.890829694323145,29.0,25731.0,2064.99,False
product_category,stationery,2018-01-01,seller_order_category,371,20,0.05390835579514825,3.9714076771554754,3.9914699074074074,11.424648940551064,7.971956018518519,27.929919137466307,28.0,41023.91,2071.07,False
product_category,stationery,2018-02-01,seller_order_category,131,19,0.1450381679389313,3.072776010743568,2.2001851851851852,13.985586125247385,11.991909722222223,25.48854961832061,25.0,11889.1,1345.58,False
product_category,stationery,2018-03-01,seller_order_category,145,28,0.19310344827586207,2.6902191091954024,2.1968055555555557,13.063598579182631,9.88625,21.958620689655174,21.0,13152.74,2157.81,False
product_category,stationery,2018-04-01,seller_order_category,128,6,0.046875,2.0448319327731093,1.34375,8.148645471643519,6.472332175925926,24.390625,23.0,11701.35,503.79,False
product_category,stationery,2018-05-01,seller_order_category,125,6,0.048,2.0481023341049385,1.2809548611111112,8.906804701730419,6.223750000000001,24.0,21.0,12923.39,451.28,False
product_category,stationery,2018-06-01,seller_order_category,146,1,0.00684931506849315,1.8997478794353795,1.118912037037037,6.007375459791984,5.156782407407407,27.0,25.5,12859.08,549.0,False
product_category,stationery,2018-07-01,seller_order_category,171,6,0.03508771929824561,2.124793299818223,1.3567361111111111,6.433390522875817,5.224768518518518,19.900584795321638,20.0,17247.09,752.5,False
product_category,stationery,2018-08-01,seller_order_category,158,12,0.0759493670886076,2.548343115292712,1.6938310185185186,5.550650238948626,4.459618055555556,15.518987341772151,14.0,15563.65,1087.49,False
product_category,tablets_printing_image,2017-02-01,seller_order_category,8,0,0.0,2.276265914351852,1.6128125,10.464894386574073,9.984305555555554,34.75,33.0,792.0,0.0,True
product_category,tablets_printing_image,2017-03-01,seller_order_category,5,1,0.2,2.3269050925925927,2.681261574074074,16.370247685185184,12.93866898148148,30.2,27.0,495.0,99.0,True
product_category,tablets_printing_image,2017-04-01,seller_order_category,9,0,0.0,2.0273199588477366,2.057650462962963,10.660866769547326,9.106412037037037,35.55555555555556,37.0,1112.88,0.0,True
product_category,tablets_printing_image,2017-05-01,seller_order_category,7,1,0.14285714285714285,2.0382622354497353,1.5605439814814814,8.505464616402117,7.167488425925926,22.714285714285715,23.0,1514.98,129.99,True
product_category,tablets_printing_image,2017-06-01,seller_order_category,6,0,0.0,2.1118479938271606,2.3450752314814816,7.682683256172839,6.530931712962963,22.833333333333332,22.0,594.0,0.0,True
product_category,tablets_printing_image,2017-07-01,seller_order_category,2,0,0.0,1.3167476851851851,1.3167476851851851,4.068622685185185,4.0686226851851846,20.0,20.0,198.0,0.0,True
product_category,tablets_printing_image,2017-08-01,seller_order_category,6,0,0.0,3.9442206790123455,3.2468923611111116,8.555100308641975,8.45342013888889,29.166666666666668,29.0,450.89,0.0,True
product_category,tablets_printing_image,2017-09-01,seller_order_category,3,0,0.0,0.9403510802469136,0.5449305555555556,8.025007716049382,8.033414351851851,20.0,20.0,233.9,0.0,True
product_category,tablets_printing_image,2017-10-01,seller_order_category,1,0,0.0,4.755173611111111,4.755173611111111,7.914560185185185,7.914560185185185,23.0,23.0,99.0,0.0,True
product_category,tablets_printing_image,2017-11-01,seller_order_category,6,0,0.0,2.971020447530864,2.9504571759259255,11.147237654320987,10.013836805555556,22.333333333333332,21.0,350.4,0.0,True
product_category,tablets_printing_image,2017-12-01,seller_order_category,6,0,0.0,1.582008101851852,1.3886921296296295,3.5531558641975307,3.4528356481481484,18.166666666666668,18.0,419.4,0.0,True
product_category,tablets_printing_image,2018-01-01,seller_order_category,3,1,0.3333333333333333,6.5256134259259255,7.285856481481481,11.611365740740741,2.7021296296296295,19.666666666666668,20.0,161.8,52.0,True
product_category,tablets_printing_image,2018-02-01,seller_order_category,12,1,0.08333333333333333,6.26974537037037,6.701087962962963,9.011767939814815,8.00662037037037,23.166666666666668,20.5,694.97,109.8,True
product_category,tablets_printing_image,2018-03-01,seller_order_category,2,0,0.0,2.280798611111111,2.280798611111111,8.44545138888889,8.44545138888889,12.0,12.0,259.29,0.0,True
product_category,tablets_printing_image,2018-04-01,seller_order_category,1,0,0.0,0.13241898148148148,0.13241898148148148,7.100740740740741,7.100740740740741,30.0,30.0,52.0,0.0,True
product_category,tablets_printing_image,2018-05-01,seller_order_category,1,0,0.0,0.8410185185185185,0.8410185185185185,7.322013888888889,7.322013888888889,14.0,14.0,49.9,0.0,True
product_category,tablets_printing_image,2018-06-01,seller_order_category,1,0,0.0,4.949560185185185,4.949560185185185,19.313773148148147,19.313773148148147,53.0,53.0,50.0,0.0,True
product_category,telephony,2017-02-01,seller_order_category,96,7,0.07291666666666667,3.0033123781676414,1.6405671296296296,11.006131847993828,7.901979166666667,32.114583333333336,30.0,6899.09,1400.78,False
product_category,telephony,2017-03-01,seller_order_category,153,5,0.032679738562091505,2.2673083091261197,1.8744675925925927,9.132452720285645,7.071041666666667,24.84967320261438,23.0,8121.05,162.94,False
product_category,telephony,2017-04-01,seller_order_category,138,10,0.07246376811594203,2.96173755787037,2.5301388888888887,11.396385198604401,8.782390046296296,27.13768115942029,24.5,7245.87,387.65,False
product_category,telephony,2017-05-01,seller_order_category,199,4,0.020100502512562814,3.2142564675227994,2.2511111111111113,8.221355155406663,7.115150462962963,24.78894472361809,24.0,9264.1,268.96,False
product_category,telephony,2017-06-01,seller_order_category,148,5,0.033783783783783786,3.24680297484985,2.369184027777778,8.194350991616616,7.015069444444444,25.75,25.5,6757.62,284.47,False
product_category,telephony,2017-07-01,seller_order_category,138,3,0.021739130434782608,2.69275127482555,2.0709780092592593,8.015007967659688,6.884710648148149,24.094202898550723,24.0,9064.86,144.98,False
product_category,telephony,2017-08-01,seller_order_category,127,3,0.023622047244094488,2.978207658938466,2.111458333333333,9.04023913677457,7.097743055555555,25.41732283464567,25.0,10930.29,533.98,False
product_category,telephony,2017-09-01,seller_order_category,160,8,0.05,3.0525593990216633,2.554479166666667,8.859082899305555,7.0842071759259255,22.65,22.0,18559.25,1256.55,False
product_category,telephony,2017-10-01,seller_order_category,221,10,0.04524886877828054,4.049633400368695,2.6533680555555557,8.176055492709905,6.633425925925926,23.190045248868778,23.0,22850.76,677.45,False
product_category,telephony,2017-11-01,seller_order_category,346,44,0.12716763005780346,3.3894948552237207,3.154068287037037,11.061421068828945,8.370844907407406,22.893063583815028,23.0,26564.88,2596.48,False
product_category,telephony,2017-12-01,seller_order_category,239,10,0.04184100418410042,2.8804519238250856,2.3008043981481485,10.421771898729274,8.051550925925925,27.338912133891213,27.0,13611.01,569.73,False
product_category,telephony,2018-01-01,seller_order_category,347,25,0.07204610951008646,3.4881612609719546,3.161302083333333,10.908875513662077,9.169895833333333,25.9164265129683,26.0,14879.96,1232.81,False
product_category,telephony,2018-02-01,seller_order_category,328,46,0.1402439024390244,3.506106085060596,3.215775462962963,12.629063805612015,11.213952546296298,23.39329268292683,24.0,14105.24,2162.57,False
product_category,telephony,2018-03-01,seller_order_category,320,65,0.203125,3.2959109157986113,2.973125,12.243544885706019,9.683414351851852,21.15,21.0,25804.89,6324.66,False
product_category,telephony,2018-04-01,seller_order_category,246,13,0.052845528455284556,2.4779583741230216,1.6384837962962964,8.370332401761518,6.831493055555555,23.70731707317073,24.0,16636.84,762.35,False
product_category,telephony,2018-05-01,seller_order_category,239,11,0.04602510460251046,2.405238851297879,1.64984375,8.667155229912115,6.249832175925926,24.661087866108787,24.0,21608.26,2325.56,False
product_category,telephony,2018-06-01,seller_order_category,203,4,0.019704433497536946,2.156262840888152,1.1618287037037036,6.48078484890363,6.0311111111111115,28.330049261083744,28.0,22776.82,952.38,False
product_category,telephony,2018-07-01,seller_order_category,205,7,0.03414634146341464,2.5471983273596175,1.2717129629629629,6.662099762872629,5.871273148148148,19.897560975609757,20.0,26939.41,1152.64,False
product_category,telephony,2018-08-01,seller_order_category,241,11,0.04564315352697095,2.8239618871984016,1.887337962962963,5.852050243968034,5.362546296296296,17.929460580912863,17.0,37541.89,2124.22,False
product_category,toys,2017-02-01,seller_order_category,61,1,0.01639344262295082,1.8577745522161506,1.0236689814814814,9.270860276259866,8.21949074074074,30.83606557377049,29.0,9403.34,42.99,False
product_category,toys,2017-03-01,seller_order_category,99,3,0.030303030303030304,1.7401121165357276,1.3044097222222222,9.417713828095772,7.121296296296296,24.606060606060606,23.0,12429.47,201.79,False
product_category,toys,2017-04-01,seller_order_category,104,4,0.038461538461538464,2.0102703613807984,1.2862384259259259,11.748963118767806,8.697395833333333,28.153846153846153,26.0,13039.43,419.7,False
product_category,toys,2017-05-01,seller_order_category,192,5,0.026041666666666668,1.8651967592592593,0.9613715277777778,6.833133138020833,6.0153125,23.442708333333332,23.0,22626.95,427.69,False
product_category,toys,2017-06-01,seller_order_category,150,4,0.02666666666666667,2.3785452932098767,1.7089699074074074,8.986561342592593,7.63111111111111,25.133333333333333,25.0,15476.35,200.29,False
product_category,toys,2017-07-01,seller_order_category,197,3,0.015228426395939087,1.7033962230725623,1.1430324074074074,7.994959520116563,6.928101851851852,22.913705583756347,22.0,24511.72,323.69,False
product_category,toys,2017-08-01,seller_order_category,171,4,0.023391812865497075,1.6571692928308426,1.1224652777777777,7.838131808278867,5.782037037037037,22.86549707602339,22.0,18126.87,345.6,False
product_category,toys,2017-09-01,seller_order_category,268,13,0.048507462686567165,2.2502254560271884,1.5051967592592592,8.598213489842454,7.112910879629629,22.097014925373134,22.0,31399.22,1580.15,False
product_category,toys,2017-10-01,seller_order_category,272,11,0.04044117647058824,2.689501123366013,2.0214930555555553,8.35716418164488,7.0142650462962965,22.863970588235293,23.0,34633.01,1500.08,False
product_category,toys,2017-11-01,seller_order_category,446,53,0.11883408071748879,3.2858138442534464,2.6369386574074074,10.052521435392793,7.901475694444445,22.105381165919283,22.0,64320.89,6605.88,False
product_category,toys,2017-12-01,seller_order_category,413,39,0.09443099273607748,3.771076416981302,2.443744212962963,11.274353000851942,8.127951388888889,26.98547215496368,27.0,57194.14,6863.41,False
product_category,toys,2018-01-01,seller_order_category,155,11,0.07096774193548387,2.5912949522102746,1.6772453703703705,10.140282108721625,7.003773148148148,25.63225806451613,25.0,21948.23,2452.19,False
product_category,toys,2018-02-01,seller_order_category,130,18,0.13846153846153847,2.905625089031339,1.4366724537037037,11.484776976495727,8.928842592592591,22.661538461538463,22.5,14778.93,1518.64,False
product_category,toys,2018-03-01,seller_order_category,215,36,0.16744186046511628,2.711949881567614,1.582326388888889,11.878332579672696,8.844872685185186,21.04186046511628,21.0,23407.4,3430.03,False
product_category,toys,2018-04-01,seller_order_category,193,7,0.03626943005181347,1.6914846676029962,1.1853877314814816,7.9164155333719135,6.157262731481481,22.248704663212436,22.0,23352.38,624.77,False
product_category,toys,2018-05-01,seller_order_category,211,13,0.061611374407582936,1.752507829520697,0.9384895833333333,8.280953005936558,6.254606481481481,22.62559241706161,21.0,31767.3,2202.52,False
product_category,toys,2018-06-01,seller_order_category,178,1,0.0056179775280898875,1.7458945202512455,0.9094675925925926,6.183794849537037,5.117430555555556,28.09550561797753,27.0,21221.45,799.9,False
product_category,toys,2018-07-01,seller_order_category,148,5,0.033783783783783786,1.4707763532763534,0.9528877314814814,5.8050439502002,5.202887731481482,18.315436241610737,18.0,17277.29,863.8,False
product_category,toys,2018-08-01,seller_order_category,152,12,0.07894736842105263,1.8989283633799363,1.2955439814814815,4.613267031518273,4.276122685185185,15.25,14.0,17753.05,1202.98,False
product_category,unknown,2017-02-01,seller_order_category,50,2,0.04,3.422047193877551,1.8669444444444443,6.855442361111111,4.939988425925925,31.96,29.0,9034.1,78.4,False
product_category,unknown,2017-03-01,seller_order_category,54,4,0.07407407407407407,3.16201646090535,1.5106481481481482,9.225560270919066,6.891475694444445,24.685185185185187,23.5,6714.17,433.59,False
product_category,unknown,2017-04-01,seller_order_category,61,6,0.09836065573770492,3.3257043108682454,1.9443402777777778,12.215842630540376,9.853854166666666,28.9672131147541,28.0,8693.09,974.76,False
product_category,unknown,2017-05-01,seller_order_category,82,1,0.012195121951219513,3.1793084133516234,2.238425925925926,7.758424232158989,7.018275462962963,24.890243902439025,24.0,10961.94,38.99,False
product_category,unknown,2017-06-01,seller_order_category,50,1,0.02,2.828510185185185,2.3459143518518517,7.340896990740741,7.1040682870370375,23.92,24.0,5527.79,34.99,False
product_category,unknown,2017-07-01,seller_order_category,52,0,0.0,2.3397823620188816,1.7499305555555555,6.619077932098765,6.946400462962963,21.673076923076923,23.0,3124.66,0.0,False
product_category,unknown,2017-08-01,seller_order_category,64,3,0.046875,3.1236071325231483,2.3442766203703704,7.197933485243055,5.961637731481481,22.953125,22.5,5243.4,205.79,False
product_category,unknown,2017-09-01,seller_order_category,61,3,0.04918032786885246,3.5190008348512447,2.1204282407407407,8.226635170006071,6.899444444444445,21.75409836065574,20.0,5904.14,286.6,False
product_category,unknown,2017-10-01,seller_order_category,58,1,0.017241379310344827,3.564791666666667,2.354021990740741,7.141083971902938,6.307980324074074,23.620689655172413,22.5,18800.48,75.77,False
product_category,unknown,2017-11-01,seller_order_category,111,16,0.14414414414414414,4.43502481648315,2.619074074074074,10.222657240573907,7.081851851851852,20.504504504504503,21.0,14115.98,2552.68,False
product_category,unknown,2017-12-01,seller_order_category,132,11,0.08333333333333333,3.8489521078843993,3.086585648148148,10.65797409862514,8.011452546296296,25.825757575757574,26.0,16224.92,1323.68,False
product_category,unknown,2018-01-01,seller_order_category,171,17,0.09941520467836257,4.162919200635547,3.226423611111111,9.87798482510288,7.829386574074074,24.859649122807017,26.0,22489.45,2368.57,False
product_category,unknown,2018-02-01,seller_order_category,107,7,0.06542056074766354,2.5830260254413293,1.5298611111111111,11.665074852890273,11.173530092592593,24.66355140186916,24.0,12758.75,691.1,False
product_category,unknown,2018-03-01,seller_order_category,125,24,0.192,2.4262175925925926,1.4290393518518518,12.335318055555556,8.888171296296296,21.616,22.0,17378.11,4449.18,False
product_category,unknown,2018-04-01,seller_order_category,72,2,0.027777777777777776,2.127288243348983,1.2567939814814815,7.708651941872428,6.009380787037037,23.708333333333332,24.0,8240.66,282.76,False
product_category,unknown,2018-05-01,seller_order_category,37,2,0.05405405405405406,1.9649205455455456,1.5330787037037037,7.707713025525526,6.084675925925926,23.324324324324323,23.0,3136.94,239.96,True
product_category,unknown,2018-06-01,seller_order_category,22,0,0.0,2.172527882996633,1.219699074074074,4.639070391414141,3.9758449074074074,26.863636363636363,26.0,2387.13,0.0,True
product_category,unknown,2018-07-01,seller_order_category,42,0,0.0,2.238011391325536,1.1283275462962963,5.275663674345076,5.15662037037037,20.833333333333332,21.5,4612.0,0.0,True
product_category,unknown,2018-08-01,seller_order_category,29,1,0.034482758620689655,2.486309067688378,1.906076388888889,5.000817768199234,4.351296296296296,16.344827586206897,15.0,2419.04,95.1,True
product_category,watches_gifts,2017-02-01,seller_order_category,32,0,0.0,1.7216257957175927,1.1885127314814814,7.855092954282408,7.091076388888888,27.875,27.0,11756.21,0.0,True
product_category,watches_gifts,2017-03-01,seller_order_category,74,2,0.02702702702702703,2.0709165415415414,0.91171875,10.758442817817818,6.789461805555556,24.635135135135137,22.0,26770.38,279.27,False
product_category,watches_gifts,2017-04-01,seller_order_category,88,5,0.056818181818181816,2.7582407407407405,1.7093171296296297,10.273312421085858,7.606481481481481,28.477272727272727,26.0,23487.78,2348.8,False
product_category,watches_gifts,2017-05-01,seller_order_category,120,2,0.016666666666666666,1.733640239197531,1.0186284722222223,7.990193287037037,7.058038194444444,24.175,24.0,37973.9,77.7,False
product_category,watches_gifts,2017-06-01,seller_order_category,114,3,0.02631578947368421,3.15574602014295,1.527795138888889,7.954057686004589,7.922233796296296,23.833333333333332,24.0,28948.63,1904.9,False
product_category,watches_gifts,2017-07-01,seller_order_category,152,5,0.03289473684210526,2.4826125771604937,1.2596180555555556,8.899506502802144,7.171539351851852,23.763157894736842,23.0,36804.56,673.46,False
product_category,watches_gifts,2017-08-01,seller_order_category,194,5,0.02577319587628866,1.9520063717067584,1.3095833333333333,8.40572242506682,7.157135416666667,23.670103092783506,23.0,36419.2,844.6,False
product_category,watches_gifts,2017-09-01,seller_order_category,253,8,0.03162055335968379,1.9141678703703704,1.1741724537037037,8.67331979212414,7.194143518518518,22.656126482213438,23.0,47135.6,1071.8,False
product_category,watches_gifts,2017-10-01,seller_order_category,285,13,0.0456140350877193,2.3918836094866798,1.3905208333333332,8.553772214100064,7.066145833333334,23.11578947368421,23.0,65959.53,2388.5,False
product_category,watches_gifts,2017-11-01,seller_order_category,426,49,0.11502347417840375,2.513483117066597,2.158726851851852,11.328880249087115,8.889131944444443,22.809859154929576,23.0,97724.57,11660.13,False
product_category,watches_gifts,2017-12-01,seller_order_category,336,22,0.06547619047619048,2.269762299613046,1.7541203703703705,11.636696497464726,9.132627314814815,27.482142857142858,28.0,71727.62,4570.89,False
product_category,watches_gifts,2018-01-01,seller_order_category,325,17,0.052307692307692305,2.037723515374943,1.3274594907407407,10.464099786324786,8.252997685185186,26.049230769230768,26.0,75621.24,3270.47,False
product_category,watches_gifts,2018-02-01,seller_order_category,304,58,0.19078947368421054,2.3810784828825535,1.7083449074074073,16.50262213693957,13.216394675925926,25.63157894736842,25.5,63462.18,13734.75,False
product_category,watches_gifts,2018-03-01,seller_order_category,410,101,0.24634146341463414,2.6685721544715446,2.133721064814815,16.677855013550136,13.905798611111111,23.802439024390242,23.0,97861.08,25202.74,False
product_category,watches_gifts,2018-04-01,seller_order_category,466,17,0.03648068669527897,2.800723195496633,1.9333333333333331,9.712074988078207,7.482951388888889,27.660944206008583,27.0,92658.57,2513.49,False
product_category,watches_gifts,2018-05-01,seller_order_category,590,52,0.08813559322033898,3.424663762340439,2.068125,10.005169530759574,7.185046296296296,25.928813559322034,24.0,123872.66,10641.8,False
product_category,watches_gifts,2018-06-01,seller_order_category,446,8,0.017937219730941704,2.5078852626996264,1.492170138888889,7.188707736299648,6.068645833333333,28.829596412556054,29.0,86885.56,1331.79,False
product_category,watches_gifts,2018-07-01,seller_order_category,508,11,0.021653543307086614,2.967699123855038,1.4067708333333333,6.447561383928571,5.550000000000001,22.027450980392157,22.0,96212.59,2697.58,False
product_category,watches_gifts,2018-08-01,seller_order_category,391,28,0.07161125319693094,1.7784171176046175,1.068912037037037,5.791324532276493,5.2174652777777775,16.813299232736572,15.0,72277.06,4786.38,False
seller_activity_cohort,2016-09,2017-02-01,seller_order,11,2,0.18181818181818182,1.7969128787878788,1.7838888888888889,16.911000631313133,16.011400462962964,34.09090909090909,35.0,1085.86,373.8,True
seller_activity_cohort,2016-09,2017-03-01,seller_order,18,1,0.05555555555555555,1.8661381172839506,1.0984664351851852,11.271745113168725,7.933072916666667,27.88888888888889,25.0,1807.3,38.5,True
seller_activity_cohort,2016-09,2017-04-01,seller_order,16,1,0.0625,2.38328125,2.5126331018518515,12.700024594907408,10.125393518518518,28.625,27.0,1142.12,43.9,True
seller_activity_cohort,2016-09,2017-05-01,seller_order,21,3,0.14285714285714285,1.7790261243386243,1.5027314814814814,13.61255401234568,12.988854166666666,26.857142857142858,25.0,2595.56,358.39,True
seller_activity_cohort,2016-09,2017-06-01,seller_order,11,2,0.18181818181818182,1.76180765993266,1.318425925925926,18.79796611952862,9.554363425925926,24.818181818181817,23.0,882.02,101.4,True
seller_activity_cohort,2016-09,2017-07-01,seller_order,15,0,0.0,1.7064021164021164,1.1745775462962964,9.479445271164021,7.764751157407407,24.2,24.0,1893.95,,True
seller_activity_cohort,2016-09,2017-08-01,seller_order,9,0,0.0,1.2326067386831276,1.2407060185185186,10.303706275720165,7.079826388888889,30.88888888888889,33.0,804.64,,True
seller_activity_cohort,2016-09,2017-09-01,seller_order,10,0,0.0,2.3777627314814813,2.044704861111111,9.093337962962963,7.473952546296297,23.8,23.0,1140.45,,True
seller_activity_cohort,2016-09,2017-10-01,seller_order,9,0,0.0,4.121604938271605,2.6620138888888887,8.876370884773662,7.937962962962963,29.444444444444443,28.0,753.2,,True
seller_activity_cohort,2016-09,2017-11-01,seller_order,14,2,0.14285714285714285,3.970857308201058,2.7869386574074073,19.670112433862435,10.110214120370369,26.285714285714285,23.0,1994.97,469.8,True
seller_activity_cohort,2016-09,2017-12-01,seller_order,18,0,0.0,3.211392103909465,1.875954861111111,11.573355195473251,11.385092592592592,28.38888888888889,26.5,1710.76,,True
seller_activity_cohort,2016-09,2018-01-01,seller_order,19,1,0.05263157894736842,3.282163133528265,2.220578703703704,8.782618786549708,7.901666666666666,26.57894736842105,25.0,2193.65,139.9,True
seller_activity_cohort,2016-09,2018-02-01,seller_order,9,0,0.0,2.615497685185185,2.8630092592592593,12.574270833333333,13.605381944444444,26.22222222222222,24.0,1345.18,,True
seller_activity_cohort,2016-09,2018-03-01,seller_order,15,1,0.06666666666666667,3.237815586419753,2.106261574074074,9.65936651234568,7.036041666666667,23.6,23.0,2613.87,36.9,True
seller_activity_cohort,2016-09,2018-04-01,seller_order,9,1,0.1111111111111111,2.6015727880658437,2.346585648148148,16.46962577160494,16.690439814814816,25.77777777777778,24.0,1275.09,139.9,True
seller_activity_cohort,2016-09,2018-05-01,seller_order,5,0,0.0,1.7976666666666667,1.7528935185185186,10.243587962962962,6.244340277777778,25.2,26.0,659.59,,True
seller_activity_cohort,2016-09,2018-06-01,seller_order,14,0,0.0,2.7533540013227515,1.6449710648148148,5.342926587301587,4.830185185185185,31.0,26.5,2241.97,,True
seller_activity_cohort,2016-09,2018-07-01,seller_order,10,1,0.1,4.386662808641975,2.9075462962962964,5.657258101851852,5.69900462962963,21.8,21.0,1124.5,151.8,True
seller_activity_cohort,2016-09,2018-08-01,seller_order,13,0,0.0,1.031316550925926,0.9276793981481481,6.32861400462963,5.934114583333333,17.0,15.0,1766.05,,True
seller_activity_cohort,2016-10,2017-02-01,seller_order,640,21,0.0328125,3.239515180963196,1.9827025462962964,9.149962715855573,7.307152777777778,32.1625,31.0,83735.6,1881.4,False
seller_activity_cohort,2016-10,2017-03-01,seller_order,722,31,0.04293628808864266,2.6553496588693957,1.7916377314814815,9.730303891582025,7.058333333333334,25.102493074792243,23.0,99987.66,3906.4,False
seller_activity_cohort,2016-10,2017-04-01,seller_order,574,40,0.06968641114982578,3.247325572375727,2.0041782407407407,10.74366533181701,8.16619212962963,26.923344947735192,26.0,85012.63,7266.35,False
seller_activity_cohort,2016-10,2017-05-01,seller_order,738,24,0.032520325203252036,2.7065235847278757,1.8870949074074075,7.8285934206564285,6.891278935185185,24.604336043360433,24.0,102103.14,1860.63,False
seller_activity_cohort,2016-10,2017-06-01,seller_order,583,12,0.02058319039451115,2.6435368143057145,2.1117245370370368,9.01797247236516,7.782627314814815,24.62607204116638,24.0,76319.0,2412.34,False
seller_activity_cohort,2016-10,2017-07-01,seller_order,639,15,0.023474178403755867,2.554587130792488,1.8904282407407407,8.368983698180127,7.112824074074074,24.209702660406887,24.0,77946.53,1218.67,False
seller_activity_cohort,2016-10,2017-08-01,seller_order,561,19,0.0338680926916221,2.5481605268369973,1.8803009259259258,8.531000074272134,7.105428240740741,25.01782531194296,24.0,70260.84,2467.33,False
seller_activity_cohort,2016-10,2017-09-01,seller_order,509,25,0.04911591355599214,2.704650050421709,1.9017939814814815,8.639605571927527,7.220706018518518,23.542239685658153,23.0,77153.5,3248.79,False
seller_activity_cohort,2016-10,2017-10-01,seller_order,559,16,0.028622540250447227,2.935816541608693,1.9339930555555556,8.20816429801895,7.011921296296296,23.647584973166367,23.0,87111.82,3099.6,False
seller_activity_cohort,2016-10,2017-11-01,seller_order,804,90,0.11194029850746269,3.6950898142389903,2.744421296296296,11.078393982057307,8.852824074074075,24.01492537313433,23.0,110914.56,13403.88,False
seller_activity_cohort,2016-10,2017-12-01,seller_order,558,55,0.0985663082437276,3.4751576526032317,2.6541087962962964,12.33744117549449,9.761273148148149,28.29032258064516,28.0,78836.44,10938.31,False
seller_activity_cohort,2016-10,2018-01-01,seller_order,627,38,0.06060606060606061,3.0894634563449666,2.187465277777778,10.750242427934314,8.420787037037037,27.31578947368421,27.0,79668.9,6300.7,False
seller_activity_cohort,2016-10,2018-02-01,seller_order,578,73,0.12629757785467127,3.787716427091427,2.685144675925926,13.008942273804946,10.638946759259259,26.4878892733564,26.0,70187.68,10941.13,False
seller_activity_cohort,2016-10,2018-03-01,seller_order,539,126,0.23376623376623376,3.2923553348106918,2.129537037037037,13.763810275372775,10.82005787037037,23.035250463821892,22.0,60035.0,11736.99,False
seller_activity_cohort,2016-10,2018-04-01,seller_order,386,17,0.04404145077720207,2.2013336722426846,1.5154108796296297,8.832869770677414,6.301678240740741,25.520725388601036,25.5,47501.53,2965.99,False
seller_activity_cohort,2016-10,2018-05-01,seller_order,319,13,0.04075235109717868,2.6457860543326346,1.6891782407407407,7.620590314060141,6.166030092592592,24.70219435736677,23.0,38247.12,1343.92,False
seller_activity_cohort,2016-10,2018-06-01,seller_order,295,2,0.006779661016949152,2.6559414117950704,1.3049652777777778,6.663554632811506,5.702233796296296,30.233898305084747,30.0,38376.77,396.9,False
seller_activity_cohort,2016-10,2018-07-01,seller_order,287,6,0.020905923344947737,2.6734613417256208,1.7463078703703705,5.713436968328753,5.258854166666667,21.606271777003485,21.0,32637.38,317.78,False
seller_activity_cohort,2016-10,2018-08-01,seller_order,300,17,0.056666666666666664,2.8330302250904102,1.7526388888888889,5.357923014988232,4.9275115740740745,16.85333333333333,15.0,28757.08,1352.29,False
seller_activity_cohort,2017-01,2017-02-01,seller_order,544,14,0.025735294117647058,3.222301347583643,1.6886689814814815,9.332780783200327,7.218761574074074,32.19117647058823,30.0,75938.72,1558.09,False
seller_activity_cohort,2017-01,2017-03-01,seller_order,787,44,0.05590851334180432,2.8852126423596403,1.8078356481481481,10.028825959456915,7.059444444444444,24.353240152477763,23.0,103743.67,5254.85,False
seller_activity_cohort,2017-01,2017-04-01,seller_order,671,48,0.07153502235469449,2.970759294068505,1.9152546296296296,11.481954397113208,9.003240740740742,26.65573770491803,25.0,104737.01,7996.98,False
seller_activity_cohort,2017-01,2017-05-01,seller_order,1076,33,0.03066914498141264,2.457838924236154,1.5389756944444444,8.256882418173989,6.956331018518519,24.242565055762082,23.0,142215.35,4369.87,False
seller_activity_cohort,2017-01,2017-06-01,seller_order,878,24,0.02733485193621868,2.4678972840563165,1.7177025462962963,8.76702270785877,7.323049768518518,24.63097949886105,24.0,107923.09,3212.33,False
seller_activity_cohort,2017-01,2017-07-01,seller_order,1021,30,0.029382957884427033,2.8887267493256052,2.0100405092592597,8.543195811461068,6.972563657407408,23.344760039177277,23.0,123942.95,3189.51,False
seller_activity_cohort,2017-01,2017-08-01,seller_order,950,28,0.029473684210526315,2.700141898148148,1.9770775462962962,8.10213067849198,6.921296296296297,24.014736842105265,23.0,114507.86,3769.74,False
seller_activity_cohort,2017-01,2017-09-01,seller_order,719,31,0.043115438108484005,2.576740937677566,1.9562962962962962,8.624660649435945,7.087141203703704,23.040333796940196,23.0,94603.61,4108.17,False
seller_activity_cohort,2017-01,2017-10-01,seller_order,813,42,0.05166051660516605,3.401667848275705,1.981712962962963,8.193967643843106,6.989513888888889,23.414514145141453,23.0,106884.1,6113.09,False
seller_activity_cohort,2017-01,2017-11-01,seller_order,1081,150,0.13876040703052728,3.7188499841685494,3.0111689814814815,11.270035792904375,8.763680555555556,23.615526802218113,23.0,143072.35,19418.32,False
seller_activity_cohort,2017-01,2017-12-01,seller_order,733,43,0.058663028649386086,2.9401078033292856,2.1060474537037037,11.275910830680612,8.79355324074074,28.989085948158255,29.0,97137.67,6417.92,False
seller_activity_cohort,2017-01,2018-01-01,seller_order,813,43,0.05289052890528905,4.207641029593095,2.002314814814815,10.707182403421257,8.01230324074074,29.43911439114391,27.0,114650.77,6266.4,False
seller_activity_cohort,2017-01,2018-02-01,seller_order,772,114,0.14766839378238342,2.9487490404912684,1.8847800925925926,14.203357560928804,11.119658564814815,25.593264248704664,25.0,105364.75,13736.58,False
seller_activity_cohort,2017-01,2018-03-01,seller_order,922,178,0.19305856832971802,3.861309163352615,2.1530266203703707,13.16922911896441,9.957702546296296,24.02169197396963,23.0,136864.2,28515.09,False
seller_activity_cohort,2017-01,2018-04-01,seller_order,665,22,0.03308270676691729,2.9096853708071277,1.3995659722222222,8.776058810219995,6.978275462962963,25.714285714285715,25.0,94691.92,3632.3,False
seller_activity_cohort,2017-01,2018-05-01,seller_order,601,43,0.07154742096505824,3.0251776108328694,1.2415393518518518,8.639509799382717,6.228310185185185,24.329450915141432,23.0,81427.03,4598.01,False
seller_activity_cohort,2017-01,2018-06-01,seller_order,479,5,0.010438413361169102,2.3588527806956114,1.245480324074074,6.512623617876749,5.363854166666667,27.237995824634655,27.0,58354.67,1296.09,False
seller_activity_cohort,2017-01,2018-07-01,seller_order,470,24,0.05106382978723404,3.0591664508331173,1.0907291666666667,6.3909573483057525,5.282754629629629,19.79787234042553,19.0,58540.4,5306.45,False
seller_activity_cohort,2017-01,2018-08-01,seller_order,377,29,0.07692307692307693,1.9983857900238948,1.1108969907407409,5.290425339506172,4.9690972222222225,15.108753315649867,13.0,46569.31,2012.78,False
seller_activity_cohort,2017-02,2017-02-01,seller_order,471,12,0.025477707006369428,3.36085202991453,1.9383391203703704,10.165543244279311,7.660104166666667,33.31422505307856,31.0,86542.84,2450.39,False
seller_activity_cohort,2017-02,2017-03-01,seller_order,667,32,0.047976011994003,3.1151430534732634,1.9122337962962963,9.866527655945418,6.930914351851852,25.47826086956522,24.0,94002.76,6199.7,False
seller_activity_cohort,2017-02,2017-04-01,seller_order,593,37,0.06239460370994941,2.9557074058219177,1.9914236111111112,11.255960472487665,8.942199074074074,28.166947723440135,26.0,88931.32,9153.39,False
seller_activity_cohort,2017-02,2017-05-01,seller_order,702,18,0.02564102564102564,2.7887009345484453,1.664693287037037,8.616332139653899,7.2138483796296295,25.576923076923077,24.5,91903.57,3740.96,False
seller_activity_cohort,2017-02,2017-06-01,seller_order,620,16,0.025806451612903226,2.9479508101851852,2.108518518518519,8.612027460424134,7.905659722222222,24.59516129032258,24.0,79495.73,2195.57,False
seller_activity_cohort,2017-02,2017-07-01,seller_order,703,20,0.02844950213371266,2.8386773194378403,1.9402430555555557,8.399962687310696,7.046458333333334,23.88051209103841,23.0,82664.58,3087.23,False
seller_activity_cohort,2017-02,2017-08-01,seller_order,703,16,0.02275960170697013,2.631818397344713,1.676574074074074,7.53245665492772,6.359565972222223,23.756756756756758,23.0,78199.95,1089.75,False
seller_activity_cohort,2017-02,2017-09-01,seller_order,718,32,0.04456824512534819,2.796725442271881,1.8861863425925927,8.640876373413803,7.106024305555556,23.0041782729805,23.0,82209.83,4247.15,False
seller_activity_cohort,2017-02,2017-10-01,seller_order,684,27,0.039473684210526314,2.6176022714966427,1.6611226851851852,8.584704370397445,7.115983796296296,23.350877192982455,23.0,77207.72,2883.2,False
seller_activity_cohort,2017-02,2017-11-01,seller_order,1004,105,0.10458167330677291,3.064550086690276,2.438153935185185,10.270196021469676,8.189016203703703,22.492031872509962,22.0,118357.66,12265.63,False
seller_activity_cohort,2017-02,2017-12-01,seller_order,831,88,0.10589651022864019,3.6382287204373047,1.990642361111111,12.128022393256675,9.272233796296296,27.938628158844764,28.0,106663.36,18036.14,False
seller_activity_cohort,2017-02,2018-01-01,seller_order,884,49,0.05542986425339366,2.788413249559083,1.909236111111111,9.876297042588403,7.61681712962963,26.175339366515836,26.0,105325.15,8115.5,False
seller_activity_cohort,2017-02,2018-02-01,seller_order,680,90,0.1323529411764706,2.882174734477124,2.072795138888889,12.791982196350762,10.779149305555556,24.725,25.0,73704.8,10129.95,False
seller_activity_cohort,2017-02,2018-03-01,seller_order,727,134,0.1843191196698762,2.5310854316317695,1.9690740740740742,13.129467783636457,10.261921296296297,23.08665749656121,22.0,87418.72,21867.89,False
seller_activity_cohort,2017-02,2018-04-01,seller_order,747,30,0.040160642570281124,2.2772365186254073,1.4517361111111111,8.454292401085825,6.926412037037037,23.713520749665328,23.0,80093.23,2952.11,False
seller_activity_cohort,2017-02,2018-05-01,seller_order,596,33,0.05536912751677853,1.8740538292529818,1.0679976851851851,8.962790681306306,7.069994212962963,23.854026845637584,23.0,80235.16,4233.07,False
seller_activity_cohort,2017-02,2018-06-01,seller_order,615,9,0.014634146341463415,1.9296221142493164,1.0695891203703702,6.3151854139971935,5.340590277777777,27.224025974025974,27.0,61976.27,1189.78,False
seller_activity_cohort,2017-02,2018-07-01,seller_order,661,11,0.01664145234493192,1.9619302098869003,0.9970775462962963,5.712894814254496,5.167650462962963,18.827534039334342,18.0,63436.68,1349.6,False
seller_activity_cohort,2017-02,2018-08-01,seller_order,586,37,0.06313993174061433,2.203589429540842,1.2365914351851852,5.067022678074832,4.429004629629629,14.718430034129693,13.0,53262.14,4821.65,False
seller_activity_cohort,2017-03,2017-03-01,seller_order,357,8,0.022408963585434174,2.890603375609503,1.810173611111111,9.445801593785662,6.991041666666667,27.81232492997199,27.0,74802.91,671.39,False
seller_activity_cohort,2017-03,2017-04-01,seller_order,286,13,0.045454545454545456,3.4386617121507475,2.154699074074074,10.705410515410515,8.27488425925926,30.32867132867133,30.0,46007.55,1904.55,False
seller_activity_cohort,2017-03,2017-05-01,seller_order,479,10,0.020876826722338204,2.4024205653021444,1.3139814814814814,8.050420436093713,6.980868055555556,25.832985386221296,24.0,74474.26,1785.87,False
seller_activity_cohort,2017-03,2017-06-01,seller_order,438,16,0.0365296803652968,2.8139186848461732,1.7139583333333333,9.645837623951182,7.933958333333333,25.689497716894977,25.0,59884.58,1755.38,False
seller_activity_cohort,2017-03,2017-07-01,seller_order,467,14,0.029978586723768737,2.7053522326438992,1.7489641203703705,8.433265108522502,7.055266203703703,25.141327623126337,24.0,70198.19,3483.61,False
seller_activity_cohort,2017-03,2017-08-01,seller_order,519,12,0.023121387283236993,2.525991891457932,1.7262384259259258,7.934213298119548,6.92,24.695568400770714,23.0,73836.07,1706.32,False
seller_activity_cohort,2017-03,2017-09-01,seller_order,559,21,0.03756708407871199,2.611952444477691,1.889398148148148,8.875077809249321,7.116157407407408,24.298747763864043,24.0,84925.28,2819.72,False
seller_activity_cohort,2017-03,2017-10-01,seller_order,542,18,0.033210332103321034,2.9225283799712996,1.9188599537037039,8.489430307844746,7.010011574074074,24.653136531365313,24.0,83657.21,2084.58,False
seller_activity_cohort,2017-03,2017-11-01,seller_order,713,71,0.09957924263674614,3.27298012900541,2.7088888888888887,11.490375775933718,8.796782407407408,24.748948106591865,24.0,110042.44,14315.61,False
seller_activity_cohort,2017-03,2017-12-01,seller_order,571,40,0.07005253940455342,3.776245804144775,2.5855555555555556,11.994487152980476,9.254224537037038,29.99474605954466,29.0,83262.5,9449.02,False
seller_activity_cohort,2017-03,2018-01-01,seller_order,654,30,0.045871559633027525,3.372646829448131,2.6519791666666666,10.585417816995129,8.18275462962963,28.02446483180428,28.0,95360.41,5053.26,False
seller_activity_cohort,2017-03,2018-02-01,seller_order,537,93,0.17318435754189945,2.659408385923167,1.8237962962962964,14.761846657528105,11.84445601851852,25.955307262569832,26.0,78206.4,16645.06,False
seller_activity_cohort,2017-03,2018-03-01,seller_order,527,98,0.1859582542694497,2.51882032293204,1.8323842592592594,13.868813646426313,10.64875,23.256166982922203,22.0,80977.72,14433.74,False
seller_activity_cohort,2017-03,2018-04-01,seller_order,465,15,0.03225806451612903,2.5164900959749703,1.763570601851852,8.865776934666348,6.915868055555556,26.524731182795698,25.0,65322.23,2297.17,False
seller_activity_cohort,2017-03,2018-05-01,seller_order,440,33,0.075,2.342377025462963,1.69765625,8.304988717932382,6.184467592592593,24.34090909090909,23.0,56669.61,5143.55,False
seller_activity_cohort,2017-03,2018-06-01,seller_order,414,5,0.012077294685990338,2.4299800290486564,1.333778935185185,6.903799929034874,5.854085648148148,29.134939759036143,28.0,68032.12,1316.2,False
seller_activity_cohort,2017-03,2018-07-01,seller_order,345,6,0.017391304347826087,2.366363327904452,1.5721412037037037,5.971018821328596,5.336684027777778,21.808695652173913,21.0,50550.68,815.19,False
seller_activity_cohort,2017-03,2018-08-01,seller_order,352,25,0.07102272727272728,2.448304381660863,1.5845949074074075,5.524757570961275,5.184351851851852,17.369318181818183,16.0,46779.1,4506.65,False
seller_activity_cohort,2017-04,2017-04-01,seller_order,181,13,0.0718232044198895,4.253603587962963,2.637210648148148,12.227850611315736,9.366238425925927,32.0,31.0,34096.6,1806.9,False
seller_activity_cohort,2017-04,2017-05-01,seller_order,286,13,0.045454545454545456,2.7854641448226394,1.6060590277777778,8.423712435022741,7.118009259259259,24.772727272727273,24.0,37673.94,1561.75,False
seller_activity_cohort,2017-04,2017-06-01,seller_order,236,2,0.00847457627118644,2.7982769832862524,1.6829976851851853,8.872024629237288,7.246875,25.271186440677965,24.0,35040.73,250.8,False
seller_activity_cohort,2017-04,2017-07-01,seller_order,373,10,0.02680965147453083,2.7252703306523682,2.1994907407407407,9.030335773612366,7.7271527777777775,24.967828418230564,24.0,40937.1,1042.19,False
seller_activity_cohort,2017-04,2017-08-01,seller_order,385,17,0.04415584415584416,3.332899440836941,2.7602546296296295,8.696526755651755,7.118252314814815,26.212987012987014,26.0,43283.49,1749.39,False
seller_activity_cohort,2017-04,2017-09-01,seller_order,324,16,0.04938271604938271,3.421205025434385,2.9165219907407405,9.49155746313443,7.755347222222222,23.88888888888889,24.0,47854.23,1438.59,False
seller_activity_cohort,2017-04,2017-10-01,seller_order,327,20,0.06116207951070336,3.2549893107939742,2.434409722222222,9.004465858251217,7.131759259259259,24.434250764525995,24.0,43256.31,2658.19,False
seller_activity_cohort,2017-04,2017-11-01,seller_order,559,70,0.1252236135957066,3.4597705683098123,3.1537847222222224,12.452944121447029,10.819409722222222,23.51520572450805,23.0,60068.35,8072.04,False
seller_activity_cohort,2017-04,2017-12-01,seller_order,322,28,0.08695652173913043,3.2505646135265702,2.621539351851852,13.071238893202208,10.946649305555557,29.195652173913043,29.0,36737.45,4292.65,False
seller_activity_cohort,2017-04,2018-01-01,seller_order,320,10,0.03125,3.7018103085452223,3.1160069444444445,10.736442563657407,8.999322916666667,28.075,28.0,39441.71,1170.38,False
seller_activity_cohort,2017-04,2018-02-01,seller_order,310,36,0.11612903225806452,4.046208333333333,3.3748900462962963,12.717024566905616,11.66929398148148,26.416129032258066,25.0,40157.9,3031.1,False
seller_activity_cohort,2017-04,2018-03-01,seller_order,302,65,0.2152317880794702,3.1224294058130977,2.5606539351851856,13.981613701864116,11.65439236111111,22.579470198675498,22.0,36731.34,7066.82,False
seller_activity_cohort,2017-04,2018-04-01,seller_order,286,16,0.055944055944055944,2.659757678620785,1.8335185185185185,10.255188068551007,7.996724537037037,26.255244755244757,26.0,33217.31,1552.59,False
seller_activity_cohort,2017-04,2018-05-01,seller_order,237,7,0.029535864978902954,2.219566071145932,1.6382060185185185,9.531251127981795,8.081168981481483,26.856540084388186,25.0,35192.49,990.74,False
seller_activity_cohort,2017-04,2018-06-01,seller_order,188,0,0.0,2.0823867124597424,1.2482118055555556,6.08209136051374,5.396793981481482,29.66137566137566,29.0,24537.26,,False
seller_activity_cohort,2017-04,2018-07-01,seller_order,180,4,0.022222222222222223,2.5156222086056643,1.2591087962962964,6.571079945168632,5.314456018518518,21.305555555555557,21.0,28199.71,384.6,False
seller_activity_cohort,2017-04,2018-08-01,seller_order,162,3,0.018518518518518517,1.8166008885438234,0.9670601851851852,5.219137048539222,5.1468287037037035,15.691358024691358,14.0,17638.95,325.7,False
seller_activity_cohort,2017-05,2017-05-01,seller_order,275,5,0.01818181818181818,2.406605754933766,1.358125,9.09811590909091,7.001701388888889,25.38768115942029,25.0,55105.32,1087.51,False
seller_activity_cohort,2017-05,2017-06-01,seller_order,284,9,0.03169014084507042,2.7416775886802296,1.9785300925925926,7.838444020605112,7.071354166666667,23.232394366197184,23.0,39929.77,1176.88,False
seller_activity_cohort,2017-05,2017-07-01,seller_order,376,6,0.015957446808510637,2.6644954938271606,2.133136574074074,8.256239903467296,7.095538194444444,23.77659574468085,24.0,52246.38,749.59,False
seller_activity_cohort,2017-05,2017-08-01,seller_order,353,11,0.031161473087818695,3.2352589903997484,2.3376041666666665,7.675990714510545,6.82681712962963,23.651558073654392,23.0,54988.75,1111.6,False
seller_activity_cohort,2017-05,2017-09-01,seller_order,346,17,0.049132947976878616,2.8082127421858276,2.2209722222222226,8.072231655427103,6.968802083333333,22.104046242774565,22.0,45223.8,1810.77,False
seller_activity_cohort,2017-05,2017-10-01,seller_order,301,21,0.06976744186046512,3.428882698105082,2.1692708333333335,8.755794189122678,7.035497685185185,23.485049833887043,23.0,35597.21,3217.9,False
seller_activity_cohort,2017-05,2017-11-01,seller_order,476,47,0.09873949579831932,3.4458671072595703,2.26859375,10.733848865935263,8.657667824074075,22.985294117647058,23.0,49951.75,5599.71,False
seller_activity_cohort,2017-05,2017-12-01,seller_order,377,23,0.0610079575596817,3.216767701886236,2.075451388888889,11.686647171873465,9.767488425925926,28.713527851458885,29.0,40093.94,3579.06,False
seller_activity_cohort,2017-05,2018-01-01,seller_order,457,25,0.05470459518599562,3.4465318642381417,1.9946643518518519,10.697078192114434,9.130462962962962,27.923413566739605,27.0,39116.46,2539.75,False
seller_activity_cohort,2017-05,2018-02-01,seller_order,336,48,0.14285714285714285,2.8191421406525574,2.0740682870370373,13.91284019510582,12.205318287037038,25.922619047619047,25.0,28938.3,6260.32,False
seller_activity_cohort,2017-05,2018-03-01,seller_order,332,63,0.1897590361445783,2.7405077602074965,2.0445312500000004,13.702132104808122,10.144137731481482,24.35843373493976,23.0,33481.22,5676.76,False
seller_activity_cohort,2017-05,2018-04-01,seller_order,243,5,0.0205761316872428,2.523105791962175,1.6246180555555556,8.41232148300564,7.233576388888889,25.267489711934157,25.0,24694.95,409.78,False
seller_activity_cohort,2017-05,2018-05-01,seller_order,189,5,0.026455026455026454,2.170177304964539,1.1450636574074076,9.369110939643347,7.2970601851851855,25.703703703703702,25.0,19913.19,553.78,False
seller_activity_cohort,2017-05,2018-06-01,seller_order,143,1,0.006993006993006993,2.9754050925925926,1.4927199074074073,6.1021823650234746,5.415966435185185,30.097902097902097,29.0,15484.05,389.99,False
seller_activity_cohort,2017-05,2018-07-01,seller_order,159,3,0.018867924528301886,1.7703636778785588,0.9979513888888889,6.3638027020731425,5.324814814814815,20.10062893081761,20.0,17552.31,273.88,False
seller_activity_cohort,2017-05,2018-08-01,seller_order,119,8,0.06722689075630252,1.8494723409306744,1.1795949074074075,5.796036522633745,5.33238425925926,14.319327731092438,13.0,12613.41,587.77,False
seller_activity_cohort,2017-06,2017-06-01,seller_order,110,14,0.12727272727272726,4.301005050505051,2.2350462962962965,8.629081082229018,6.949953703703704,23.854545454545455,24.0,33563.68,15337.92,False
seller_activity_cohort,2017-06,2017-07-01,seller_order,72,7,0.09722222222222222,2.861991383744856,1.7456944444444444,9.327195055298354,7.190144675925926,22.84722222222222,22.0,16914.54,5594.67,False
seller_activity_cohort,2017-06,2017-08-01,seller_order,102,3,0.029411764705882353,2.1434837962962963,1.2656770833333333,7.162381309005084,5.058998842592593,21.362745098039216,22.0,13132.28,838.98,False
seller_activity_cohort,2017-06,2017-09-01,seller_order,98,2,0.02040816326530612,2.8511669530355097,2.2334722222222223,7.953659887566138,6.55599537037037,22.142857142857142,22.0,13804.87,608.8,False
seller_activity_cohort,2017-06,2017-10-01,seller_order,76,4,0.05263157894736842,2.8369514498050683,1.9867418981481482,8.742202119883041,7.686307870370371,24.907894736842106,23.0,7857.05,622.88,False
seller_activity_cohort,2017-06,2017-11-01,seller_order,96,15,0.15625,4.27631389853395,3.2111516203703703,11.174836395640432,8.888333333333334,22.0,22.0,15551.77,3994.29,False
seller_activity_cohort,2017-06,2017-12-01,seller_order,98,8,0.08163265306122448,4.114577310090703,2.7703819444444444,9.64797335600907,6.907511574074074,26.867346938775512,26.0,11747.69,581.3,False
seller_activity_cohort,2017-06,2018-01-01,seller_order,72,1,0.013888888888888888,2.3663845486111112,1.4137847222222222,7.092786779835391,5.968888888888889,24.48611111111111,24.5,7952.3,39.99,False
seller_activity_cohort,2017-06,2018-02-01,seller_order,79,16,0.20253164556962025,3.421966860056259,1.663900462962963,12.751808046179091,9.270185185185186,23.379746835443036,23.0,8663.02,3400.4,False
seller_activity_cohort,2017-06,2018-03-01,seller_order,90,18,0.2,2.3319607001664586,1.2793055555555557,13.614180684156379,9.379612268518517,21.822222222222223,21.5,11140.07,1579.76,False
seller_activity_cohort,2017-06,2018-04-01,seller_order,89,6,0.06741573033707865,2.354464423500882,1.3092592592592593,9.217209347690387,7.00056712962963,24.179775280898877,25.0,9718.16,379.54,False
seller_activity_cohort,2017-06,2018-05-01,seller_order,83,12,0.14457831325301204,2.0152784835140016,1.0885416666666667,9.688623940205266,6.192152777777777,20.602409638554217,18.0,10546.52,848.57,False
seller_activity_cohort,2017-06,2018-06-01,seller_order,64,1,0.015625,1.5752973090277778,0.9639120370370371,6.277333260995371,6.0110474537037035,27.9375,27.0,6561.79,229.99,False
seller_activity_cohort,2017-06,2018-07-01,seller_order,66,4,0.06060606060606061,2.357086725734355,1.1143460648148147,6.145232371794871,5.501863425925926,18.78787878787879,19.0,7766.9,251.92,False
seller_activity_cohort,2017-06,2018-08-01,seller_order,58,4,0.06896551724137931,1.8577079342273308,0.9943981481481482,5.719719628033205,4.2279629629629625,17.32758620689655,17.5,5344.95,298.89,False
seller_activity_cohort,2017-07,2017-07-01,seller_order,274,6,0.021897810218978103,2.495727109053498,1.7341550925925926,7.878344354234749,6.9789814814814815,23.16788321167883,22.5,31287.26,325.99,False
seller_activity_cohort,2017-07,2017-08-01,seller_order,425,11,0.02588235294117647,2.379644063180828,1.630798611111111,8.030987290356395,6.873715277777778,22.696470588235293,22.0,46963.61,1517.62,False
seller_activity_cohort,2017-07,2017-09-01,seller_order,411,13,0.031630170316301706,2.5355100251906317,1.9475694444444445,8.207372150130666,6.8939814814814815,22.656934306569344,22.0,54294.0,1870.38,False
seller_activity_cohort,2017-07,2017-10-01,seller_order,451,16,0.03547671840354767,2.9801951168185923,2.1525694444444445,8.480814496591936,7.12912037037037,23.093126385809313,23.0,54556.59,3136.43,False
seller_activity_cohort,2017-07,2017-11-01,seller_order,744,102,0.13709677419354838,4.129227959478295,2.8665625,10.227066236683592,7.826979166666667,22.198924731182796,22.0,90512.67,13919.45,False
seller_activity_cohort,2017-07,2017-12-01,seller_order,452,31,0.06858407079646017,2.8067702443870863,1.8177777777777777,12.093402316863324,9.974253472222223,28.01769911504425,28.0,54099.8,5356.46,False
seller_activity_cohort,2017-07,2018-01-01,seller_order,648,32,0.04938271604938271,2.6914837677183354,1.9000983796296298,9.50639313986054,7.145260416666666,25.691358024691358,25.0,76982.38,5617.7,False
seller_activity_cohort,2017-07,2018-02-01,seller_order,506,65,0.12845849802371542,2.8718716146977017,2.0902025462962963,12.48776727876592,10.932934027777778,23.9802371541502,24.0,69947.01,9225.16,False
seller_activity_cohort,2017-07,2018-03-01,seller_order,683,115,0.1683748169838946,2.5570496293580973,1.8405208333333334,11.853718192478716,9.138761574074074,20.980966325036604,21.0,90291.35,15493.51,False
seller_activity_cohort,2017-07,2018-04-01,seller_order,693,29,0.04184704184704185,1.9567666730670763,1.350289351851852,8.699545466709484,6.389131944444444,24.457431457431458,24.0,92497.94,5098.71,False
seller_activity_cohort,2017-07,2018-05-01,seller_order,660,39,0.05909090909090909,1.8883316974839581,1.2486400462962963,8.574163680941943,6.375,21.725757575757576,20.0,99155.91,8141.03,False
seller_activity_cohort,2017-07,2018-06-01,seller_order,458,4,0.008733624454148471,2.233862713675214,1.1565046296296295,6.4717318215968165,5.366950231481482,27.62008733624454,27.0,68351.44,569.9,False
seller_activity_cohort,2017-07,2018-07-01,seller_order,382,8,0.020942408376963352,2.0548405654174884,1.3151273148148148,5.73441756074858,5.199016203703703,20.047120418848166,19.0,56795.08,702.72,False
seller_activity_cohort,2017-07,2018-08-01,seller_order,444,23,0.0518018018018018,2.299564309280545,1.42625,5.21897040719697,4.368113425925927,16.126126126126128,14.0,66797.25,2919.6,False
seller_activity_cohort,2017-08,2017-08-01,seller_order,246,6,0.024390243902439025,2.479036895313681,1.7306481481481482,7.5610278342366755,6.057089120370371,23.191056910569106,23.0,77994.19,2389.2,False
seller_activity_cohort,2017-08,2017-09-01,seller_order,269,9,0.03345724907063197,2.7823232909954565,2.3842824074074076,8.867818179471293,7.65363425925926,22.349442379182157,22.0,91436.06,3455.89,False
seller_activity_cohort,2017-08,2017-10-01,seller_order,240,5,0.020833333333333332,3.3089487364969137,2.0884837962962965,7.593450954861111,6.900862268518519,24.2,24.0,69229.39,228.12,False
seller_activity_cohort,2017-08,2017-11-01,seller_order,441,48,0.10884353741496598,3.1995074063576046,2.7603935185185184,10.985137314184934,8.15056712962963,22.750566893424036,23.0,59827.37,3920.11,False
seller_activity_cohort,2017-08,2017-12-01,seller_order,389,20,0.05141388174807198,3.2173002875620464,2.1444444444444444,11.289939124535847,8.737905092592593,27.804627249357328,28.0,58113.66,3694.58,False
seller_activity_cohort,2017-08,2018-01-01,seller_order,420,36,0.08571428571428572,3.599072766426282,3.078888888888889,11.550846147486773,9.044502314814816,26.573809523809523,26.0,58449.44,6918.45,False
seller_activity_cohort,2017-08,2018-02-01,seller_order,368,43,0.11684782608695653,3.7244360556060148,3.011550925925926,12.633540597322867,10.756539351851853,24.78804347826087,24.5,42214.74,6366.5,False
seller_activity_cohort,2017-08,2018-03-01,seller_order,412,77,0.18689320388349515,2.9787977851941747,2.4187210648148145,12.285116752067601,9.882528935185185,21.776699029126213,22.0,39028.34,7020.29,False
seller_activity_cohort,2017-08,2018-04-01,seller_order,298,12,0.040268456375838924,2.526107009421702,1.4024421296296297,8.157883070780512,6.288142361111111,24.27181208053691,24.0,37122.09,1595.17,False
seller_activity_cohort,2017-08,2018-05-01,seller_order,216,11,0.05092592592592592,2.3055746994031945,1.6391666666666667,9.431146594070597,7.113784722222222,25.63888888888889,23.0,24734.19,1314.68,False
seller_activity_cohort,2017-08,2018-06-01,seller_order,229,3,0.013100436681222707,2.0922637648809523,1.5386979166666666,6.777066125860373,6.209936342592592,29.611353711790393,29.0,24568.0,453.89,False
seller_activity_cohort,2017-08,2018-07-01,seller_order,191,4,0.020942408376963352,2.1159704262452106,1.2661805555555556,6.3868680555555555,6.140885416666666,20.17801047120419,21.0,24783.67,755.88,False
seller_activity_cohort,2017-08,2018-08-01,seller_order,215,13,0.06046511627906977,2.4991563906195915,1.8522280092592593,5.846131338698512,5.503472222222222,17.288372093023256,17.0,37965.9,1517.96,False
seller_activity_cohort,2017-09,2017-09-01,seller_order,233,16,0.06866952789699571,3.0960288453863347,1.5304166666666665,8.412149235712006,7.024681712962963,21.7725321888412,21.0,31756.06,3102.16,False
seller_activity_cohort,2017-09,2017-10-01,seller_order,220,10,0.045454545454545456,2.733469696969697,1.7599826388888888,7.836058606902357,6.429780092592592,21.80909090909091,21.0,23949.82,621.19,False
seller_activity_cohort,2017-09,2017-11-01,seller_order,344,49,0.14244186046511628,2.8266143814599483,1.901412037037037,11.014183489448751,8.237326388888889,21.700581395348838,22.0,43789.32,6192.47,False
seller_activity_cohort,2017-09,2017-12-01,seller_order,283,20,0.0706713780918728,2.6743338159272345,1.872638888888889,11.34106841382018,8.961550925925925,26.636042402826856,27.0,34135.21,1936.27,False
seller_activity_cohort,2017-09,2018-01-01,seller_order,391,25,0.0639386189258312,2.4577559387793966,1.5220486111111111,10.198043152647532,7.928981481481482,24.618925831202045,25.0,55295.93,3499.71,False
seller_activity_cohort,2017-09,2018-02-01,seller_order,313,44,0.14057507987220447,2.79187666400426,1.9954282407407407,12.845669595314163,10.932604166666668,23.80191693290735,24.0,44577.93,5422.39,False
seller_activity_cohort,2017-09,2018-03-01,seller_order,251,50,0.199203187250996,2.5903623469086616,2.0402430555555555,12.321355319462889,8.785960648148148,20.8804780876494,20.0,35520.02,5070.87,False
seller_activity_cohort,2017-09,2018-04-01,seller_order,223,8,0.03587443946188341,1.9193657073539887,1.1953067129629629,7.719167452237305,6.072870370370371,23.54708520179372,23.0,36643.51,2521.45,False
seller_activity_cohort,2017-09,2018-05-01,seller_order,233,13,0.055793991416309016,2.0614814814814815,1.028923611111111,8.416058050745551,6.433854166666666,24.184549356223176,23.0,35879.57,1935.83,False
seller_activity_cohort,2017-09,2018-06-01,seller_order,202,2,0.009900990099009901,1.8923223350253806,1.0622685185185186,7.2585273996149615,5.868171296296296,29.534653465346533,28.0,32288.97,223.99,False
seller_activity_cohort,2017-09,2018-07-01,seller_order,179,5,0.027932960893854747,1.855284129403794,1.0146064814814815,5.874728529442364,5.2940509259259265,18.972067039106147,18.0,26499.06,897.44,False
seller_activity_cohort,2017-09,2018-08-01,seller_order,204,12,0.058823529411764705,1.7705026127612762,1.1394039351851852,5.380305031016238,5.180960648148148,16.362745098039216,14.0,26203.12,998.06,False
seller_activity_cohort,2017-10,2017-10-01,seller_order,325,8,0.024615384615384615,2.8663387108262106,1.7970949074074074,8.128030306267807,7.0416087962962965,23.790769230769232,23.0,74159.01,1108.49,False
seller_activity_cohort,2017-10,2017-11-01,seller_order,668,101,0.15119760479041916,5.055387107728986,2.911302083333333,11.488626133150365,9.178802083333334,23.516467065868262,23.0,98219.2,15135.0,False
seller_activity_cohort,2017-10,2017-12-01,seller_order,451,30,0.06651884700665188,3.155990263406422,1.9074189814814815,11.497642430401577,8.646724537037038,28.170731707317074,28.0,50541.61,4754.45,False
seller_activity_cohort,2017-10,2018-01-01,seller_order,703,31,0.044096728307254626,2.8353557827319453,1.979525462962963,10.176799216980138,8.138101851851852,27.197724039829303,27.0,75928.53,5782.1,False
seller_activity_cohort,2017-10,2018-02-01,seller_order,641,99,0.1544461778471139,2.812403712397844,2.074375,13.607847619460333,11.112569444444444,24.797191887675506,25.0,63831.33,8724.5,False
seller_activity_cohort,2017-10,2018-03-01,seller_order,607,104,0.171334431630972,2.6127563838550247,1.4952430555555556,12.538724849746782,9.841122685185185,22.168039538714993,21.0,58932.49,11040.75,False
seller_activity_cohort,2017-10,2018-04-01,seller_order,557,32,0.05745062836624776,2.133109450769555,1.3880671296296296,8.949221066892745,6.72417824074074,23.903052064631957,24.0,68660.51,4176.91,False
seller_activity_cohort,2017-10,2018-05-01,seller_order,471,27,0.05732484076433121,1.8561677722498617,0.9769097222222223,8.667129284134882,7.059236111111111,23.225053078556265,22.0,51942.88,3072.07,False
seller_activity_cohort,2017-10,2018-06-01,seller_order,469,1,0.0021321961620469083,2.3959582681978517,1.0938136574074075,6.280237999643112,5.318506944444445,28.84861407249467,28.0,49038.25,44.99,False
seller_activity_cohort,2017-10,2018-07-01,seller_order,419,12,0.028639618138424822,2.2790070061728396,1.014351851851852,5.92500775296828,4.967968750000001,19.730310262529834,19.0,47460.28,1472.8,False
seller_activity_cohort,2017-10,2018-08-01,seller_order,382,12,0.031413612565445025,1.6080365716245346,0.9214351851851852,4.941477969559269,4.6093981481481485,15.162303664921467,13.0,37116.72,761.55,False
seller_activity_cohort,2017-11,2017-11-01,seller_order,441,56,0.12698412698412698,2.9453235491727554,2.0960069444444445,10.777072100445116,7.894131944444444,22.73922902494331,23.0,107968.96,9511.78,False
seller_activity_cohort,2017-11,2017-12-01,seller_order,337,17,0.050445103857566766,2.689202904541446,1.82703125,9.737060459940652,7.292071759259259,27.06528189910979,27.0,58869.69,3347.67,False
seller_activity_cohort,2017-11,2018-01-01,seller_order,498,34,0.06827309236947791,2.7039329405162738,1.7703703703703704,10.811439391826566,7.655011574074074,25.76706827309237,26.0,83708.79,7807.03,False
seller_activity_cohort,2017-11,2018-02-01,seller_order,453,58,0.1280353200883002,4.284972806047198,2.5833506944444444,12.436253653626032,10.586909722222222,24.713024282560706,25.0,61017.71,7446.61,False
seller_activity_cohort,2017-11,2018-03-01,seller_order,431,79,0.18329466357308585,3.6278279141960987,2.412164351851852,12.769391918020109,9.201307870370371,22.65429234338747,22.0,83329.44,17887.1,False
seller_activity_cohort,2017-11,2018-04-01,seller_order,433,28,0.06466512702078522,2.72768287037037,1.827986111111111,8.896160193758574,6.929733796296296,23.575057736720556,24.0,68722.65,4092.99,False
seller_activity_cohort,2017-11,2018-05-01,seller_order,417,30,0.07194244604316546,2.901667647520402,1.8390277777777777,8.793590166220437,6.365196759259259,23.45083932853717,22.0,58619.08,2759.19,False
seller_activity_cohort,2017-11,2018-06-01,seller_order,344,5,0.014534883720930232,3.212103698273053,2.125601851851852,6.438047534925277,5.630000000000001,30.34011627906977,31.0,47687.73,1303.5,False
seller_activity_cohort,2017-11,2018-07-01,seller_order,351,13,0.037037037037037035,3.672964194247439,1.977638888888889,6.491233776225648,5.925428240740741,22.754985754985753,23.0,53511.39,824.28,False
seller_activity_cohort,2017-11,2018-08-01,seller_order,281,29,0.10320284697508897,4.048093150479616,1.980324074074074,5.709903590866853,5.217719907407408,17.04626334519573,15.0,39683.71,4745.28,False
seller_activity_cohort,2017-12,2017-12-01,seller_order,155,11,0.07096774193548387,3.610236111111111,2.053935185185185,10.477630749701314,7.852453703703704,27.78709677419355,28.0,31964.39,5116.09,False
seller_activity_cohort,2017-12,2018-01-01,seller_order,305,19,0.06229508196721312,2.89563211957846,2.047158564814815,10.421779295689133,7.7640162037037035,25.072131147540983,25.0,50841.68,5029.49,False
seller_activity_cohort,2017-12,2018-02-01,seller_order,294,38,0.1292517006802721,2.703020359309822,1.8497916666666667,13.588176571554548,10.903096064814815,23.87074829931973,24.0,40759.22,5469.04,False
seller_activity_cohort,2017-12,2018-03-01,seller_order,288,51,0.17708333333333334,2.4449765303497943,2.1123958333333333,11.321960358796296,8.091469907407408,21.15972222222222,21.0,41484.42,8437.69,False
seller_activity_cohort,2017-12,2018-04-01,seller_order,229,9,0.039301310043668124,1.7633118462791495,1.230167824074074,6.88249833212033,5.71318287037037,21.938864628820962,22.0,30216.54,1413.08,False
seller_activity_cohort,2017-12,2018-05-01,seller_order,195,8,0.041025641025641026,1.2601560985068838,0.8212731481481481,7.20487358008782,5.381556712962963,21.03076923076923,20.0,29969.64,856.6,False
seller_activity_cohort,2017-12,2018-06-01,seller_order,188,4,0.02127659574468085,1.5354872749844817,1.110289351851852,6.601587157809984,4.7369212962962965,25.829787234042552,26.0,23610.35,472.69,False
seller_activity_cohort,2017-12,2018-07-01,seller_order,127,3,0.023622047244094488,1.7215697751322752,0.8607986111111111,6.146400098425197,5.06431712962963,18.874015748031496,18.0,16724.7,315.88,False
seller_activity_cohort,2017-12,2018-08-01,seller_order,131,9,0.06870229007633588,1.4379839409722222,0.9167997685185185,5.271239682026988,4.410046296296296,15.511450381679388,13.0,18669.02,2261.48,False
seller_activity_cohort,2018-01,2018-01-01,seller_order,371,29,0.07816711590296496,3.367370906958171,2.1534375,11.494958757612059,9.167048611111111,27.19946091644205,26.0,65114.26,4507.13,False
seller_activity_cohort,2018-01,2018-02-01,seller_order,489,67,0.13701431492842536,2.9928250702034003,2.1703472222222224,13.407031451185336,11.139282407407407,26.480572597137016,27.0,74884.07,9813.43,False
seller_activity_cohort,2018-01,2018-03-01,seller_order,452,68,0.1504424778761062,3.1934929121599476,2.3341724537037036,12.25349447414782,9.868043981481481,23.621681415929203,23.0,68664.06,8896.87,False
seller_activity_cohort,2018-01,2018-04-01,seller_order,467,21,0.044967880085653104,2.3482033880471382,1.6789699074074074,9.116291909548735,7.077847222222222,25.70235546038544,26.0,81542.59,2846.72,False
seller_activity_cohort,2018-01,2018-05-01,seller_order,489,50,0.10224948875255624,2.49519116274196,1.4589814814814814,9.889033659684275,7.30150462962963,24.517382413087933,24.0,71793.55,6978.35,False
seller_activity_cohort,2018-01,2018-06-01,seller_order,403,5,0.01240694789081886,1.671244934501932,1.0236921296296295,7.853299800426994,7.013495370370371,31.431761786600497,32.0,57522.17,874.78,False
seller_activity_cohort,2018-01,2018-07-01,seller_order,312,31,0.09935897435897435,4.264024824393359,2.466232638888889,7.514078986542813,7.06662037037037,21.884984025559106,22.0,48379.01,3026.22,False
seller_activity_cohort,2018-01,2018-08-01,seller_order,313,20,0.06389776357827476,1.9791239142236698,1.0261805555555557,5.959409087514934,5.935619212962963,18.083067092651756,16.0,45576.02,2658.75,False
seller_activity_cohort,2018-02,2018-02-01,seller_order,242,43,0.17768595041322313,3.374899133379247,2.4985243055555557,14.353488005050504,11.619710648148148,23.553719008264462,24.0,40378.67,10421.89,False
seller_activity_cohort,2018-02,2018-03-01,seller_order,309,69,0.22330097087378642,2.899992995625075,2.274652777777778,14.651412935994246,11.077835648148149,22.831715210355988,22.0,67461.96,14641.32,False
seller_activity_cohort,2018-02,2018-04-01,seller_order,363,20,0.05509641873278237,3.138110425240055,1.8460532407407406,8.605454162840527,6.828773148148148,24.77961432506887,24.0,70791.65,4024.9,False
seller_activity_cohort,2018-02,2018-05-01,seller_order,506,44,0.08695652173913043,3.481861221340388,2.0517939814814814,8.93725916318987,7.024994212962962,24.16205533596838,23.0,93799.31,9426.23,False
seller_activity_cohort,2018-02,2018-06-01,seller_order,226,4,0.017699115044247787,3.345108351934524,1.678871527777778,7.466693194854146,6.046006944444445,28.057522123893804,28.0,43847.24,1357.8,False
seller_activity_cohort,2018-02,2018-07-01,seller_order,272,4,0.014705882352941176,3.8037416203703702,1.8567013888888888,5.831032730800653,5.078177083333333,22.238970588235293,22.0,46630.81,901.79,False
seller_activity_cohort,2018-02,2018-08-01,seller_order,232,13,0.05603448275862069,2.069503224567362,1.1122800925925926,4.854950165777131,4.183877314814815,16.15948275862069,14.0,37757.15,1149.82,False
seller_activity_cohort,2018-03,2018-03-01,seller_order,209,36,0.1722488038277512,2.8799264575580366,2.0132523148148147,11.638559664628744,9.184479166666666,22.47846889952153,22.0,49239.22,7735.37,False
seller_activity_cohort,2018-03,2018-04-01,seller_order,278,8,0.02877697841726619,2.052923666007905,1.2466666666666666,7.2850409479876985,5.932280092592593,21.514388489208635,21.0,56492.46,878.2,False
seller_activity_cohort,2018-03,2018-05-01,seller_order,243,14,0.05761316872427984,2.0992056864353805,1.2313078703703704,8.818068539915966,6.742945601851852,22.855967078189302,22.0,61316.41,4269.82,False
seller_activity_cohort,2018-03,2018-06-01,seller_order,205,2,0.00975609756097561,1.9819802083333333,0.9861400462962963,7.313538859094243,6.208454861111111,29.634146341463413,30.0,55999.37,423.4,False
seller_activity_cohort,2018-03,2018-07-01,seller_order,178,4,0.02247191011235955,2.0893016260859625,1.045630787037037,6.007462417518092,6.0859201388888895,20.207865168539325,20.0,41313.07,849.89,False
seller_activity_cohort,2018-03,2018-08-01,seller_order,189,7,0.037037037037037035,1.4498775025025026,0.9503819444444445,5.389010509506833,5.0696412037037035,15.798941798941799,14.0,40243.17,956.07,False
seller_activity_cohort,2018-04,2018-04-01,seller_order,500,27,0.054,2.083494270458363,1.3150462962962963,8.438807847222222,6.297083333333333,21.672,21.0,97443.39,7374.41,False
seller_activity_cohort,2018-04,2018-05-01,seller_order,588,40,0.06802721088435375,2.072549344202206,1.2060648148148148,8.189070439893818,6.314849537037037,21.707482993197278,20.0,84967.9,6333.18,False
seller_activity_cohort,2018-04,2018-06-01,seller_order,435,7,0.016091954022988506,2.209161002178649,1.6122106481481482,6.189389521176269,5.185005787037037,26.73103448275862,26.0,62436.96,895.62,False
seller_activity_cohort,2018-04,2018-07-01,seller_order,445,16,0.035955056179775284,2.6528428601340033,1.5120081018518519,5.583229349140807,5.0271875,19.512359550561797,19.0,75150.89,4616.72,False
seller_activity_cohort,2018-04,2018-08-01,seller_order,410,30,0.07317073170731707,2.4574586970074814,1.6460416666666666,4.806144716034104,4.259160879629629,15.597560975609756,13.5,52438.04,3530.45,False
seller_activity_cohort,2018-05,2018-05-01,seller_order,375,22,0.058666666666666666,1.9478731532078526,1.0055266203703703,8.401565486857825,6.377951388888889,22.514666666666667,21.0,61448.53,3509.27,False
seller_activity_cohort,2018-05,2018-06-01,seller_order,462,8,0.017316017316017316,1.848588806107432,1.01875,7.121520465181957,6.147673611111111,28.703463203463205,30.0,68295.74,909.58,False
seller_activity_cohort,2018-05,2018-07-01,seller_order,429,26,0.06060606060606061,2.864898382559775,1.5534953703703704,6.492252913943355,5.330162037037037,20.607888631090486,21.0,56882.62,3408.61,False
seller_activity_cohort,2018-05,2018-08-01,seller_order,442,34,0.07692307692307693,2.2889140638334187,1.4265798611111111,5.30143563236532,5.000572916666666,16.056561085972852,15.0,60319.2,6270.14,False
seller_activity_cohort,2018-06,2018-06-01,seller_order,377,3,0.007957559681697613,1.9430900533497486,1.1232523148148148,6.136151402578654,5.194577546296296,25.952254641909814,26.0,55913.19,452.7,False
seller_activity_cohort,2018-06,2018-07-01,seller_order,387,6,0.015503875968992248,2.1932087476325757,1.3897743055555556,6.165777376786235,5.4985532407407405,20.886304909560724,21.0,58419.94,959.09,False
seller_activity_cohort,2018-06,2018-08-01,seller_order,409,29,0.07090464547677261,2.0531049172625595,1.1133391203703704,4.685342046592047,4.28943287037037,14.750611246943766,14.0,54676.05,3260.94,False
seller_activity_cohort,2018-07,2018-07-01,seller_order,407,17,0.04176904176904177,2.2306600007427213,1.2202835648148147,5.718777760588559,5.252019675925926,19.223587223587224,20.0,83148.14,8948.98,False
seller_activity_cohort,2018-07,2018-08-01,seller_order,403,20,0.04962779156327544,2.0613500663037407,1.2657060185185185,4.949455212364105,4.372887731481482,16.377171215880892,15.0,54976.21,2773.97,False
seller_activity_cohort,2018-08,2018-08-01,seller_order,448,19,0.04241071428571429,1.9111855576841208,1.1359722222222222,4.703700408124526,4.18568287037037,15.633928571428571,14.0,69533.78,4592.65,False
