seller_id,delivery_eligible_seller_orders,late_seller_orders,seller_late_rate,seller_late_contribution,seller_gmv,seller_late_gmv,is_low_sample
4a3ca9315b744ce9f8e9374361493884,1772,172,0.09706546275395034,0.026271574767068887,200472.92,20063.19,False
1f50f920176fa81dab994f9023523100,1399,124,0.08863473909935668,0.01893997250649152,106939.21,8250.3,False
4869f7a5dfa277a7dca6462dcf3b52b2,1124,118,0.10498220640569395,0.018023522223919352,229472.63,24509.2,False
6560211a19b47992c3666cc44a7e94c0,1819,96,0.052776250687190766,0.014663204521154728,123304.83,6489.99,False
ea8482cd71df3c1969d7b9473ff13abc,1132,96,0.08480565371024736,0.014663204521154728,37177.52,2993.74,False
7c67e1448b00f6e969d365cea6b010ab,973,89,0.09146968139773895,0.013594012524820528,187923.89,16506.17,False
da8622b14eb17ae2831f4ac5b9dab84a,1311,87,0.06636155606407322,0.013288529097296472,160236.57,11180.1,False
cc419e0650a3c5ba77189a1882b7556a,1651,87,0.052695336159903086,0.013288529097296472,104288.42,5718.12,False
8b321bb669392f5163d04c59e235e066,930,81,0.08709677419354839,0.012372078814724302,17535.69,1399.77,False
955fee9216a65b617aa5c0531780ce60,1261,77,0.06106264869151467,0.011761111959676187,135171.7,9345.74,False
06a2c3af7b3aee5d69171b0e14f0ee87,389,74,0.19023136246786632,0.011302886818390102,36408.95,6564.22,False
1025f0e2d44d7041d6cf58b6550e0bfa,910,72,0.07912087912087912,0.010997403390866045,138968.55,11558.5,False
7d13fca15225358621be4086e1eb0964,558,64,0.11469534050179211,0.009775469680769817,113628.97,14042.44,False
620c87c171fb2a6dd6e8bb4dec959fc6,722,63,0.08725761772853186,0.00962272796700779,114774.5,8185.5,False
7a67c85e85bb2ce8582c35f2203ad736,1145,60,0.05240174672489083,0.009164502825721704,141745.53,7728.21,False
3d871de0142ce09b7081e2b9d1733cb1,1064,58,0.05451127819548872,0.008859019398197648,94914.2,5949.0,False
fa1c13f2614d7b5c4749cbc52fecda94,578,53,0.09169550173010381,0.008095310829387506,194042.03,14087.31,False
8160255418d5aaa7dbdc9f4c64ebda44,380,52,0.1368421052631579,0.007942569115625478,47017.69,6924.6,False
391fc6631aebcf3004804e51b40bcf1e,521,45,0.08637236084452975,0.006873377119291278,39951.95,3598.97,False
1835b56ce799e6a4dc4eddc053f04066,417,43,0.10311750599520383,0.006567893691767222,33344.21,2703.4,False
88460e8ebdecbfecb5f9601833981930,246,42,0.17073170731707318,0.006415151978005193,31546.55,6179.55,False
e9779976487b77c6d4ac45f75ec7afe9,645,39,0.06046511627906977,0.005956926836719108,43162.95,2494.38,False
855668e0971d4dfd7bef1b6a4133b41b,300,38,0.12666666666666668,0.005804185122957079,32208.16,5282.83,False
4e922959ae960d389249c378d1c939f5,412,37,0.08980582524271845,0.005651443409195051,46030.37,5142.8,False
a1043bafd471dff536d0c462352beb48,702,35,0.04985754985754986,0.0053459599816709944,101901.16,5100.84,False
cca3071e3e9bb7d12640c9fbe2301306,699,34,0.04864091559370529,0.005193218267908966,64009.89,2884.57,False
e5a3438891c0bfdb9394643f95273d8e,216,34,0.1574074074074074,0.005193218267908966,7738.35,1143.6,False
218d46b86c1881d022bce9c68a7d4b15,382,33,0.08638743455497382,0.005040476554146938,55093.28,4589.6,False
1900267e848ceeba8fa32d80c1a5f5a8,406,33,0.0812807881773399,0.005040476554146938,24982.53,1556.23,False
16090f2ca825584b5a147ab24aa30c86,398,32,0.08040201005025126,0.004887734840384909,25716.44,2228.88,False
897060da8b9a21f655304d50fd935913,304,32,0.10526315789473684,0.004887734840384909,23023.92,1868.01,False
8581055ce74af1daba164fdbd55a40de,379,31,0.08179419525065963,0.00473499312662288,64925.3,4814.18,False
f7ba60f8c3f99e7ee4042fdef03b70c4,218,30,0.13761467889908258,0.004582251412860852,68395.0,9187.0,False
46dc3b2cc0980fb8ec44634e21d2718e,503,29,0.05765407554671968,0.004429509699098824,128111.19,7209.71,False
77530e9772f57a62c906e1c21538ab82,312,29,0.09294871794871795,0.004429509699098824,46610.4,4000.6,False
70a12e78e608ac31179aea7f8422044b,312,29,0.09294871794871795,0.004429509699098824,30858.53,3753.94,False
f8db351d8c4c4c22c6835c19a46f01b0,659,28,0.042488619119878605,0.0042767679853367956,50525.6,2372.4,False
7ddcbb64b5bc1ef36ca8c151f6ec77df,325,27,0.08307692307692308,0.004124026271574767,55578.57,5546.73,False
d2374cbcbb3ca4ab1086534108cc3ab7,514,27,0.05252918287937743,0.004124026271574767,21223.92,1054.7,False
fe2032dab1a61af8794248c8196565c9,293,26,0.08873720136518772,0.003971284557812739,65959.61,6101.4,False
c826c40d7b19f62a09e2d7c5e7295ee2,346,26,0.07514450867052024,0.003971284557812739,45643.74,3383.75,False
634964b17796e64304cadf1ad3050fb7,265,25,0.09433962264150944,0.0038185428440507103,39465.1,4889.4,False
c3867b4666c7d76867627c2f7fb22e21,228,25,0.10964912280701754,0.0038185428440507103,37153.4,3739.7,False
7aa4334be125fcdd2ba64b3180029f14,214,25,0.11682242990654206,0.0038185428440507103,16234.81,1974.6,False
ef506c96320abeedfb894c34db06f478,316,25,0.07911392405063292,0.0038185428440507103,9771.43,884.47,False
4c2b230173bb36f9b240f2b8ac11786e,258,24,0.09302325581395349,0.003665801130288682,14592.27,1241.1,False
7142540dd4c91e2237acb7e911c4eba2,316,23,0.07278481012658228,0.0035130594165266532,37373.56,4119.62,False
54965bbe3e4f07ae045b90b0b8541f52,73,22,0.3013698630136986,0.003360317702764625,10961.3,3362.7,False
b2ba3715d723d245138f291a6fe42594,324,22,0.06790123456790123,0.003360317702764625,51676.88,2471.8,False
53e4c6e0f4312d4d2107a8c9cddf45cd,463,22,0.047516198704103674,0.003360317702764625,30148.95,1046.79,False
128639473a139ac0f3e5f5ade55873a5,527,22,0.04174573055028463,0.003360317702764625,11908.85,534.6,False
2eb70248d66e0e3ef83659f71b244378,187,21,0.11229946524064172,0.0032075759890025967,42628.61,6987.0,False
a49928bcdf77c55c6d6e05e09a9b4ca5,96,21,0.21875,0.0032075759890025967,8816.7,1846.9,False
d91fb3b7d041e83b64a00a3edfb37e4f,524,20,0.03816793893129771,0.0030548342752405684,40889.74,1349.07,False
17e34d8224d27a541263c4c64b11a56b,247,19,0.07692307692307693,0.0029020925614785397,56363.24,5815.9,False
cd68562d3f44870c08922d380acae552,122,19,0.1557377049180328,0.0029020925614785397,18569.7,3942.0,False
7ad32824caee82087b3e2e5f33b1bf32,147,19,0.1292517006802721,0.0029020925614785397,22505.1,3715.9,False
8f2ce03f928b567e3d56181ae20ae952,151,19,0.12582781456953643,0.0029020925614785397,21712.9,2883.9,False
b499c00f28f4b7069ff6550af8c1348a,147,19,0.1292517006802721,0.0029020925614785397,10327.13,1124.8,False
2c9e548be18521d1c43cde1c582c6de8,124,19,0.1532258064516129,0.0029020925614785397,6109.44,999.3,False
5dceca129747e92ff8ef7a997dc4f8ca,322,18,0.055900621118012424,0.0027493508477165114,112155.53,8592.78,False
7e1fb0a3ebfb01ffb3a7dae98bf3238d,155,18,0.11612903225806452,0.0027493508477165114,27349.53,3215.0,False
1ca7077d890b907f89be8c954a02686a,108,18,0.16666666666666666,0.0027493508477165114,13341.57,2331.98,False
2138ccb85b11a4ec1e37afbd1c8eda1f,388,18,0.04639175257731959,0.0027493508477165114,12357.03,535.45,False
37515688008a7a40ac93e3b2e4ab203f,227,18,0.07929515418502203,0.0027493508477165114,5986.6,491.6,False
b33e7c55446eabf8fe1a42d037ac7d6d,149,17,0.11409395973154363,0.002596609133954483,44985.17,5616.68,False
a416b6a846a11724393025641d4edd5e,157,17,0.10828025477707007,0.002596609133954483,25670.72,3017.74,False
0dd184061fb0eaa7ca37932c68ab91c5,161,17,0.10559006211180125,0.002596609133954483,18446.92,1854.0,False
712e6ed8aa4aa1fa65dab41fed5737e4,77,16,0.2077922077922078,0.0024438674201924544,39815.0,8669.0,False
e9bc59e7b60fc3063eb2290deda4cced,209,16,0.07655502392344497,0.0024438674201924544,34343.06,2696.35,False
431af27f296bc6519d890aa5a05fdb11,116,16,0.13793103448275862,0.0024438674201924544,13109.5,1878.3,False
2e90cb1677d35cfe24eef47d441b7c87,127,16,0.12598425196850394,0.0024438674201924544,13894.71,1645.3,False
9f505651f4a6abe901a56cdc21508025,393,16,0.04071246819338423,0.0024438674201924544,26361.82,938.89,False
7040e82f899a04d1b434b795a43b4617,208,16,0.07692307692307693,0.0024438674201924544,9738.2,857.4,False
fa40cc5b934574b62717c68f3d678b6d,304,16,0.05263157894736842,0.0024438674201924544,16055.87,807.95,False
92eb0f42c21942b6552362b9b114707d,334,16,0.04790419161676647,0.0024438674201924544,6548.63,326.55,False
7d76b645482be4a332374e8223836592,172,16,0.09302325581395349,0.0024438674201924544,3843.93,309.75,False
7e93a43ef30c4f03f38b393420bc753a,319,15,0.047021943573667714,0.002291125706430426,176431.87,8735.23,False
522620dcb18a6b31cd7bdf73665113a9,172,15,0.0872093023255814,0.002291125706430426,57168.49,6390.65,False
1554a68530182680ad5c8b042c3ab563,246,15,0.06097560975609756,0.002291125706430426,29052.53,1854.29,False
dd7ddc04e1b6c2c614352b383efe2d36,121,15,0.12396694214876033,0.002291125706430426,9178.51,1585.58,False
dc4a0fc896dc34b0d5bfec8438291c80,225,15,0.06666666666666667,0.002291125706430426,24180.77,1574.34,False
beadbee30901a7f61d031b6b686095ad,64,15,0.234375,0.002291125706430426,4373.98,1281.0,False
54a1852d1b8f10312c55e906355666ee,198,15,0.07575757575757576,0.002291125706430426,17226.44,1268.76,False
8b28d096634035667e8263d57ba3368c,139,15,0.1079136690647482,0.002291125706430426,9375.7,1084.56,False
59b22a78efb79a4797979612b885db36,125,14,0.112,0.0021383839926683978,27184.5,4049.0,False
7299e27ed73d2ad986de7f7c77d919fa,335,14,0.041791044776119404,0.0021383839926683978,34725.43,2017.89,False
c70c1b0d8ca86052f45a432a38b73958,260,14,0.05384615384615385,0.0021383839926683978,36537.37,1844.8,False
cfb1a033743668a192316f3c6d1d2671,143,14,0.0979020979020979,0.0021383839926683978,12803.64,1773.3,False
4d6d651bd7684af3fffabd5f08d12e5a,363,14,0.03856749311294766,0.0021383839926683978,43587.4,1690.7,False
d1c281d3ae149232351cd8c8cc885f0d,214,14,0.06542056074766354,0.0021383839926683978,26942.6,1363.85,False
c31eff8334d6b3047ed34bebd4d62c36,120,14,0.11666666666666667,0.0021383839926683978,13191.5,1348.6,False
f262cbc1c910c83959f849465454ddd3,189,14,0.07407407407407407,0.0021383839926683978,10482.83,683.83,False
ede0c03645598cdfc63ca8237acbe73d,43,14,0.32558139534883723,0.0021383839926683978,2518.37,616.15,False
d20b021d3efdf267a402c402a48ea64b,86,14,0.16279069767441862,0.0021383839926683978,4140.17,582.72,False
9c0e69c7bf2619675bbadf47b43f655a,151,13,0.08609271523178808,0.0019856422789063695,33702.78,2664.48,False
6973a06f484aacf400ece213dbf3d946,89,13,0.14606741573033707,0.0019856422789063695,11011.05,1949.22,False
a673821011d0cec28146ea42f5ab767f,125,13,0.104,0.0019856422789063695,13863.69,1298.95,False
f45122a9ab94eb4f3f8953578bc0c560,184,13,0.07065217391304347,0.0019856422789063695,22078.29,1171.43,False
4b9750c8ad28220fe6702d4ecb7c898f,217,13,0.059907834101382486,0.0019856422789063695,15915.3,1027.75,False
2a1348e9addc1af5aaa619b1a3679d6b,48,13,0.2708333333333333,0.0019856422789063695,2843.0,860.5,False
b1fc4f64df5a0e8b6913ab38803c57a9,107,13,0.12149532710280374,0.0019856422789063695,7994.74,774.92,False
cbd996ad3c1b7dc71fd0e5f5df9087e2,160,13,0.08125,0.0019856422789063695,8411.04,665.02,False
8d956fec2e4337affcb520f56fd8cbfd,210,13,0.06190476190476191,0.0019856422789063695,11015.19,620.23,False
cac4c8e7b1ca6252d8f20b2fc1a2e4af,74,13,0.17567567567567569,0.0019856422789063695,4168.18,534.85,False
e9d99831abad74458942f21e16f33f92,130,13,0.1,0.0019856422789063695,4922.48,467.68,False
53243585a1d6dc2643021fd1853d8905,348,12,0.034482758620689655,0.001832900565144341,222776.05,7316.89,False
ccc4bbb5f32a6ab2b7066a4130f114e3,184,12,0.06521739130434782,0.001832900565144341,74004.62,4256.5,False
edb1ef5e36e0c8cd84eb3c9b003e486d,165,12,0.07272727272727272,0.001832900565144341,79284.55,4093.15,False
900ba814c251a692506d7834c1218441,86,12,0.13953488372093023,0.001832900565144341,29099.69,4078.66,False
76d5af76d0271110f9af36c92573f765,128,12,0.09375,0.001832900565144341,33461.6,3388.35,False
440dd6ab244315c632130ecfb63827b1,91,12,0.13186813186813187,0.001832900565144341,13696.9,1979.0,False
ad781527c93d00d89a11eecd9dcad7c1,38,12,0.3157894736842105,0.001832900565144341,6899.57,1879.88,False
de722cd6dad950a92b7d4f82673f8833,337,12,0.03560830860534125,0.001832900565144341,55426.1,1579.0,False
adbc26658d6c7b4b6219f9d934598091,88,12,0.13636363636363635,0.001832900565144341,11806.4,1574.8,False
a3e9a2c700480d9bb01fba070ba80a0e,129,12,0.09302325581395349,0.001832900565144341,13440.8,1491.0,False
de23c3b98a88888289c6f5cc1209054a,161,12,0.07453416149068323,0.001832900565144341,26399.67,1433.72,False
87142160b41353c4e5fca2360caf6f92,305,12,0.03934426229508197,0.001832900565144341,31095.98,1404.5,False
001cca7ae9ae17fb1caed9dfb1094831,195,12,0.06153846153846154,0.001832900565144341,25080.03,1265.9,False
891071be6ba827b591264c90c2ae8a63,85,12,0.1411764705882353,0.001832900565144341,4177.28,871.88,False
b561927807645834b59ef0d16ba55a24,85,12,0.1411764705882353,0.001832900565144341,4501.99,671.2,False
1da3aeb70d7989d1e6d9b0e887f97c23,261,12,0.04597701149425287,0.001832900565144341,8823.52,481.9,False
b2479f944e1b90cf8a5de1bbfde284d6,101,12,0.1188118811881188,0.001832900565144341,4752.51,427.85,False
25c5c91f63607446a97b143d2d535d31,156,11,0.07051282051282051,0.0016801588513823125,54679.22,4495.0,False
6039e27294dc75811c0d8a39069f52c0,63,11,0.1746031746031746,0.0016801588513823125,13670.7,3358.4,False
8e6d7754bc7e0f22c96d255ebda59eba,84,11,0.13095238095238096,0.0016801588513823125,14497.27,1560.13,False
835f0f7810c76831d6c7d24c7a646d4d,42,11,0.2619047619047619,0.0016801588513823125,5130.0,1378.7,False
a3a38f4affed601eb87a97788c949667,251,11,0.043824701195219126,0.0016801588513823125,26533.32,1318.19,False
0241d4d5d36f10f80c644447315af0bd,238,11,0.046218487394957986,0.0016801588513823125,31397.7,1210.4,False
f457c46070d02cadd8a68551231220dd,195,11,0.05641025641025641,0.0016801588513823125,19093.0,1073.2,False
66922902710d126a0e7d26b0e3805106,150,11,0.07333333333333333,0.0016801588513823125,14362.3,1056.0,False
bbad7e518d7af88a0897397ffdca1979,68,11,0.16176470588235295,0.0016801588513823125,4462.22,833.9,False
11bfa66332777660bd0640ee84d47006,76,11,0.14473684210526316,0.0016801588513823125,3925.87,428.14,False
85d9eb9ddc5d00ca9336a2219c97bb13,499,11,0.022044088176352707,0.0016801588513823125,15415.24,353.9,False
ceaec5548eefc6e23e6607c5435102e7,198,10,0.050505050505050504,0.0015274171376202842,52917.18,2329.96,False
00ee68308b45bc5e2660cd833c3f81cc,135,10,0.07407407407407407,0.0015274171376202842,20260.0,1753.0,False
004c9cd9d87a3c30c522c48c4fc07416,156,10,0.0641025641025641,0.0015274171376202842,19712.71,1327.93,False
c003204e1ab016dfa150abc119207b24,195,10,0.05128205128205128,0.0015274171376202842,25108.09,1241.0,False
ef0ace09169ac090589d85746e3e036f,128,10,0.078125,0.0015274171376202842,16223.3,1179.7,False
c9c7905cffc4ef9ff9f113554423e671,127,10,0.07874015748031496,0.0015274171376202842,10657.18,958.72,False
2e1c9f22be269ef4643f826c9e650a52,161,10,0.062111801242236024,0.0015274171376202842,12687.68,915.4,False
3db66a856d18a9cba7c9241fc5221c50,94,10,0.10638297872340426,0.0015274171376202842,9478.3,852.0,False
dbc22125167c298ef99da25668e1011f,394,10,0.025380710659898477,0.0015274171376202842,33776.78,831.64,False
213b25e6f54661939f11710a6fddb871,152,10,0.06578947368421052,0.0015274171376202842,15379.5,790.75,False
48436dade18ac8b2bce089ec2a041202,134,10,0.07462686567164178,0.0015274171376202842,12271.71,703.5,False
ba143b05f0110f0dc71ad71b4466ce92,83,10,0.12048192771084337,0.0015274171376202842,6110.58,641.1,False
0be8ff43f22e456b4e0371b2245e4d01,156,10,0.0641025641025641,0.0015274171376202842,11805.5,608.9,False
6a8b085f816a1f75f92dbac6eb545f8f,125,10,0.08,0.0015274171376202842,6018.97,498.7,False
4830e40640734fc1c52cd21127c341d4,204,10,0.049019607843137254,0.0015274171376202842,9843.47,450.94,False
5656537e588803a555b8eb41f07a944b,171,10,0.05847953216374269,0.0015274171376202842,8065.93,342.79,False
b1b3948701c5c72445495bd161b83a4c,14,9,0.6428571428571429,0.0013746754238582557,24699.19,17999.91,True
ea566164622c6b439516ab18062c42cd,50,9,0.18,0.0013746754238582557,10309.42,4619.7,False
729f06993dac8e860d4f02d7088ca48a,94,9,0.09574468085106383,0.0013746754238582557,20485.08,3669.3,False
05f51e13da97139648b8125c31e5f51b,57,9,0.15789473684210525,0.0013746754238582557,13769.01,2225.1,False
527801b552d0077ffd170872eb49683b,90,9,0.1,0.0013746754238582557,17942.8,1929.1,False
e5a38146df062edaf55c38afa99e42dc,120,9,0.075,0.0013746754238582557,15360.07,1885.76,False
850f4f8af5ea87287ac68de36e29107f,186,9,0.04838709677419355,0.0013746754238582557,45355.36,1304.96,False
6d66611d7c44cc30ce351abc49a68421,164,9,0.054878048780487805,0.0013746754238582557,13593.4,1300.9,False
ef990a83bbea832f36ebe81376335aa8,43,9,0.20930232558139536,0.0013746754238582557,4642.59,973.69,False
6fd52c528dcb38be2eea044946b811f8,67,9,0.13432835820895522,0.0013746754238582557,7743.02,923.22,False
972d0f9cf61b499a4812cf0bfa3ad3c4,81,9,0.1111111111111111,0.0013746754238582557,8089.29,909.16,False
34056b8b55c1775a22af2331670a799c,77,9,0.11688311688311688,0.0013746754238582557,6455.4,761.0,False
0c8380b62e38e8a1e6adbeba7eb9688c,180,9,0.05,0.0013746754238582557,17348.79,738.4,False
6edacfd9f9074789dad6d62ba7950b9c,205,9,0.04390243902439024,0.0013746754238582557,13147.1,688.1,False
41b39e28db005d9731d9d485a83b4c38,187,9,0.0481283422459893,0.0013746754238582557,17112.55,655.6,False
8648b1e89e9b349e32d3741b30ec737e,93,9,0.0967741935483871,0.0013746754238582557,7442.55,653.6,False
aac29b1b99776be73c3049939652091d,94,9,0.09574468085106383,0.0013746754238582557,6755.91,607.57,False
ececbfcff9804a2d6b40f589df8eef2b,97,9,0.09278350515463918,0.0013746754238582557,6792.4,501.27,False
f3da5b2ff499efb8d4a6d371d175d7dd,77,9,0.11688311688311688,0.0013746754238582557,3702.29,489.76,False
f84a00e60c73a49e7e851c9bdca3a5bb,88,9,0.10227272727272728,0.0013746754238582557,5949.94,438.5,False
f84fa566034f5e8e880a07ec624c56af,89,9,0.10112359550561797,0.0013746754238582557,5093.79,431.1,False
f46490624488d3ff7ce78613913a7711,80,9,0.1125,0.0013746754238582557,5802.85,414.4,False
1c129092bf23f28a5930387c980c0dfc,200,9,0.045,0.0013746754238582557,9553.62,360.9,False
002100f778ceb8431b7a1020ff7ab48f,50,9,0.18,0.0013746754238582557,1234.5,164.1,False
f5a590cf36251cf1162ea35bef76fe84,113,8,0.07079646017699115,0.0012219337100962272,53201.78,4017.9,False
821fb029fc6e495ca4f08a35d51e53a5,24,8,0.3333333333333333,0.0012219337100962272,19187.42,3195.24,True
0b35c634521043bf4b47e21547b99ab5,50,8,0.16,0.0012219337100962272,13533.65,2838.7,False
abe42c5d03695b4257b5c6cbf4e6784e,49,8,0.16326530612244897,0.0012219337100962272,17159.0,2722.0,False
f27e33c6d29b5138fa9967bcd445b6d5,93,8,0.08602150537634409,0.0012219337100962272,8888.3,1074.2,False
1d8dbc4f32378d715c717c1c1fc57bae,91,8,0.08791208791208792,0.0012219337100962272,11315.89,908.6,False
2a261b5b644fa05f4f2700eb93544f2c,51,8,0.1568627450980392,0.0012219337100962272,5355.0,760.0,False
602044f2c16190c2c6e45eb35c2e21cb,48,8,0.16666666666666666,0.0012219337100962272,3739.16,712.43,False
b17b679f4f5ce2e03ce6968c62648246,50,8,0.16,0.0012219337100962272,4084.75,559.44,False
b14db04aa7881970e83ffa9426897925,78,8,0.10256410256410256,0.0012219337100962272,5898.6,515.8,False
5d0363b33554b373851fc1622e4d5f3c,93,8,0.08602150537634409,0.0012219337100962272,6610.79,435.4,False
813348c996469b40f2e028d5429d3495,172,8,0.046511627906976744,0.0012219337100962272,11205.83,428.6,False
42b729f859728f5079499127a9c2ef37,103,8,0.07766990291262135,0.0012219337100962272,4118.86,343.19,False
3c7c4a49ec3c6550809089c6a2ca9370,139,8,0.05755395683453238,0.0012219337100962272,4033.64,232.83,False
562fc2f2c2863ab7e79a9e4388a58a14,255,8,0.03137254901960784,0.0012219337100962272,8814.2,224.92,False
04308b1ee57b6625f47df1d56f00eedf,92,7,0.07608695652173914,0.0010691919963341989,60130.6,4531.3,False
7178f9f4dd81dcef02f62acdf8151e01,202,7,0.034653465346534656,0.0010691919963341989,37070.4,2931.7,False
17a053fcb14bd219540cbde0df490be0,124,7,0.056451612903225805,0.0010691919963341989,40703.14,2339.2,False
056b4ada5bbc2c50cc7842547dda6b51,64,7,0.109375,0.0010691919963341989,12333.39,2000.95,False
70eea00b476a314817cefde4aad4f89a,106,7,0.0660377358490566,0.0010691919963341989,31994.65,1703.6,False
99eaacc9e6046db1c82b163c5f84869f,63,7,0.1111111111111111,0.0010691919963341989,13139.17,1697.8,False
75d34ebb1bd0bd7dde40dd507b8169c3,57,7,0.12280701754385964,0.0010691919963341989,15048.28,1609.92,False
59fb871bf6f4522a87ba567b42dafecf,123,7,0.056910569105691054,0.0010691919963341989,21708.57,1308.93,False
5058e8c1e82653974541e83690655b4a,62,7,0.11290322580645161,0.0010691919963341989,10022.82,1298.8,False
37be5a7c751166fbc5f8ccba4119e043,269,7,0.026022304832713755,0.0010691919963341989,55350.55,1221.0,False
5343d0649eca2a983820bfe93fc4d17e,70,7,0.1,0.0010691919963341989,10000.64,1150.04,False
f76a3b1349b6df1ee875d1f3fa4340f0,24,7,0.2916666666666667,0.0010691919963341989,4160.79,1113.6,True
fffd5413c0700ac820c7069d66d98c89,57,7,0.12280701754385964,0.0010691919963341989,9062.3,1097.0,False
ce7d1888639e6fb06b2749cbfdac1ff7,78,7,0.08974358974358974,0.0010691919963341989,11793.89,1020.0,False
3b15288545f8928d3e65a8f949a28291,101,7,0.06930693069306931,0.0010691919963341989,14061.79,995.92,False
71039d19d4303bf9054d69e9a9236699,35,7,0.2,0.0010691919963341989,3537.2,949.1,False
4371b634e0efc0e22b09b52907d9d469,101,7,0.06930693069306931,0.0010691919963341989,8194.0,755.0,False
01fdefa7697d26ad920e9e0346d4bd1b,128,7,0.0546875,0.0010691919963341989,14921.43,752.39,False
8b9d6eec4a7eb7d0f9d579ce0b38324d,48,7,0.14583333333333334,0.0010691919963341989,4232.54,573.85,False
669ae81880e08f269a64487cfb287169,161,7,0.043478260869565216,0.0010691919963341989,13248.87,557.99,False
e62b2d6ac10570a035a30bafcf01d263,62,7,0.11290322580645161,0.0010691919963341989,5340.39,545.1,False
9b013e03b2ab786505a1d3b5c0756754,170,7,0.041176470588235294,0.0010691919963341989,9027.4,480.36,False
50c9975695009e5e6473912e83a6d1da,50,7,0.14,0.0010691919963341989,3964.4,465.5,False
1eade46fba20122dc4aefb379f8c636b,58,7,0.1206896551724138,0.0010691919963341989,3635.37,435.82,False
3fd1e727ba94cfe122d165e176ce7967,35,7,0.2,0.0010691919963341989,2805.2,414.3,False
f0b47fbbc6dee9aafe415a6e33051b3f,67,7,0.1044776119402985,0.0010691919963341989,3795.91,319.25,False
fd386aa7bed2af3c7035c65506c9b4a3,69,7,0.10144927536231885,0.0010691919963341989,2304.15,318.32,False
643214e62b870443ccbe55ab29a4dccf,65,7,0.1076923076923077,0.0010691919963341989,3270.13,227.1,False
e59aa562b9f8076dd550fcddf0e73491,69,6,0.08695652173913043,0.0009164502825721705,31574.3,3733.8,False
8444e55c1f13cd5c179851e5ca5ebd00,92,6,0.06521739130434782,0.0009164502825721705,22873.21,2359.0,False
054694fa03fe82cec4b7551487331d74,20,6,0.3,0.0009164502825721705,9983.1,2339.1,True
66e0557ecc2b4dbea057e93f215f68d8,30,6,0.2,0.0009164502825721705,12480.0,2274.0,False
c60b801f2d52c7f7f91de00870882a75,39,6,0.15384615384615385,0.0009164502825721705,12913.5,2160.0,False
aba1721a889e04decc910aa13b768ef4,83,6,0.07228915662650602,0.0009164502825721705,14103.3,1938.0,False
2528513dd95219a6013d4d05176e391a,160,6,0.0375,0.0009164502825721705,32689.1,1519.0,False
ff1fb4c404b2efe68b03350a8dc24122,46,6,0.13043478260869565,0.0009164502825721705,6771.0,1364.0,False
b19f3ca2ea475913750f25a5c37c8d8f,19,6,0.3157894736842105,0.0009164502825721705,6202.91,1337.48,True
7f152321c60a266edc53af1925ef96c1,20,6,0.3,0.0009164502825721705,3919.8,1319.94,True
dd55f1bb788714a40e7954c3be6df745,35,6,0.17142857142857143,0.0009164502825721705,7041.76,1298.05,False
bfd27a966d91cfaafdb25d076585f0da,114,6,0.05263157894736842,0.0009164502825721705,19921.0,1170.0,False
0d85bbda9889ce1f7e63778d24f346eb,51,6,0.11764705882352941,0.0009164502825721705,4845.2,1121.9,False
048c2757535328e0d7dac690ad3c0aae,50,6,0.12,0.0009164502825721705,9264.78,1114.6,False
6ec1a01e866584bb679eb9b098345919,30,6,0.2,0.0009164502825721705,4248.91,1010.93,False
0bf0150d5b9d60d9cd2906003332f085,39,6,0.15384615384615385,0.0009164502825721705,5774.6,951.4,False
3c03b12bab54d8b37d79d914bfdb1aa0,37,6,0.16216216216216217,0.0009164502825721705,4236.34,796.56,False
c8b0e2b0a7095e5d8219575d5e7e1181,84,6,0.07142857142857142,0.0009164502825721705,12170.21,787.95,False
1a3df491d1c4f1589fc2b934ada68bf2,160,6,0.0375,0.0009164502825721705,23302.7,764.4,False
7ea5bfa6c340f58f8e71fc1f0412b0d6,96,6,0.0625,0.0009164502825721705,11002.89,714.94,False
834f8533b2ecb6598dd004ff3de7203a,41,6,0.14634146341463414,0.0009164502825721705,4538.29,713.84,False
8e6cc767478edae941d9bd9eb778d77a,100,6,0.06,0.0009164502825721705,6830.58,602.46,False
f80edd2c5aaa505cc4b0a3b219abf4b8,116,6,0.05172413793103448,0.0009164502825721705,9108.2,592.2,False
0b90b6df587eb83608a64ea8b390cf07,163,6,0.03680981595092025,0.0009164502825721705,28592.32,584.7,False
79ebd9a61bac3eaf882805ed4ecfa12a,133,6,0.045112781954887216,0.0009164502825721705,15092.79,574.4,False
d13e50eaa47b4cbe9eb81465865d8cfc,66,6,0.09090909090909091,0.0009164502825721705,7155.05,521.35,False
ec8879960bd2221d5c32f8e12f7da711,35,6,0.17142857142857143,0.0009164502825721705,4062.4,516.4,False
dd2bdf855a9172734fbc3744021ae9b9,105,6,0.05714285714285714,0.0009164502825721705,10816.7,499.4,False
bd0389da23d89b726abf911cccc54596,87,6,0.06896551724137931,0.0009164502825721705,7472.16,475.39,False
d673a59aac7a70d8b01e6902bf090a11,79,6,0.0759493670886076,0.0009164502825721705,3908.94,461.94,False
0ed6ce5d87fd9c69eaacaeb778d67235,42,6,0.14285714285714285,0.0009164502825721705,2141.42,393.49,False
1336efc61c316ddf92c899eb817f7cae,74,6,0.08108108108108109,0.0009164502825721705,4837.31,378.97,False
a6fe7de3d16f6149ffe280349a8535a0,50,6,0.12,0.0009164502825721705,2904.8,319.4,False
95e03ca3d4146e4011985981aeb959b9,172,6,0.03488372093023256,0.0009164502825721705,11009.96,313.69,False
7e3f87d16fb353f408d467e74fbd8014,91,6,0.06593406593406594,0.0009164502825721705,4754.99,310.58,False
0adac9fbd9a2b63cccaac4f8756c1ca8,106,6,0.05660377358490566,0.0009164502825721705,15960.95,299.8,False
3be634553519fb6536a03e1358e9fdc7,80,6,0.075,0.0009164502825721705,5370.95,278.19,False
6860153b69cc696d5dcfe1cdaaafcf62,74,6,0.08108108108108109,0.0009164502825721705,3827.63,265.84,False
18a349e75d307f4b4cc646a691ed4216,109,6,0.05504587155963303,0.0009164502825721705,8711.53,257.79,False
7008613ea464bad5cb9b83456e1e6a8f,123,6,0.04878048780487805,0.0009164502825721705,7777.0,234.0,False
23613d49c3ac2bd302259e55c06c050c,69,6,0.08695652173913043,0.0009164502825721705,4293.0,230.3,False
827f8f69dfa529c561901c4f2e0f332f,91,6,0.06593406593406594,0.0009164502825721705,3408.39,175.0,False
537eb890efff034a88679788b647c564,158,6,0.0379746835443038,0.0009164502825721705,4679.7,164.4,False
f4aba7c0bca51484c30ab7bdc34bcdd1,108,6,0.05555555555555555,0.0009164502825721705,3009.79,133.84,False
17f51e7198701186712e53a39c564617,56,5,0.08928571428571429,0.0007637085688101421,48019.0,3800.0,False
903037660cf848a717166eb7a06d616e,44,5,0.11363636363636363,0.0007637085688101421,7991.51,2060.93,False
c4d51195486dc781531876a7d00453d8,17,5,0.29411764705882354,0.0007637085688101421,11468.98,2033.03,True
7681ef142fd2c19048da7430856b5588,58,5,0.08620689655172414,0.0007637085688101421,31941.81,1831.0,False
23d7c96d4a1160db1c726b248601b25a,50,5,0.1,0.0007637085688101421,11766.94,1644.5,False
cee48807215b30a12ca2ca10ffb5f250,39,5,0.1282051282051282,0.0007637085688101421,7212.23,1545.54,False
a888faf2d1baececa6baf9c3d603ee1f,53,5,0.09433962264150944,0.0007637085688101421,17765.8,1403.5,False
2089a6d640999f9b9141ac719b2af596,41,5,0.12195121951219512,0.0007637085688101421,8830.82,1367.29,False
e96498ed8daaa3e9c23f7a62da76591c,34,5,0.14705882352941177,0.0007637085688101421,9619.09,1279.95,False
822bad9bc42b51213ba522fe87b7ab5d,18,5,0.2777777777777778,0.0007637085688101421,5160.0,1095.0,True
b18dc380845b24038cfc48006478f099,43,5,0.11627906976744186,0.0007637085688101421,8353.3,1034.46,False
70c27847eca8195c983ed7e798c56743,77,5,0.06493506493506493,0.0007637085688101421,12077.52,949.95,False
710e3548e02bc1d2831dfc4f1b5b14d4,131,5,0.03816793893129771,0.0007637085688101421,23979.11,835.95,False
ce248b21cb2adc36282ede306b7660e5,64,5,0.078125,0.0007637085688101421,15230.06,806.5,False
99a54764c341d5dc80b4a8fac4eba3fb,44,5,0.11363636363636363,0.0007637085688101421,3708.76,770.5,False
1c68394e931a64f90ea236c5ea590300,142,5,0.035211267605633804,0.0007637085688101421,24832.75,731.44,False
44073f8b7e41514de3b7815dd0237f4f,142,5,0.035211267605633804,0.0007637085688101421,18729.64,682.6,False
d05ae8f7a5bd1d2a690a44cd079e4e27,77,5,0.06493506493506493,0.0007637085688101421,13436.0,659.0,False
d6b1ce66b035a475f00c017792ff9769,92,5,0.05434782608695652,0.0007637085688101421,12277.4,593.89,False
1b4c3a6f53068f0b6944d2d005c9fc89,111,5,0.04504504504504504,0.0007637085688101421,14760.3,557.29,False
23c38debaffe4a25a30fdbd9b586a13f,41,5,0.12195121951219512,0.0007637085688101421,5382.18,532.84,False
1bb2bdb95f4841f1bba2c0d2cd83d3c9,79,5,0.06329113924050633,0.0007637085688101421,5002.71,522.78,False
4c498c7345e89aebad651544829beca0,47,5,0.10638297872340426,0.0007637085688101421,4819.76,508.6,False
e2aee0892199b1d92530e371abd825bf,36,5,0.1388888888888889,0.0007637085688101421,5662.57,499.5,False
3df020b72d3d44b3af9d110fa3940b65,55,5,0.09090909090909091,0.0007637085688101421,5039.9,499.0,False
d93919c944be9cff128f6c9cb899eacb,33,5,0.15151515151515152,0.0007637085688101421,2666.7,489.5,False
a420f60ff1aa9acc80d0e42959f2b313,67,5,0.07462686567164178,0.0007637085688101421,7443.3,486.3,False
5a8e7d5003a1f221f9e1d6e411de7c23,137,5,0.0364963503649635,0.0007637085688101421,11171.9,439.2,False
aafe36600ce604f205b86b5084d3d767,129,5,0.03875968992248062,0.0007637085688101421,9251.4,407.5,False
26e2c91ef821e1ff8985f408788fe35b,12,5,0.4166666666666667,0.0007637085688101421,1649.4,397.4,True
318f287a62ab7ac10b703ac37435a231,51,5,0.09803921568627451,0.0007637085688101421,2517.48,390.0,False
973f21788dfab357250f69a8dcb7ddee,9,5,0.5555555555555556,0.0007637085688101421,909.0,381.0,True
1dfe5347016252a7884b694d4f10f5c4,20,5,0.25,0.0007637085688101421,1693.5,368.1,True
406822777a0b9eb5c50e442dd4cd3ec5,44,5,0.11363636363636363,0.0007637085688101421,3648.08,349.5,False
850913d59ce317156b00f3705f1c3edb,29,5,0.1724137931034483,0.0007637085688101421,2690.0,347.0,True
715bbd5ba4e6b74cb0d2f29eb45058b0,62,5,0.08064516129032258,0.0007637085688101421,4043.3,318.8,False
0db783cfcd3b73998abc6e10e59a102f,132,5,0.03787878787878788,0.0007637085688101421,9077.4,270.7,False
080102cd0a76b09e0dcf55fcacc60e05,122,5,0.040983606557377046,0.0007637085688101421,5716.78,248.01,False
640e21a7d01df7614a3b4923e990d40c,115,5,0.043478260869565216,0.0007637085688101421,7598.88,239.39,False
4e5725ba188db8252977a4f0227bd462,21,5,0.23809523809523808,0.0007637085688101421,1930.59,205.32,True
f7ccf836d21b2fb1de37564105216cc1,69,5,0.07246376811594203,0.0007637085688101421,2787.4,178.7,False
36a968b544695394e4e9d7572688598f,148,5,0.033783783783783786,0.0007637085688101421,9482.87,173.5,False
db4350fd57ae30082dec7acbaacc17f9,136,5,0.03676470588235294,0.0007637085688101421,3331.31,138.85,False
b76dba6c951ab00dc4edf0a1aa88037e,157,5,0.03184713375796178,0.0007637085688101421,2574.78,115.44,False
ff69aa92bb6b1bf9b8b7a51c2ed9cf8b,20,4,0.2,0.0006109668550481136,21940.8,4914.0,True
02d35243ea2e497335cd0f076b45675d,14,4,0.2857142857142857,0.0006109668550481136,5794.0,2726.0,True
834f3294fba9f932f56edc879193f925,66,4,0.06060606060606061,0.0006109668550481136,39907.5,2437.3,False
165fc07beebdcb6190fba8a06db2a449,50,4,0.08,0.0006109668550481136,17481.4,1648.2,False
cb41bfbcbda0aea354a834ab222f9a59,11,4,0.36363636363636365,0.0006109668550481136,4002.0,1397.0,True
96493fab2fbb13a14d0c0e8772eef5c3,63,4,0.06349206349206349,0.0006109668550481136,18969.0,1146.0,False
e0878efa0e0b7e5313ac0b43bc04c081,26,4,0.15384615384615385,0.0006109668550481136,5065.3,1039.6,True
5b8154610ebb21fb90eb587365e673df,37,4,0.10810810810810811,0.0006109668550481136,9397.54,1034.94,False
282f23a9769b2690c5dda22e316f9941,98,4,0.04081632653061224,0.0006109668550481136,6505.08,827.06,False
4aba391bc3b88717ce08eb11e44937b2,27,4,0.14814814814814814,0.0006109668550481136,7595.87,799.99,True
11305281b50fff20ae8bb473f8e11876,35,4,0.11428571428571428,0.0006109668550481136,6528.7,749.86,False
db2956745b3a8e9f3785c99f34b5d25e,45,4,0.08888888888888889,0.0006109668550481136,8599.0,742.0,False
624f4ece8da4aafb77699233d480f8ef,52,4,0.07692307692307693,0.0006109668550481136,9205.0,696.0,False
1f9ab4708f3056ede07124aad39a2554,76,4,0.05263157894736842,0.0006109668550481136,13602.73,684.6,False
c33847515fa6305ce6feb1e818569f13,114,4,0.03508771929824561,0.0006109668550481136,15519.85,675.0,False
5bc55dbe2f12b6af6d83ed46023e0dc8,17,4,0.23529411764705882,0.0006109668550481136,2992.1,673.7,True
3a1a1fec38dd360f15fc912e821e169d,15,4,0.26666666666666666,0.0006109668550481136,2007.38,658.59,True
3f3486b61f45078d4f31ee5e43d8c5bb,39,4,0.10256410256410256,0.0006109668550481136,3829.73,624.69,False
82e0a475a88cc9595229d8029273f045,41,4,0.0975609756097561,0.0006109668550481136,10930.02,617.8,False
7b07b3c7487f0ea825fc6df75abd658b,91,4,0.04395604395604396,0.0006109668550481136,9731.85,589.72,False
1e8b33f18b4f7598d87f5cbee2282cc2,122,4,0.03278688524590164,0.0006109668550481136,17309.06,588.69,False
5f2684dab12e59f83bef73ae57724e45,67,4,0.05970149253731343,0.0006109668550481136,9000.87,579.6,False
0cbcee27c791afa0cdcb08587a2013a8,37,4,0.10810810810810811,0.0006109668550481136,5324.15,577.0,False
c3cfdc648177fdbbbb35635a37472c53,278,4,0.014388489208633094,0.0006109668550481136,43048.18,568.6,False
8e8a7ce9f2f970dc00e2acf6f6e199f6,63,4,0.06349206349206349,0.0006109668550481136,9101.0,534.0,False
e24fc9fcd865784fb25705606fe3dfe7,51,4,0.0784313725490196,0.0006109668550481136,12936.0,528.0,False
058fd0aa2bfdb2274e05e1ae971dabb6,60,4,0.06666666666666667,0.0006109668550481136,7667.9,482.5,False
5b925e1d006e9476d738aa200751b73b,63,4,0.06349206349206349,0.0006109668550481136,7748.5,476.0,False
00fc707aaaad2d31347cf883cd2dfe10,103,4,0.038834951456310676,0.0006109668550481136,12684.9,474.0,False
0725b8c0f3f906e58f70cbe76b7c748c,16,4,0.25,0.0006109668550481136,2190.3,471.87,True
08633c14ef2db992c11f840f04fad4cd,74,4,0.05405405405405406,0.0006109668550481136,7644.3,470.3,False
3b872fd4747f01cc56206f2934198618,25,4,0.16,0.0006109668550481136,2726.74,469.6,True
7a241947449cc45dbfda4f9d0798d9d0,56,4,0.07142857142857142,0.0006109668550481136,8027.63,467.98,False
febab0275244b9a49a623f0bd613ca2f,106,4,0.03773584905660377,0.0006109668550481136,7272.42,448.49,False
633ecdf879b94b5337cca303328e4a25,6,4,0.6666666666666666,0.0006109668550481136,1037.6,439.6,True
06579cb253ecd5a3a12a9e6eb6bf8f47,61,4,0.06557377049180328,0.0006109668550481136,4727.2,437.3,False
02dcd3e8e25bee036e32512bcf175493,13,4,0.3076923076923077,0.0006109668550481136,1491.9,423.0,True
323ce52b5b81df2cd804b017b7f09aa7,29,4,0.13793103448275862,0.0006109668550481136,2554.2,399.6,True
6d803cb79cc31c41c4c789a75933b3c7,58,4,0.06896551724137931,0.0006109668550481136,8711.4,384.8,False
e067ad2c1c0b48758eb1b5228bcf7a68,54,4,0.07407407407407407,0.0006109668550481136,5042.55,370.8,False
d3f39f05462b79a4562d35893a28f159,33,4,0.12121212121212122,0.0006109668550481136,2411.3,359.9,False
86ccac0b835037332a596a33b6949ee1,178,4,0.02247191011235955,0.0006109668550481136,16619.93,350.09,False
14d7985702e72162bbf13b6beb74ab2b,37,4,0.10810810810810811,0.0006109668550481136,3887.0,344.0,False
a44fb5a447105f8469bdf16bf9159f25,19,4,0.21052631578947367,0.0006109668550481136,3706.1,337.9,True
9d4db00d65d7760644ac0c14edb5fd86,97,4,0.041237113402061855,0.0006109668550481136,9979.7,332.58,False
dbb9b48c841a0e39e21f98e1a6b2ec3e,108,4,0.037037037037037035,0.0006109668550481136,7186.85,329.77,False
2a84855fd20af891be03bc5924d2b453,155,4,0.025806451612903226,0.0006109668550481136,15819.1,329.6,False
0176f73cc1195f367f7b32db1e5b3aa8,37,4,0.10810810810810811,0.0006109668550481136,4733.1,322.6,False
070d165398b553f3b4b851c216b8a358,31,4,0.12903225806451613,0.0006109668550481136,3393.16,321.96,False
b74d1c09cb380e1d03a6f859c6f4224b,30,4,0.13333333333333333,0.0006109668550481136,2221.6,319.94,False
56642bcb79900e777d68e91915cb4267,48,4,0.08333333333333333,0.0006109668550481136,3657.64,315.92,False
6f892e20a171e98efe17fdb971ff319b,41,4,0.0975609756097561,0.0006109668550481136,6438.7,310.6,False
432c37c9dfba871172ec162e20118b8c,44,4,0.09090909090909091,0.0006109668550481136,2968.87,310.0,False
2d50d6282f8aa2257819a77bfaa0efe0,42,4,0.09523809523809523,0.0006109668550481136,3353.48,302.9,False
6fc26fe110feebd80a433e1f012a84f9,35,4,0.11428571428571428,0.0006109668550481136,4150.87,295.99,False
670c26e0f1bf8d0576271d5cfaec6d2b,77,4,0.05194805194805195,0.0006109668550481136,6341.6,287.3,False
b6d44737c043328708f6749c2dbe50bd,61,4,0.06557377049180328,0.0006109668550481136,5369.6,271.9,False
7722b1df1b0e383e000397b2c11e3e19,133,4,0.03007518796992481,0.0006109668550481136,7094.09,264.68,False
312ba1d77e9c332ef21f9598b7f64cd7,7,4,0.5714285714285714,0.0006109668550481136,756.0,261.0,True
8a130737016f838139d31878787a39c9,56,4,0.07142857142857142,0.0006109668550481136,4222.03,258.4,False
c8467937e403e76a8ee9f0ab13f6f5ef,30,4,0.13333333333333333,0.0006109668550481136,1853.79,252.6,False
95b293867b5862941c9cd74f756a3c68,9,4,0.4444444444444444,0.0006109668550481136,648.1,241.6,True
0ffa40d54288e4f3499b8780dd0f144f,33,4,0.12121212121212122,0.0006109668550481136,2162.8,232.0,False
d97df38225e5abadaff1e72cb72b823c,28,4,0.14285714285714285,0.0006109668550481136,1846.0,227.0,True
8a32e327fe2c1b3511609d81aaf9f042,126,4,0.031746031746031744,0.0006109668550481136,6429.01,222.9,False
dee656f0f566ed1aa85bd137c943f08f,92,4,0.043478260869565216,0.0006109668550481136,6271.98,208.69,False
cab85505710c7cb9b720bceb52b01cee,201,4,0.01990049751243781,0.0006109668550481136,11389.1,199.6,False
951e8cef368f09bb3f3d03c00ca4702c,62,4,0.06451612903225806,0.0006109668550481136,4092.29,186.96,False
98dac6635aee4995d501a3972e047414,89,4,0.0449438202247191,0.0006109668550481136,4235.85,181.93,False
a17f621c590ea0fab3d5d883e1630ec6,63,4,0.06349206349206349,0.0006109668550481136,2778.58,164.98,False
d98eec89afa3380e14463da2aabaea72,168,4,0.023809523809523808,0.0006109668550481136,6968.53,159.96,False
8cbac7e12637ed9cffa18c7875207478,66,4,0.06060606060606061,0.0006109668550481136,2990.98,145.0,False
4a3ccda38b2129705f3fb522db62ca31,64,4,0.0625,0.0006109668550481136,17062.59,139.7,False
dd533b429f380718b70ad9922c294bae,39,4,0.10256410256410256,0.0006109668550481136,2819.77,134.7,False
0509040ea3fe50071181bbc359eb7738,87,4,0.04597701149425287,0.0006109668550481136,3737.95,112.9,False
28f10b1c5e5abb9d4857745bede6147c,28,4,0.14285714285714285,0.0006109668550481136,835.0,106.0,True
f214d28e8d8e3ef068748498ccc2f813,52,4,0.07692307692307693,0.0006109668550481136,2212.41,101.96,False
4c18691b6037662be2df78a765d98ab5,63,4,0.06349206349206349,0.0006109668550481136,3195.52,81.2,False
57c764b4a836300be881e2ff86e449f9,28,4,0.14285714285714285,0.0006109668550481136,1211.0,39.6,True
eeb6de78f79159600292e314a77cbd18,82,3,0.036585365853658534,0.00045822514128608525,43739.84,5047.0,False
7b0df942f46435babab05d49b744b2c4,32,3,0.09375,0.00045822514128608525,22600.63,3112.55,False
f62d7bb4a613ec758a03342d46b580b2,32,3,0.09375,0.00045822514128608525,24665.0,2250.0,False
d71d863e5ef30d94e440c11be17dcd8f,23,3,0.13043478260869565,0.00045822514128608525,11900.9,2107.0,True
86bb7c4b535e49a541baf3266b1c95b1,16,3,0.1875,0.00045822514128608525,8162.4,1793.7,True
099095b050cfe8eb1ddff5317587e96e,16,3,0.1875,0.00045822514128608525,5193.83,1678.98,True
c847e075301870dd144a116762eaff9a,41,3,0.07317073170731707,0.00045822514128608525,15348.7,1659.7,False
15aac934c58d886785ac1b17953ea898,25,3,0.12,0.00045822514128608525,4353.9,1598.0,True
1f1bb1f0859883505541bdd6606193e5,27,3,0.1111111111111111,0.00045822514128608525,16040.84,1509.98,True
13fa2a6c6b9d0f43cb588d7c82117a12,9,3,0.3333333333333333,0.00045822514128608525,4528.0,1477.0,True
7b1222c3624aa89b9558b50a2594188c,22,3,0.13636363636363635,0.00045822514128608525,10103.52,1449.79,True
81a1104df0f08b59c68aa5b03cfe398e,72,3,0.041666666666666664,0.00045822514128608525,9420.88,1399.7,False
d650b663c3b5f6fb392b6326366efa9a,57,3,0.05263157894736842,0.00045822514128608525,19242.9,1247.0,False
1da366cade6d8276e7d8beea7af5d4bf,42,3,0.07142857142857142,0.00045822514128608525,6917.59,1087.9,False
01cf7e3d21494c41fb86034f2e714fa1,59,3,0.05084745762711865,0.00045822514128608525,9729.36,1083.16,False
eb4df17aed01d918c65f0f8d650900c0,11,3,0.2727272727272727,0.00045822514128608525,3739.87,947.97,True
427165bf50f8ca07efc7bdc2bfcf1688,5,3,0.6,0.00045822514128608525,1603.5,911.0,True
d3dcf0604eabf0224fbd5948b5e02f69,9,3,0.3333333333333333,0.00045822514128608525,2902.3,878.8,True
5acd070dd3fe441bbb2ec1f1ede515ee,7,3,0.42857142857142855,0.00045822514128608525,764.17,644.9,True
b2ac621f0d0322434d04a12b078b9369,30,3,0.1,0.00045822514128608525,9575.5,642.9,False
94144541854e298c2d976cb893b81343,68,3,0.04411764705882353,0.00045822514128608525,17286.28,614.7,False
681fce914360217db47784ae28905a96,23,3,0.13043478260869565,0.00045822514128608525,4127.33,601.0,True
26d8a1c7c75d513045798992ead43aa2,34,3,0.08823529411764706,0.00045822514128608525,8244.12,599.88,False
91f0eec23d4a61d7d7caeefa3f0ad1ca,11,3,0.2727272727272727,0.00045822514128608525,2190.8,597.0,True
d9bd94811c3338dceb4181f3dbc0c73e,54,3,0.05555555555555555,0.00045822514128608525,6911.02,590.04,False
dc317f341ab0e22f39acbd9dbf9b4a1f,55,3,0.05454545454545454,0.00045822514128608525,18988.4,566.7,False
7fc87cc3e89b3d1d5cabdca32f8485aa,14,3,0.21428571428571427,0.00045822514128608525,2153.9,561.7,True
f593898ec748b7a8cb81fc04edafd98a,19,3,0.15789473684210525,0.00045822514128608525,2813.04,547.98,True
5abb8ea023c77787f2c15da891c8d384,13,3,0.23076923076923078,0.00045822514128608525,2241.0,547.0,True
3ade81dab5a172b88e1871c28ae05260,28,3,0.10714285714285714,0.00045822514128608525,5751.6,531.0,True
a7f13822ceb966b076af67121f87b063,73,3,0.0410958904109589,0.00045822514128608525,12477.64,526.88,False
d50d79cb34e38265a8649c383dcffd48,70,3,0.04285714285714286,0.00045822514128608525,13012.42,524.97,False
e8b4225284fbb02d16f200513f1f395d,30,3,0.1,0.00045822514128608525,5788.52,521.29,False
d5ba419e26d246a0719437cf37d9b46d,33,3,0.09090909090909091,0.00045822514128608525,4061.4,497.0,False
ad420dd0c4f92f8af951ac24b86d0cf5,42,3,0.07142857142857142,0.00045822514128608525,4705.29,489.99,False
4559697a8f7e637227c2eeaed843baff,39,3,0.07692307692307693,0.00045822514128608525,3696.0,489.8,False
9c068d10aca38e85c50202e17b4a7e88,17,3,0.17647058823529413,0.00045822514128608525,2658.9,484.7,True
238fac594e170b59c6d228f5a4f4f1d9,29,3,0.10344827586206896,0.00045822514128608525,3126.0,476.0,True
09f952a5f58d2285b0372551ae8f9b01,50,3,0.06,0.00045822514128608525,11821.5,472.0,False
13074f016982ff2bd6c58ced8682f000,13,3,0.23076923076923078,0.00045822514128608525,2116.0,467.0,True
2e1a7d075abe038c1b2743005fe42ff1,18,3,0.16666666666666666,0.00045822514128608525,1396.7,463.4,True
e64d65bc8dbec2accda90c58de5d1246,12,3,0.25,0.00045822514128608525,1678.8,449.7,True
e8b3a3a38279a82f0e5d006d5e5b7d2c,80,3,0.0375,0.00045822514128608525,13154.7,443.7,False
4e17c65a516f69d023a2ae78b84f28d6,61,3,0.04918032786885246,0.00045822514128608525,7639.26,427.4,False
93dc87703c046b603023e75222018b45,33,3,0.09090909090909091,0.00045822514128608525,8517.35,426.85,False
2a7dc43cecabf23403078e2188437d1d,52,3,0.057692307692307696,0.00045822514128608525,4795.91,425.7,False
701938c450705b8ae65fc923b70f35c7,74,3,0.04054054054054054,0.00045822514128608525,11983.28,421.88,False
1a932caad4f9d804097d7f8e615baed1,20,3,0.15,0.00045822514128608525,4661.0,415.0,True
c37b2059d4f90d4feead554e5246565e,12,3,0.25,0.00045822514128608525,839.3,392.4,True
f12ff17ad8bbf01ec5c33b17e506649b,28,3,0.10714285714285714,0.00045822514128608525,6241.0,391.0,True
5b0cc932433fa5184b5b94bfe6bcc256,12,3,0.25,0.00045822514128608525,1437.8,388.0,True
e89c4adbe7b1d0819dbb636e16461cf1,24,3,0.125,0.00045822514128608525,3181.3,387.9,True
d94a40fd42351c259927028d163af842,100,3,0.03,0.00045822514128608525,13823.8,387.0,False
382229d1e840115ffe3dbf5ff460e417,45,3,0.06666666666666667,0.00045822514128608525,4096.96,379.79,False
02f623a8eb246f3c5f7c2f96462654e6,44,3,0.06818181818181818,0.00045822514128608525,6378.0,377.0,False
688756f717c462a206ad854c5027a64a,81,3,0.037037037037037035,0.00045822514128608525,5966.54,377.0,False
6b3bd31ad8fcda4b2635ec9f3ff2ecdf,35,3,0.08571428571428572,0.00045822514128608525,4198.9,363.9,False
c0563dd588b775f2e37747ef6ad6c92c,28,3,0.10714285714285714,0.00045822514128608525,3697.2,359.7,True
2745f798279e0ed033addcc1474776d7,32,3,0.09375,0.00045822514128608525,3668.53,358.82,False
6a0cbc8af2e8abd1bdfb777943d174c6,34,3,0.08823529411764706,0.00045822514128608525,3894.05,345.0,False
fdb9095204a334cd8872252ffec6f2db,46,3,0.06521739130434782,0.00045822514128608525,8156.0,338.0,False
ff063b022a9a0aab91bad2c9088760b7,94,3,0.031914893617021274,0.00045822514128608525,12076.5,322.5,False
f918546be4bec7104d117789ba758b2b,20,3,0.15,0.00045822514128608525,1483.0,309.0,True
f181738b150df1f37cb0bd72e705b193,36,3,0.08333333333333333,0.00045822514128608525,5529.7,304.8,False
ebd2d60905fb58271facef5596b620d3,82,3,0.036585365853658534,0.00045822514128608525,7941.72,303.8,False
e504a4e2efaa45cbff7e268a2c58c956,10,3,0.3,0.00045822514128608525,1188.8,299.7,True
80e6699fe29150b372a0c8a1ebf7dcc8,96,3,0.03125,0.00045822514128608525,11441.56,297.8,False
aaed1309374718fdd995ee4c58c9dfcd,104,3,0.028846153846153848,0.00045822514128608525,9376.95,295.0,False
5c6d4016c2a288f074fa0848a2b653d2,31,3,0.0967741935483871,0.00045822514128608525,3159.0,283.8,False
5cf13accae3222c70a9cac40818ae839,148,3,0.02027027027027027,0.00045822514128608525,14383.2,279.3,False
4e7c18b98d84e05cbae3ff0ff03846c2,81,3,0.037037037037037035,0.00045822514128608525,9177.9,276.0,False
6b243f80ed07b10f0e8aa0f21a205f3c,79,3,0.0379746835443038,0.00045822514128608525,6260.1,274.7,False
45d33f715e24d15a6ccf5c17b3a23e3c,56,3,0.05357142857142857,0.00045822514128608525,4838.23,266.67,False
05d2173d43ea568aa0540eba70d2ca76,62,3,0.04838709677419355,0.00045822514128608525,5759.66,261.0,False
23a0ffca143a15b9b5bbdb7d552f626a,23,3,0.13043478260869565,0.00045822514128608525,3718.51,256.5,True
5f67c6082caacb26e431a7b17940cece,13,3,0.23076923076923078,0.00045822514128608525,1662.6,248.4,True
0417b067eeab773d2f7061a726dc477f,13,3,0.23076923076923078,0.00045822514128608525,1859.18,246.68,True
2156f2671501a81034d7d07f217609d0,21,3,0.14285714285714285,0.00045822514128608525,2981.5,243.0,True
a066df7361163e7ddc5d7452dd17448b,15,3,0.2,0.00045822514128608525,1078.3,239.6,True
77a515caa36327151d1cc6c32a9f00e1,26,3,0.11538461538461539,0.00045822514128608525,2217.39,231.4,True
e333046ce6517bd8bb510291d44f0130,68,3,0.04411764705882353,0.00045822514128608525,7268.0,231.0,False
2a61c271b1ac763450d846849783e922,17,3,0.17647058823529413,0.00045822514128608525,1516.76,220.97,True
25e6ffe976bd75618accfe16cefcbd0d,106,3,0.02830188679245283,0.00045822514128608525,11691.61,215.75,False
7139dc5186aa238b006e066d8fbab2e4,22,3,0.13636363636363635,0.00045822514128608525,1712.0,197.0,True
994f04b3718c2bab35c2adfa8afecd2a,47,3,0.06382978723404255,0.00045822514128608525,3445.7,194.7,False
e38db885400cd35c71dfd162f2c1dbcf,30,3,0.1,0.00045822514128608525,2066.8,194.7,False
1ce3ae5a399804d1a87e706f8a813c3e,40,3,0.075,0.00045822514128608525,2563.0,189.3,False
f08c008c8a8d31417763738a1788a2a8,20,3,0.15,0.00045822514128608525,1291.72,177.7,True
e8f6dc8e6a1dcde89d20e3995c8d90b3,35,3,0.08571428571428572,0.00045822514128608525,2256.34,172.7,False
8f119a0aee85c0c8fc534629734e94fd,75,3,0.04,0.00045822514128608525,3733.68,163.8,False
2ff97219cb8622eaf3cd89b7d9c09824,87,3,0.034482758620689655,0.00045822514128608525,4476.9,157.7,False
dbd66278cbfe1aa1000f90a217ca4695,85,3,0.03529411764705882,0.00045822514128608525,4928.9,154.4,False
b0b346d3a89f5eb4c2968af3f083cd43,9,3,0.3333333333333333,0.00045822514128608525,614.0,150.0,True
7ecd59e5e20407131822c1a68ac59c1f,24,3,0.125,0.00045822514128608525,1466.71,149.97,True
6219ba2359cfb97f2e38fd4c321eb309,5,3,0.6,0.00045822514128608525,487.5,147.8,True
e26901d5ab434ce92fd9b5c256820a4e,197,3,0.015228426395939087,0.00045822514128608525,11990.9,147.7,False
ec4608a1f76453166bb312b2968aeaf4,17,3,0.17647058823529413,0.00045822514128608525,1181.75,143.87,True
b4ffb71f0cb1b1c3d63fad021ecf93e1,143,3,0.02097902097902098,0.00045822514128608525,6656.09,143.25,False
921323538c9f1c4e816f2720eac02bea,15,3,0.2,0.00045822514128608525,1401.84,139.97,True
3771c85bac139d2344864ede5d9341e3,26,3,0.11538461538461539,0.00045822514128608525,1433.3,134.6,True
4992e76a42cb3aad7a7047e0d3d7e729,56,3,0.05357142857142857,0.00045822514128608525,2211.1,119.6,False
0c7533c71df861ec58ad7ff999ed0e8d,61,3,0.04918032786885246,0.00045822514128608525,2989.3,105.1,False
c9aafcd0621b2207c10e32c649cada4d,40,3,0.075,0.00045822514128608525,2997.25,98.88,False
adcf50477d6a1f5d91bb9d54c4903cb5,16,3,0.1875,0.00045822514128608525,1425.14,94.88,True
d9a84e1403de8da0c3aa531d6d108ba6,53,3,0.05660377358490566,0.00045822514128608525,1425.2,93.7,False
f7720c4fa8e3aba4546301ab80ea1f1b,59,3,0.05084745762711865,0.00045822514128608525,2083.45,92.75,False
1caf283236cd69af44cbc09a0a1e7d32,33,3,0.09090909090909091,0.00045822514128608525,917.6,88.88,False
2709af9587499e95e803a6498a5a56e9,25,3,0.12,0.00045822514128608525,1279.56,88.18,True
9b00ed88b7fdb95d6ff76e27c1b52d16,46,3,0.06521739130434782,0.00045822514128608525,1627.88,88.0,False
c990d6cf976a5718aaedc539f383ab88,8,3,0.375,0.00045822514128608525,200.9,87.6,True
20cb7c2fde3e5bf10f0bbe7394e1c6a9,31,3,0.0967741935483871,0.00045822514128608525,861.9,84.5,False
89bc797e2e29667aa035d4368f9b7f92,16,3,0.1875,0.00045822514128608525,407.3,60.7,True
daeb5653dd96c1b11860f72209795012,38,3,0.07894736842105263,0.00045822514128608525,2305.9,55.7,False
538caafddff204241cecbf3a02e6b3cf,8,3,0.375,0.00045822514128608525,148.3,47.7,True
2bf6a2c1e71bbd29a4ad64e6d3c3629f,30,2,0.06666666666666667,0.0003054834275240568,50628.9,3699.9,False
ba90964cff9b9e0e6f32b23b82465f7b,38,2,0.05263157894736842,0.0003054834275240568,44212.5,3198.0,False
397c4d0c005b6f41f90098ac724e28cb,5,2,0.4,0.0003054834275240568,8177.0,2989.0,True
784ba75dd9d20200c4caed3d7a77141a,19,2,0.10526315789473684,0.0003054834275240568,8295.13,2739.89,True
610f72e407cdd7caaa2f8167b0163fd8,16,2,0.125,0.0003054834275240568,13585.16,2706.53,True
014c0679dd340a0e338872e7ec85666a,14,2,0.14285714285714285,0.0003054834275240568,7058.0,2015.0,True
0873d9f8f36123f8d910f4760e788cfb,6,2,0.3333333333333333,0.0003054834275240568,7265.59,1846.23,True
e7df4cd29ab5abab70fb0783ddb53987,23,2,0.08695652173913043,0.0003054834275240568,9608.7,1818.0,True
8c3b533c63cca56240f94f1e3a6b18ef,3,2,0.6666666666666666,0.0003054834275240568,3312.16,1799.6,True
08cdbae123ff67ca4e36d9d641ce0119,4,2,0.5,0.0003054834275240568,3098.99,1799.0,True
ccb83a794700270fde70898fe9ff368b,12,2,0.16666666666666666,0.0003054834275240568,11062.0,1798.0,True
b32be1695eb7ec5f10f72d9610a12527,44,2,0.045454545454545456,0.0003054834275240568,26874.0,1697.0,False
b94cc9f10ddc85e4ba73a6f7974e7101,39,2,0.05128205128205128,0.0003054834275240568,25346.1,1549.8,False
966cb4760537b1404caedd472cc610a5,67,2,0.029850746268656716,0.0003054834275240568,51286.05,1387.0,False
8b8cfc8305aa441e4239358c9f6f2485,15,2,0.13333333333333333,0.0003054834275240568,11892.0,1234.0,True
ad97a199236354e53fcd91a5a913e9a2,16,2,0.125,0.0003054834275240568,13205.9,982.5,True
d32e3909cfb714fb2a6cb092c85b9c5f,10,2,0.2,0.0003054834275240568,2827.9,979.8,True
3361277dc30b7cccdb0c286b24219756,29,2,0.06896551724137931,0.0003054834275240568,3905.05,968.78,True
3078096983cf766a32a06257648502d1,56,2,0.03571428571428571,0.0003054834275240568,8285.42,899.98,False
dd4d95ba2d15c071e6c695e2ef6ce169,4,2,0.5,0.0003054834275240568,1748.0,874.0,True
6a51fc556dab5f766ced6fbc860bc613,24,2,0.08333333333333333,0.0003054834275240568,7577.67,865.8,True
7bac63f6603d382cc8d0832eb6c100a8,19,2,0.10526315789473684,0.0003054834275240568,7751.95,844.0,True
05ff92fedb5be47920fea08e501238b9,57,2,0.03508771929824561,0.0003054834275240568,21992.78,840.0,False
e06f09ec0a4aca210779cf1cfc63cf19,29,2,0.06896551724137931,0.0003054834275240568,5279.49,838.9,True
9de4643a8dbde634fe55621059d92273,72,2,0.027777777777777776,0.0003054834275240568,17560.34,837.97,False
8cc6a0e5738e61a87b03c78b2ba9db4b,23,2,0.08695652173913043,0.0003054834275240568,13312.4,833.8,True
7901646fdd36a55f564ffaf2dbccaaf7,22,2,0.09090909090909091,0.0003054834275240568,11857.08,788.0,True
a1474fd46fd3430168f7ec202da39408,12,2,0.16666666666666666,0.0003054834275240568,2752.5,771.0,True
17eea220a40cc0d2c0c5346379682398,3,2,0.6666666666666666,0.0003054834275240568,1414.98,717.98,True
3e8bd881d92466e63ba9e3e809cd3c50,8,2,0.25,0.0003054834275240568,2242.28,714.79,True
d51e0a403fe2e689ece6c73359d96e12,18,2,0.1111111111111111,0.0003054834275240568,7790.0,693.0,True
04aa0a1c5ce6b222003403a3e11c3cc0,11,2,0.18181818181818182,0.0003054834275240568,5518.0,687.0,True
6e386f64c84e482f0b9abf960797ee1b,29,2,0.06896551724137931,0.0003054834275240568,12938.3,684.0,True
5eeb9c756d9780b96283e5a2ac6da334,9,2,0.2222222222222222,0.0003054834275240568,2471.0,666.0,True
5b35136197710e16ac5e7b7c2bd4ea85,7,2,0.2857142857142857,0.0003054834275240568,3104.2,644.7,True
7586919161935337bf6b6d7ff5779648,11,2,0.18181818181818182,0.0003054834275240568,1664.71,630.9,True
17306570e772e7718c92a562d33f5f1d,27,2,0.07407407407407407,0.0003054834275240568,9669.8,629.8,True
685b870da5b52a710782c9c0fefbeb5b,2,2,1.0,0.0003054834275240568,627.0,627.0,True
656591be56071d4c9ef4e5fee78a578a,7,2,0.2857142857142857,0.0003054834275240568,1702.0,620.0,True
1b7e5006cb25dd23ce8686691013b121,11,2,0.18181818181818182,0.0003054834275240568,2636.74,605.98,True
fcf16b7a8697e559f0123190bb30177d,3,2,0.6666666666666666,0.0003054834275240568,1052.8,601.6,True
700f03c207639c22d933381ff60b35c2,4,2,0.5,0.0003054834275240568,1189.86,599.89,True
31da954dc0855f2495c6310f70a2f931,29,2,0.06896551724137931,0.0003054834275240568,4583.0,598.0,True
1976a05ecf2996d6ffb7b5430e635fe7,8,2,0.25,0.0003054834275240568,1796.2,588.6,True
229c3efbfb0ea2058de4ccdfbc3d784a,118,2,0.01694915254237288,0.0003054834275240568,15744.0,581.0,False
1127b7f2594683f2510f1c2c834a486b,110,2,0.01818181818181818,0.0003054834275240568,6851.33,569.15,False
9449f25aeaf531019b76999ea49a6949,9,2,0.2222222222222222,0.0003054834275240568,2046.45,545.89,True
2d2c62bef4c8ba0dd74e0e228e808539,16,2,0.125,0.0003054834275240568,3749.0,545.0,True
8931a84a914b3fe9b1ddaa4d704947ca,29,2,0.06896551724137931,0.0003054834275240568,4668.3,505.7,True
fa74b2f3287d296e9fbd2cc80f2d1cf1,5,2,0.4,0.0003054834275240568,2459.89,501.8,True
714b9a1332840f257b49f476bea4e341,6,2,0.3333333333333333,0.0003054834275240568,1499.94,499.98,True
b5abf4f36adc043117b4fca82c22984c,8,2,0.25,0.0003054834275240568,1247.8,499.7,True
45ba18c210d42734ec52c0c1c574e9ee,35,2,0.05714285714285714,0.0003054834275240568,5589.13,493.88,False
5b581417df4480f632484ba681e53944,11,2,0.18181818181818182,0.0003054834275240568,1790.6,477.9,True
7202e2ba20579a9bd1acb29e61fe71f6,51,2,0.0392156862745098,0.0003054834275240568,12750.5,474.8,False
76d64c4aca3a7baf218bf93ef7fa768d,64,2,0.03125,0.0003054834275240568,16911.8,469.9,False
31344c16881c08a8a72c6d2eb29918c1,42,2,0.047619047619047616,0.0003054834275240568,9615.7,469.8,False
8090490573c6c0aa343a7231ebcb8c86,26,2,0.07692307692307693,0.0003054834275240568,3871.12,466.08,True
aced59e9b31ef866a94f9e7f29d8d418,61,2,0.03278688524590164,0.0003054834275240568,7268.5,453.0,False
d17f467e4bf608a510c20d82f4ba3b6b,11,2,0.18181818181818182,0.0003054834275240568,3021.66,447.89,True
13d058e4eeac2ce8217660b2f8a05812,22,2,0.09090909090909091,0.0003054834275240568,3829.77,439.98,True
54c04bdb5ec46762f8f08c7e8f86ed4a,18,2,0.1111111111111111,0.0003054834275240568,3281.66,434.8,True
4091f77d8c768fc3e81c20761471761d,8,2,0.25,0.0003054834275240568,1079.0,428.0,True
a2e874074c877c5a05abae80ad6e488f,40,2,0.05,0.0003054834275240568,8071.98,427.22,False
81336a0f57a33776419727a300249e90,15,2,0.13333333333333333,0.0003054834275240568,1374.85,419.7,True
f125f3a310c2e5f822d116147de1e474,16,2,0.125,0.0003054834275240568,2761.4,412.3,True
218f991754f360af9c2daa5e0b8e990c,14,2,0.14285714285714285,0.0003054834275240568,3554.32,399.8,True
244c2f1bff6afe1f2eaf9bfe9b2aed38,23,2,0.08695652173913043,0.0003054834275240568,2580.0,396.0,True
bd23da7354813347129d751591d1a6e2,86,2,0.023255813953488372,0.0003054834275240568,10544.3,379.8,False
c878515173c84a492ebe50d6b493230b,9,2,0.2222222222222222,0.0003054834275240568,1118.84,377.98,True
83deb69e889cf80f82be1dc6d5f2d486,40,2,0.05,0.0003054834275240568,5363.01,364.8,False
b39d7fe263ef469605dbb32608aee0af,43,2,0.046511627906976744,0.0003054834275240568,5193.1,364.8,False
63b464dbf392c7b80d12d932fa7cafed,36,2,0.05555555555555555,0.0003054834275240568,6781.0,358.0,False
abcd2cb37d46c2c8fb1bf071c859fc5b,44,2,0.045454545454545456,0.0003054834275240568,4880.22,356.7,False
4c8b8048e33af2bf94f2eb547746a916,19,2,0.10526315789473684,0.0003054834275240568,2020.73,348.6,True
9906e7aa42a3c067b7c9a564d01c4320,12,2,0.16666666666666666,0.0003054834275240568,2619.0,340.6,True
53d00c40e32aeb924a84ce72b1af869d,17,2,0.11764705882352941,0.0003054834275240568,2165.85,340.0,True
f4db9b37944bcb8873e6b456ee190bbf,21,2,0.09523809523809523,0.0003054834275240568,3409.78,339.98,True
b55638ad525e906c698fa2ce742c1742,11,2,0.18181818181818182,0.0003054834275240568,1094.8,339.0,True
c66dccfb3f109511246da627dd5a2498,44,2,0.045454545454545456,0.0003054834275240568,12708.55,336.9,False
9e6229250fedbe05838fef417b74e7fb,73,2,0.0273972602739726,0.0003054834275240568,13132.2,329.8,False
9f50216bfd01913736a55a11b55ea842,17,2,0.11764705882352941,0.0003054834275240568,1354.0,329.0,True
7daca0837f033a41a6f3428c18657533,7,2,0.2857142857142857,0.0003054834275240568,1228.98,322.09,True
fcdd820084f17e9982427971e4e9d47f,16,2,0.125,0.0003054834275240568,4783.99,320.0,True
7dc8c42cc750eeafea6c85712ffee9bf,41,2,0.04878048780487805,0.0003054834275240568,6409.68,319.98,False
c864036feaab8c1659f65ea4faebe1da,58,2,0.034482758620689655,0.0003054834275240568,10454.2,319.8,False
276677b5d08786d5dce7c2149dcce48b,31,2,0.06451612903225806,0.0003054834275240568,3522.0,311.8,False
edf96ef93ed595084bbcbd9224bd2894,25,2,0.08,0.0003054834275240568,3757.0,308.0,True
cb5df0dcb9e280b1780e9d589889f2c7,11,2,0.18181818181818182,0.0003054834275240568,2934.72,307.98,True
a13580f0e8f782b7a543885a0ef99f08,10,2,0.2,0.0003054834275240568,1304.9,299.98,True
7f2617c58d5d06806987308b45654351,22,2,0.09090909090909091,0.0003054834275240568,3656.8,299.8,True
39d54ff918774174706fb065d7f9dc07,22,2,0.09090909090909091,0.0003054834275240568,1593.59,294.0,True
cd6efc47efaabf134f8bdb654e10b4f1,31,2,0.06451612903225806,0.0003054834275240568,4158.55,290.0,False
df560393f3a51e74553ab94004ba5c87,26,2,0.07692307692307693,0.0003054834275240568,3661.18,289.8,True
b4a476fbd28de64b1e347abf9089366a,30,2,0.06666666666666667,0.0003054834275240568,5724.04,288.25,False
516e7738bd8f735ac19a010ee5450d8d,74,2,0.02702702702702703,0.0003054834275240568,6643.09,281.0,False
99002261c568a84cce14d43fcffb43ea,36,2,0.05555555555555555,0.0003054834275240568,4088.0,280.0,False
198c7ea11960a9844b544d9bcdca860c,25,2,0.08,0.0003054834275240568,1733.75,279.98,True
c522be04e020c1e7b79f3acff36513d5,6,2,0.3333333333333333,0.0003054834275240568,739.93,279.98,True
ffeee66ac5d5a62fe688b9d26f83f534,14,2,0.14285714285714285,0.0003054834275240568,1839.86,279.98,True
b92e3c8f9738272ff7c59e111e108d7c,62,2,0.03225806451612903,0.0003054834275240568,8231.09,279.8,False
0aea4c6ae1505b3228ddf3dd7822ee5b,8,2,0.25,0.0003054834275240568,1427.91,277.98,True
6f229cc508fc6915ed5c499efd93baa4,13,2,0.15384615384615385,0.0003054834275240568,2654.8,268.4,True
655220df33262c7e0c4949a147366f94,13,2,0.15384615384615385,0.0003054834275240568,2245.0,268.0,True
44f091b5abab8018f682fce8124b85e5,3,2,0.6666666666666666,0.0003054834275240568,1680.1,264.4,True
55bb6fe5bebe5012e2d7d9928e1128ff,15,2,0.13333333333333333,0.0003054834275240568,1816.55,264.0,True
ca4b77513ac2040591b0d8fae6958380,14,2,0.14285714285714285,0.0003054834275240568,1772.45,263.05,True
5b179e9e8cc7ab6fd113a46ca584da81,34,2,0.058823529411764705,0.0003054834275240568,5173.5,261.9,False
fcb5ace8bcc92f75707dc0f01a27d269,59,2,0.03389830508474576,0.0003054834275240568,8318.63,256.85,False
e7d5b006eb624f13074497221eb37807,28,2,0.07142857142857142,0.0003054834275240568,3478.93,255.8,True
8b2492b7ff4468839593fafeed55bad9,29,2,0.06896551724137931,0.0003054834275240568,3660.08,250.81,True
bce6a5ecf98e99fd2a8868b15c51f04b,14,2,0.14285714285714285,0.0003054834275240568,3464.9,250.0,True
271c58a1d139c45eaf3316107c6d3a3b,27,2,0.07407407407407407,0.0003054834275240568,3897.52,249.89,True
ac3508719a1d8f5b7614b798f70af136,101,2,0.019801980198019802,0.0003054834275240568,12775.84,249.7,False
20b54c376b794ed028df09a3cd88e8dc,7,2,0.2857142857142857,0.0003054834275240568,1342.95,241.4,True
5ee7fd217d08dfe5d3e2f51f96a12c9a,9,2,0.2222222222222222,0.0003054834275240568,1165.5,239.9,True
b8555308bfdb4ca1ed54325a58da9a97,26,2,0.07692307692307693,0.0003054834275240568,3047.2,239.8,True
289cdb325fb7e7f891c38608bf9e0962,109,2,0.01834862385321101,0.0003054834275240568,13544.95,236.7,False
ecccfa2bb93b34a3bf033cc5d1dcdc69,12,2,0.16666666666666666,0.0003054834275240568,1338.64,234.87,True
062ce95fa2ad4dfaedfc79260130565f,54,2,0.037037037037037035,0.0003054834275240568,7521.0,231.8,False
7d456afc660226829370f3173d14520c,55,2,0.03636363636363636,0.0003054834275240568,8338.25,231.0,False
afe0067131b73e40875c9b6c10bd2e21,45,2,0.044444444444444446,0.0003054834275240568,5130.4,229.8,False
e5e33c0d8e7e002f398f5dc4cbbb338f,26,2,0.07692307692307693,0.0003054834275240568,6698.7,227.45,True
3ab971ce71839580d2ae5b4e40fe8044,35,2,0.05714285714285714,0.0003054834275240568,5002.9,224.0,False
c6bda72e4dbf5c5866b13cb1810c6d03,59,2,0.03389830508474576,0.0003054834275240568,14059.38,219.8,False
977f9f63dd360c2a32ece2f93ad6d306,23,2,0.08695652173913043,0.0003054834275240568,2858.87,219.7,True
082e0bf4cb865a6533b1e8e498cc0255,11,2,0.18181818181818182,0.0003054834275240568,2073.3,214.0,True
6c7d50c24b3ccd2fd83b44d8bb34e073,112,2,0.017857142857142856,0.0003054834275240568,8699.34,212.99,False
b33aaadd1a8891d2dfef0c4c3bdf0371,16,2,0.125,0.0003054834275240568,1504.0,210.0,True
f615fe7efbef0f4f08fd3086bc7a3e60,22,2,0.09090909090909091,0.0003054834275240568,2359.27,209.7,True
afa6714acee029b2dfdf357e5579cc03,16,2,0.125,0.0003054834275240568,3220.76,204.98,True
c013e57c075a06e5b5c48ee03c525719,42,2,0.047619047619047616,0.0003054834275240568,1971.55,203.97,False
ab3e0c171fe84a7ba7de130f19cfb485,6,2,0.3333333333333333,0.0003054834275240568,863.42,199.78,True
d8dd176509baa37f359644d082bf7f7b,2,2,1.0,0.0003054834275240568,198.0,198.0,True
6cd68b3ed6d59aaa9fece558ad360c0a,149,2,0.013422818791946308,0.0003054834275240568,11188.57,197.8,False
33a6f4b1e7cdc205511e76ba1b6e0186,105,2,0.01904761904761905,0.0003054834275240568,10295.01,194.99,False
411f3b52d857390502ee4e4d5ceabc2d,21,2,0.09523809523809523,0.0003054834275240568,1804.01,194.93,True
36890be00bbfc1cdb9a4a38a6af05a69,13,2,0.15384615384615385,0.0003054834275240568,1361.3,194.2,True
157c3e4b42f81ac4a44e8b1ca2fe9876,23,2,0.08695652173913043,0.0003054834275240568,2548.5,194.0,True
c42fd8e4d47dfb18ce5222f2dd7752f9,7,2,0.2857142857142857,0.0003054834275240568,466.99,193.99,True
cb3dd9ce66268c7a3ca7241ac70ab58c,48,2,0.041666666666666664,0.0003054834275240568,2879.76,193.8,False
43f8c9950d11ecd03a0304a49e010da6,41,2,0.04878048780487805,0.0003054834275240568,4249.59,191.98,False
bc07d855eac23aab5ac8a120f21d16b2,11,2,0.18181818181818182,0.0003054834275240568,1283.11,191.5,True
1c40343cc5d18c2d8248ac2f3366de34,21,2,0.09523809523809523,0.0003054834275240568,2461.41,191.2,True
f789d2c4f2c2eb38fc4373e7a4b35264,44,2,0.045454545454545456,0.0003054834275240568,4864.24,189.98,False
8bd0e3abda539b9479c4b44a691be1ec,6,2,0.3333333333333333,0.0003054834275240568,596.55,183.79,True
066a6914e1ebf3ea95a216c73a986b91,66,2,0.030303030303030304,0.0003054834275240568,9410.38,182.3,False
f61c63d13f7cd800549d5acdd390ae72,26,2,0.07692307692307693,0.0003054834275240568,3072.3,182.0,True
0432ead42b6c8a0bdf68154add917fdf,82,2,0.024390243902439025,0.0003054834275240568,7792.1,179.8,False
1352e06ae67b410cdae0b2a22361167b,2,2,1.0,0.0003054834275240568,696.0,178.0,True
9646c3513289980f17226a2fc4720dbd,69,2,0.028985507246376812,0.0003054834275240568,3039.3,178.0,False
8d79c8a04e42d722a75097ce5cbcf2ef,26,2,0.07692307692307693,0.0003054834275240568,2777.72,165.22,True
392e0502231ae2f8b29994ef6398cd77,17,2,0.11764705882352941,0.0003054834275240568,1871.7,154.8,True
30a2f535bb48308f991d0b9ad4a8c4bb,71,2,0.028169014084507043,0.0003054834275240568,4731.3,154.7,False
eebb3372362aa9a46975164bed19a7e7,4,2,0.5,0.0003054834275240568,591.92,147.98,True
3935fe5fe0f82787a9dcb8deb62be09d,16,2,0.125,0.0003054834275240568,1681.69,147.39,True
bcc9dd23e2a8bd8267cf92b19304a1b9,3,2,0.6666666666666666,0.0003054834275240568,202.79,145.8,True
00720abe85ba0859807595bbf045a33b,13,2,0.15384615384615385,0.0003054834275240568,1007.5,145.5,True
2379bdc3888025689a9deb7b141507d5,9,2,0.2222222222222222,0.0003054834275240568,999.5,143.9,True
ce27a3cc3c8cc1ea79d11e561e9bebb6,122,2,0.01639344262295082,0.0003054834275240568,10682.65,142.98,False
5b07547f10dd980738a1a27f685af669,13,2,0.15384615384615385,0.0003054834275240568,1134.6,139.8,True
851773c885feb5e2da3b4f82bc2b17ce,10,2,0.2,0.0003054834275240568,585.3,139.8,True
f22a247b79dd22ecd91dc8e3b2a1b07c,8,2,0.25,0.0003054834275240568,439.94,138.99,True
dc8798cbf453b7e0f98745e396cc5616,35,2,0.05714285714285714,0.0003054834275240568,2056.3,134.7,False
70849ca4f400aaabb62cb7462a6f1428,12,2,0.16666666666666666,0.0003054834275240568,909.58,129.88,True
8a432f4e5b471f8da497d7dc517666e2,95,2,0.021052631578947368,0.0003054834275240568,7555.0,128.0,False
376a891762bbdecbc02b4b6adec3fdda,57,2,0.03508771929824561,0.0003054834275240568,6406.23,127.0,False
e1b12447a7563944843191754aeb5562,9,2,0.2222222222222222,0.0003054834275240568,472.46,126.99,True
9674754b5a0cb32b638cec001178f799,84,2,0.023809523809523808,0.0003054834275240568,5069.92,126.28,False
b64d51f0435e884e8de603b1655155ae,17,2,0.11764705882352941,0.0003054834275240568,416.18,123.09,True
870d0118f7a9d85960f29ad89d5d989a,45,2,0.044444444444444446,0.0003054834275240568,3157.2,120.7,False
be1e9e378700cecaa4ebf71433d7915c,2,2,1.0,0.0003054834275240568,119.89,119.89,True
39c763cca83e654764b7a4a650fb9b7c,11,2,0.18181818181818182,0.0003054834275240568,761.0,118.0,True
fb89df7f89fd1b8f03fa2acca1ba7364,22,2,0.09090909090909091,0.0003054834275240568,2220.0,118.0,True
8d92f3ea807b89465643c219455e7369,3,2,0.6666666666666666,0.0003054834275240568,121.2,117.3,True
79565f7d5603b24ddf07ade262547f2f,7,2,0.2857142857142857,0.0003054834275240568,385.0,116.0,True
d9e7e7778b32987280a6f2cb9a39c57d,11,2,0.18181818181818182,0.0003054834275240568,722.5,112.0,True
863d2ebcd347ce4922de7a0f9a5581d6,17,2,0.11764705882352941,0.0003054834275240568,1382.36,111.3,True
20d83f3ef0e6925fd74bfd59170babf7,40,2,0.05,0.0003054834275240568,2903.6,109.8,False
c794dab4928dd97beb41d05514441e86,16,2,0.125,0.0003054834275240568,1312.4,107.5,True
c4fb51fb1c5b7c07bc5e67be6e7e8f6e,15,2,0.13333333333333333,0.0003054834275240568,1567.9,107.0,True
bf84056e679dbe9c69929847a40e338f,35,2,0.05714285714285714,0.0003054834275240568,2024.04,105.25,False
a36b125ac6d5fdbc7f50de85c9157bdc,23,2,0.08695652173913043,0.0003054834275240568,1843.64,104.98,True
bc47d5d1490df2b36add65d733eafaba,21,2,0.09523809523809523,0.0003054834275240568,1004.8,102.5,True
8a40ae794fa3f9892cee24bd5af0488b,6,2,0.3333333333333333,0.0003054834275240568,739.85,99.98,True
95f83f51203c626648c875dd41874c7f,50,2,0.04,0.0003054834275240568,3217.46,99.89,False
2dcf93836ae3ce0d7c93e2f10876467a,9,2,0.2222222222222222,0.0003054834275240568,1443.8,99.8,True
78c99c6dff4eeae5be99bf635ed21e3f,31,2,0.06451612903225806,0.0003054834275240568,2030.88,97.9,False
b87a7ea0c30fad2dd6781b74a0064859,9,2,0.2222222222222222,0.0003054834275240568,515.4,97.5,True
b56906f7fd1696e043f1bcce164c487b,40,2,0.05,0.0003054834275240568,2148.49,97.49,False
ef2fbc2b607d8492bcffe657a4645434,19,2,0.10526315789473684,0.0003054834275240568,970.8,96.8,True
d1ef48b38baca7e831711c4a0aeb398f,28,2,0.07142857142857142,0.0003054834275240568,1469.12,90.3,True
be8e909810184b9b19e886129149d8e5,15,2,0.13333333333333333,0.0003054834275240568,629.85,89.98,True
2aa3443d7bf9d9bb11133f420d75e083,10,2,0.2,0.0003054834275240568,647.0,89.8,True
31be790e64fc99f8ff48ec2bd18a3104,6,2,0.3333333333333333,0.0003054834275240568,241.4,89.8,True
e3a386fc36e22064434e1fa256f6a9fa,16,2,0.125,0.0003054834275240568,793.9,89.3,True
2a6fbeaa7ab9e5d59a35841a8da71ce4,30,2,0.06666666666666667,0.0003054834275240568,1632.79,88.9,False
76c47a299e4a8fe992316a85865acbe9,6,2,0.3333333333333333,0.0003054834275240568,1024.46,85.96,True
2bf28e311bba65237358230cabac3f15,7,2,0.2857142857142857,0.0003054834275240568,294.0,85.0,True
709e16e2b25c7474d980076c6bfc4806,60,2,0.03333333333333333,0.0003054834275240568,5151.9,80.8,False
cce6ab8d1682639fe45ab70234f1665f,61,2,0.03278688524590164,0.0003054834275240568,2522.7,80.0,False
0afccdb8a34ee5c79f7c06faf2b4d56e,24,2,0.08333333333333333,0.0003054834275240568,1225.5,79.8,True
d3674f271c91f824f82d24d92011f669,20,2,0.1,0.0003054834275240568,1718.3,79.8,True
e5bd51692380fd8cabb19b756b95e714,2,2,1.0,0.0003054834275240568,119.7,79.8,True
d4e12e7884759a14fa0f5f896c791cae,29,2,0.06896551724137931,0.0003054834275240568,1400.0,76.7,True
768a86e36ad6aae3d03ee3c6433d61df,17,2,0.11764705882352941,0.0003054834275240568,587.46,74.82,True
52f0fe436a347ddad7ed5f9aa4e27eaa,19,2,0.10526315789473684,0.0003054834275240568,1484.37,72.98,True
0ea22c1cfbdc755f86b9b54b39c16043,234,2,0.008547008547008548,0.0003054834275240568,10711.7,69.8,False
259f7b5e6e482c230e5bfaa670b6bb8f,136,2,0.014705882352941176,0.0003054834275240568,8526.04,69.8,False
b5e3e38609125694d2ea2417522a60b7,16,2,0.125,0.0003054834275240568,995.04,67.98,True
bd15ee794d5e640d9dd71b665b2ab15b,12,2,0.16666666666666666,0.0003054834275240568,374.8,67.8,True
579891617139df7d8671d373f0669622,8,2,0.25,0.0003054834275240568,280.3,62.8,True
8bb48dc19fccaa8613b6229bf7f452a2,82,2,0.024390243902439025,0.0003054834275240568,4190.72,62.4,False
6a8a889bde935bafa76d7848782dfaf9,26,2,0.07692307692307693,0.0003054834275240568,860.82,60.0,True
6ee85be3693ed79a8e80718743d80655,5,2,0.4,0.0003054834275240568,484.5,59.0,True
1838dd9b8977065acf51d95e0053ea7a,62,2,0.03225806451612903,0.0003054834275240568,2820.3,58.8,False
0249d282d911d23cb8b869ab49c99f53,11,2,0.18181818181818182,0.0003054834275240568,393.0,58.0,True
750303a20e9c56b2a6bc45cdce0b897d,53,2,0.03773584905660377,0.0003054834275240568,8085.0,57.8,False
e63e8bfa530fb16910dd6956e592bb81,41,2,0.04878048780487805,0.0003054834275240568,1311.7,57.8,False
729b2d09b2a0bdab221076327f13d050,48,2,0.041666666666666664,0.0003054834275240568,1822.11,52.89,False
85cc55e048b6bcc90c75afe7f0e72f72,9,2,0.2222222222222222,0.0003054834275240568,308.28,49.8,True
25cf099de44674fde97473224f9d59ab,50,2,0.04,0.0003054834275240568,1654.36,45.0,False
113e3a788b935f48aad63e1c41dac1bd,39,2,0.05128205128205128,0.0003054834275240568,847.35,44.88,False
75fbb52eda0cbc24f479d3b2fbfa8d3e,38,2,0.05263157894736842,0.0003054834275240568,1130.99,39.8,False
6d988d6174a2c27441597174f8905515,19,2,0.10526315789473684,0.0003054834275240568,371.73,37.9,True
bbaff50f3b708fda865918715276cd87,12,2,0.16666666666666666,0.0003054834275240568,449.7,37.2,True
116ccb1a1604bc88e4d234a8c23f33de,61,2,0.03278688524590164,0.0003054834275240568,2004.89,36.0,False
5f3ae9136c875522250f8184f253413a,42,2,0.047619047619047616,0.0003054834275240568,1158.0,34.85,False
cd06602b43d8800bd0afad514919d35c,43,2,0.046511627906976744,0.0003054834275240568,2588.07,25.9,False
08d2d642cf72b622b14dde1d2f5eb2f5,16,2,0.125,0.0003054834275240568,914.0,25.4,True
4e85b538b0dad58852641540686d0e14,4,2,0.5,0.0003054834275240568,361.98,22.18,True
80ceebb4ee9b31afb6c6a916a574a1e2,1,1,1.0,0.0001527417137620284,6729.0,6729.0,True
6bd69102ab48df500790a8cecfc285c2,5,1,0.2,0.0001527417137620284,8070.0,2990.0,True
a4b6b9b992b46e9ef863637af96e04bc,6,1,0.16666666666666666,0.0001527417137620284,7147.0,2690.0,True
c004e5ea15737026cecaee0447e00b75,1,1,1.0,0.0001527417137620284,4700.0,2350.0,True
c500367424994318b9e779ff1ae9a330,9,1,0.1111111111111111,0.0001527417137620284,4346.4,2199.0,True
b4f8921fcc4ff77b66bea6dda43dcd51,18,1,0.05555555555555555,0.0001527417137620284,11395.05,1999.98,True
d23019c84ffae2d5ef2270367b8605fc,39,1,0.02564102564102564,0.0001527417137620284,29205.1,1997.0,False
fce62094ffe6a4009188ec44e681dfdd,4,1,0.25,0.0001527417137620284,2969.7,1995.0,True
40db9e9aa57f7bb151bcda6b0f9bdbb7,12,1,0.08333333333333333,0.0001527417137620284,23168.0,1780.0,True
f6122bc84774df1b372bdb3bb88ddb9f,3,1,0.3333333333333333,0.0001527417137620284,4799.87,1749.99,True
5d378b73ab7dd6f0418d743e5dcb0bd1,6,1,0.16666666666666666,0.0001527417137620284,13243.0,1699.0,True
039e6ad9dae79614493083e241147386,5,1,0.2,0.0001527417137620284,12925.0,1670.0,True
cf8ab1616079e2793aa29d524df01bb1,6,1,0.16666666666666666,0.0001527417137620284,14391.0,1599.0,True
c7b7db6c8f3c64a7cc1afa634db21d50,1,1,1.0,0.0001527417137620284,1489.0,1489.0,True
87b740daf17b5d1be335a64164ec6842,11,1,0.09090909090909091,0.0001527417137620284,14699.87,1399.99,True
c3acdfac4e3e97ff87529454fbc03642,12,1,0.08333333333333333,0.0001527417137620284,16788.0,1399.0,True
180c3376aff0e43dd5788709df48a843,5,1,0.2,0.0001527417137620284,4513.0,1380.0,True
a6bd7d1ccdac48c6b33b28596b7eb122,15,1,0.06666666666666667,0.0001527417137620284,14368.61,1350.0,True
9b522ba7eae9e1d04082f267144583cc,3,1,0.3333333333333333,0.0001527417137620284,1507.6,1259.0,True
6061155addc1e54b4cfb51c1c2a32ad8,28,1,0.03571428571428571,0.0001527417137620284,15633.4,1240.0,True
d03698c2efd04a549382afa6623e27fb,18,1,0.05555555555555555,0.0001527417137620284,8865.47,1005.63,True
15fa791d5e017f66402dc28c44480657,8,1,0.125,0.0001527417137620284,1802.0,979.0,True
8e670472e453ba34a379331513d6aab1,1,1,1.0,0.0001527417137620284,975.0,975.0,True
aeb36d67f1414f234d42a29e27cf1f17,4,1,0.25,0.0001527417137620284,3263.8,949.9,True
327b89b872c14d1c0be7235ef4871685,3,1,0.3333333333333333,0.0001527417137620284,1177.0,949.0,True
33c51922b6e3c16b24a8f28e5833c99d,18,1,0.05555555555555555,0.0001527417137620284,6657.87,916.0,True
d624126b9206f595fb3fbb6ba03b28a8,23,1,0.043478260869565216,0.0001527417137620284,7198.8,899.0,True
38874e327ce94d11390b96eb42d61928,6,1,0.16666666666666666,0.0001527417137620284,3779.94,849.99,True
8476243f92442881ddd5b578975cf115,12,1,0.08333333333333333,0.0001527417137620284,7838.0,829.0,True
282c7480173bb9c01dd41cc739fec010,5,1,0.2,0.0001527417137620284,4274.2,819.9,True
b839e41795b7f3ad94cc2014a52f6796,33,1,0.030303030303030304,0.0001527417137620284,42829.0,799.0,False
6524b847b982cd56bb5d4b02b776ee42,1,1,1.0,0.0001527417137620284,779.8,779.8,True
37dd29b36c458d82f74a953c40c43645,7,1,0.14285714285714285,0.0001527417137620284,4536.99,758.73,True
f35b3c613c4f7b2275f4185d0a3c59ec,9,1,0.1111111111111111,0.0001527417137620284,4047.25,738.0,True
b3b17aab11f273023a5f22ca52e1eb70,7,1,0.14285714285714285,0.0001527417137620284,6850.0,720.0,True
eb3071b9f0b0ddaa2df5ea130f09f26b,9,1,0.1111111111111111,0.0001527417137620284,6230.0,700.0,True
1b4b28463457a256e9a784ebe2a8f630,1,1,1.0,0.0001527417137620284,699.42,699.42,True
240b9776d844d37535668549a396af32,35,1,0.02857142857142857,0.0001527417137620284,13592.08,679.0,False
7b8e8ec35bad4b0ef7e3963650b0a87b,5,1,0.2,0.0001527417137620284,2244.28,659.8,True
8f580d36c1e9d6fbce95283403c7d447,8,1,0.125,0.0001527417137620284,4813.25,625.6,True
42bde9fef835393bb8a8849cb6b7f245,34,1,0.029411764705882353,0.0001527417137620284,7703.0,619.0,False
30829ded4523ab9224b93bc49a62c95f,18,1,0.05555555555555555,0.0001527417137620284,6911.71,615.52,True
47648caee88ccfe951fbb27fbf7b4cbe,3,1,0.3333333333333333,0.0001527417137620284,1564.99,579.99,True
f524ad65d7e0f1daab730ef2d2e86196,1,1,1.0,0.0001527417137620284,578.0,578.0,True
fbc14c0cf93505ef89f64665ffa4a7b5,18,1,0.05555555555555555,0.0001527417137620284,12227.82,577.99,True
244b04680fdbded0acf5aebd9c92b44a,2,1,0.5,0.0001527417137620284,3477.7,575.9,True
577719699805dd125d5b6fdde5943bba,8,1,0.125,0.0001527417137620284,1077.8,574.2,True
9e9b539eb2806acee3f5c28085c1db9f,3,1,0.3333333333333333,0.0001527417137620284,967.0,559.0,True
1d0997ff06b524ce9289ffd75114ecd3,3,1,0.3333333333333333,0.0001527417137620284,3747.0,549.0,True
bba3293d6f5d5af2f415e004e8b93ae3,17,1,0.058823529411764705,0.0001527417137620284,11702.1,539.92,True
e81e1f9c3e762e620f3fb60a51499e16,17,1,0.058823529411764705,0.0001527417137620284,4465.99,504.0,True
31ae0774c17fabd06ff707cc5bde005f,11,1,0.09090909090909091,0.0001527417137620284,6719.85,499.99,True
c35affa65afd250151285c5917fc1c8a,8,1,0.125,0.0001527417137620284,5279.91,499.99,True
6861de0f40cacb0602e473c51639f980,5,1,0.2,0.0001527417137620284,674.0,499.0,True
78744a20ee2f80ba64f6804c25def2b8,6,1,0.16666666666666666,0.0001527417137620284,2715.0,499.0,True
e5f9e61ceb5f523cc966e0f34095032f,4,1,0.25,0.0001527417137620284,2238.0,449.0,True
528bcf6680c36dddf07620bd35b33a6f,2,1,0.5,0.0001527417137620284,969.98,439.99,True
f9d010e39375d9c91dce3f40b73a2f84,4,1,0.25,0.0001527417137620284,1212.0,435.0,True
4deebb3199eeafb282ae33229144f94b,4,1,0.25,0.0001527417137620284,779.7,420.0,True
081acf3de680d554796c9cf041be7bc2,4,1,0.25,0.0001527417137620284,1597.3,399.5,True
2b1a40c1daabc6ca280c4b815c101841,22,1,0.045454545454545456,0.0001527417137620284,12732.6,399.0,True
67883baaae6134ee81b271a542613728,19,1,0.05263157894736842,0.0001527417137620284,8167.9,399.0,True
dbdd0ec73a4817971d962698f2fea022,16,1,0.0625,0.0001527417137620284,6384.0,399.0,True
9bc484c87d79cd4874e05ca182658045,8,1,0.125,0.0001527417137620284,1120.0,390.0,True
c13ef0cfbe42f190780f621ce81f2234,1,1,1.0,0.0001527417137620284,390.0,390.0,True
1ca4bdb0cd7fc48e949bac066188ed26,3,1,0.3333333333333333,0.0001527417137620284,1520.0,380.0,True
5b97c06a046398e7005b2b7c0d707a92,3,1,0.3333333333333333,0.0001527417137620284,1519.96,379.99,True
dfc5fb7259bb2b599ca565e6e9448f0f,33,1,0.030303030303030304,0.0001527417137620284,6124.63,374.98,False
d921b68bf747894be13a97ae52b0f386,77,1,0.012987012987012988,0.0001527417137620284,15645.8,369.0,False
9bcdfa7b615b3abb9461d9e3ad9886ae,14,1,0.07142857142857142,0.0001527417137620284,2126.07,359.9,True
fdaaf5bfda82b7b80535610c831b8d09,10,1,0.1,0.0001527417137620284,2588.9,359.7,True
0d83f8e03188682112cc0d93523705cc,4,1,0.25,0.0001527417137620284,696.26,355.6,True
5f5b43b2bffa8656e4bc6efeb13cc649,27,1,0.037037037037037035,0.0001527417137620284,3677.2,349.9,True
b43d8b707f887a30f4675391098354a0,3,1,0.3333333333333333,0.0001527417137620284,1342.0,349.0,True
f63d8f293af3a6454377546bd9dd19ff,17,1,0.058823529411764705,0.0001527417137620284,1751.82,348.0,True
8d899e15a5925f097cca50faa49b15e3,4,1,0.25,0.0001527417137620284,645.0,345.0,True
f5fea3ffed6c2e889bab72705557c63a,1,1,1.0,0.0001527417137620284,1059.9,345.0,True
f5f46307a4d15880ca14fab4ad9dfc9b,9,1,0.1111111111111111,0.0001527417137620284,1422.94,339.0,True
723cd880edaacdb998898b67c8f9da30,11,1,0.09090909090909091,0.0001527417137620284,2136.53,330.0,True
5c243662ce92d84573bfaff24c3e3700,98,1,0.01020408163265306,0.0001527417137620284,32862.02,329.99,False
9da1ca0bef29ee170e541927a5aeabdc,6,1,0.16666666666666666,0.0001527417137620284,1484.4,329.9,True
a2b5b6105ea5942300631d2e76f4ffe0,16,1,0.0625,0.0001527417137620284,3286.69,329.9,True
c1ed9e3daf6154542826a6996af0fb8c,8,1,0.125,0.0001527417137620284,971.25,329.5,True
575df70bde3f9f2b30bf8d2e9910d725,27,1,0.037037037037037035,0.0001527417137620284,5410.05,325.0,True
c611f4ce9ce875bcc063fa97fd4d7d12,1,1,1.0,0.0001527417137620284,319.0,319.0,True
fe26f3ecb51a15e6d8335cd92da42562,7,1,0.14285714285714285,0.0001527417137620284,2708.96,309.0,True
72c5da29406b4234927b81855e7b64f6,31,1,0.03225806451612903,0.0001527417137620284,11798.69,299.99,False
167fd940acebc789debd6eb418c46e38,5,1,0.2,0.0001527417137620284,1077.58,299.9,True
8e29d051f810eb22959ede205b462b9f,2,1,0.5,0.0001527417137620284,599.8,299.9,True
edd066cd02126d7800f9b66e980e9931,6,1,0.16666666666666666,0.0001527417137620284,987.7,299.9,True
06df0c10d34e459d9672bc77388742eb,26,1,0.038461538461538464,0.0001527417137620284,9070.0,299.0,True
6bb0724edf0b62fb91ac404873a97241,17,1,0.058823529411764705,0.0001527417137620284,3653.0,299.0,True
c12b92bf1c350f3e6bf88d3596219c86,17,1,0.058823529411764705,0.0001527417137620284,4808.78,299.0,True
791cfcfe22fe4a771ece27f90017da92,1,1,1.0,0.0001527417137620284,596.26,298.13,True
fa3a0b5aabb344b9a92e3524b0202123,7,1,0.14285714285714285,0.0001527417137620284,1789.0,298.0,True
d5b9a084373da994a6e37f732169a853,7,1,0.14285714285714285,0.0001527417137620284,1769.0,290.0,True
3c487ae8f8d7542beff5788e2e0aea83,30,1,0.03333333333333333,0.0001527417137620284,9385.7,289.9,False
67bf6941ba2f1fa1d02c375766bc3e53,15,1,0.06666666666666667,0.0001527417137620284,5610.0,289.0,True
b8bc237ba3788b23da09c0f1f3a3288c,45,1,0.022222222222222223,0.0001527417137620284,13685.71,289.0,False
ec80e49e69745ab6c14f984bf2149423,12,1,0.08333333333333333,0.0001527417137620284,3709.0,288.0,True
2dee2ce60de9709b1a24083217181a1f,54,1,0.018518518518518517,0.0001527417137620284,7784.5,286.0,False
8378eb36b6b70c5734e83ad7b8cdc3b7,7,1,0.14285714285714285,0.0001527417137620284,1714.8,285.0,True
4fb41dff7c50136976d1a5cf004a42e2,3,1,0.3333333333333333,0.0001527417137620284,1230.0,280.0,True
a5cba26a62b8b4d0145b68b841e62e7f,53,1,0.018867924528301886,0.0001527417137620284,14737.84,279.0,False
1cbd32d00d01bb8087a5eb088612fd9c,11,1,0.09090909090909091,0.0001527417137620284,1045.47,275.5,True
a13aaf2d2886ab9fb30fb9a920160b8f,4,1,0.25,0.0001527417137620284,1011.52,267.88,True
f97e2b0650c2068227e1d366140eb62f,16,1,0.0625,0.0001527417137620284,3654.0,265.0,True
6ddc28b61be28373b4503a1f61cf98a9,11,1,0.09090909090909091,0.0001527417137620284,1732.9,264.9,True
52956b80ae65fda598f06f6b9943e7a9,3,1,0.3333333333333333,0.0001527417137620284,792.0,264.0,True
984c273121e743dd14767befe6cb17f5,1,1,1.0,0.0001527417137620284,259.6,259.6,True
f4c4daa86e30c7e5a553a8d518ac03a5,18,1,0.05555555555555555,0.0001527417137620284,6301.91,259.46,True
45213867cefbf2cd4c6177e10216a951,14,1,0.07142857142857142,0.0001527417137620284,4955.42,257.57,True
559d56f3b8f0bc2e5a9a62fe2ce2a39f,2,1,0.5,0.0001527417137620284,385.0,250.0,True
13d95f0f6f73943d4ceffad0fc2cd32c,1,1,1.0,0.0001527417137620284,249.99,249.99,True
d354c38a7182125a748cb10474fe963b,17,1,0.058823529411764705,0.0001527417137620284,1610.33,249.99,True
1099a00e0ee3a50935e6c2447ca090c5,3,1,0.3333333333333333,0.0001527417137620284,849.7,249.9,True
87e24fc7052259b1f7f607d61c10d8be,7,1,0.14285714285714285,0.0001527417137620284,7473.49,249.9,True
bb7a14e229b1c95156719c3d9552eeee,10,1,0.1,0.0001527417137620284,3190.1,249.9,True
191d55f7edb8524d525ed01b20fe32e8,3,1,0.3333333333333333,0.0001527417137620284,747.0,249.0,True
32b8764b4ef628b53608fc34011fcc13,36,1,0.027777777777777776,0.0001527417137620284,8884.0,249.0,False
9df5750209b83567ec144eb299d7d634,11,1,0.09090909090909091,0.0001527417137620284,4917.0,249.0,True
17908cf9b444ee34047cadd5c0f4a516,11,1,0.09090909090909091,0.0001527417137620284,1993.99,245.0,True
d1a5cc844736958c11b8efab9a2b4c87,1,1,1.0,0.0001527417137620284,237.6,237.6,True
1782ce2db72c3dda627d5e7c898104e1,9,1,0.1111111111111111,0.0001527417137620284,2010.8,236.0,True
038b75b729c8a9a04b0d07cba7eabe86,2,1,0.5,0.0001527417137620284,467.0,233.5,True
78a4d36f65a019172c6154468831a69f,7,1,0.14285714285714285,0.0001527417137620284,1545.5,229.9,True
af4a0e4cfe1d9c26b6712b1be25a72e5,21,1,0.047619047619047616,0.0001527417137620284,8757.98,225.91,True
51ed72984a04e5dd35c2b27e77179038,7,1,0.14285714285714285,0.0001527417137620284,1294.3,223.9,True
a3f0b55de503387383c7b1de3ad7f678,24,1,0.041666666666666664,0.0001527417137620284,4348.4,219.9,True
edf3fabebcc20f7463cc9c53da932ea8,1,1,1.0,0.0001527417137620284,219.9,219.9,True
9485a23c0430ba1d58d359391606fce6,4,1,0.25,0.0001527417137620284,1129.9,218.0,True
ce69a8021d18961dd2a40269b7c2c293,19,1,0.05263157894736842,0.0001527417137620284,4818.0,215.9,True
503c1de08ae81a2d86f17951b204db55,22,1,0.045454545454545456,0.0001527417137620284,4906.99,213.0,True
3340ef1913fb70d28420f6ceb685c339,32,1,0.03125,0.0001527417137620284,6731.15,210.9,False
c5f7feb04a6a1fb3596322bfc3cf1917,11,1,0.09090909090909091,0.0001527417137620284,1720.6,210.0,True
74636e24f01da9268b0ed88dacd8513e,4,1,0.25,0.0001527417137620284,776.0,209.0,True
8759e7aedd644f487315e5860962f162,3,1,0.3333333333333333,0.0001527417137620284,627.0,209.0,True
efb628aa07c8ca93d7db0d85b91a4f5a,1,1,1.0,0.0001527417137620284,204.0,204.0,True
19484c79cef6c062cb177aa4ef2fcc3c,1,1,1.0,0.0001527417137620284,201.9,201.9,True
04fdea0c111866e6cf812f1570d6b5bd,8,1,0.125,0.0001527417137620284,1055.0,200.0,True
8bdd8e3fd58bafa48af76b2c5fd71974,9,1,0.1111111111111111,0.0001527417137620284,2324.82,199.99,True
2a50b7ee5aebecc6fd0ff9784a4747d6,1,1,1.0,0.0001527417137620284,199.8,199.8,True
3bdff180c7e1f6551a643b99c265a120,56,1,0.017857142857142856,0.0001527417137620284,3114.9,199.8,False
12b9676b00f60f3b700e83af21824c0e,133,1,0.007518796992481203,0.0001527417137620284,26774.0,199.0,False
1dd33b8119b3cb1056ed5dc88cd0aaf4,8,1,0.125,0.0001527417137620284,1513.0,199.0,True
744dac408745240a2c2528fb1b6028f3,78,1,0.01282051282051282,0.0001527417137620284,22490.6,199.0,False
b8630e1121437d41cb08e3c749c2c2e2,12,1,0.08333333333333333,0.0001527417137620284,6988.0,199.0,True
612170e34b97004b3ba37eae81836b4c,107,1,0.009345794392523364,0.0001527417137620284,23065.02,198.9,False
586a871d4f1221763fddb6ceefdeb95e,1,1,1.0,0.0001527417137620284,198.0,198.0,True
cfe94489ddd337d1e29e12f2a7205d10,20,1,0.05,0.0001527417137620284,2376.0,198.0,True
9da15f4a4ea758d9eeb49000dbe57e22,1,1,1.0,0.0001527417137620284,196.9,196.9,True
fe701d88b67eaca109dffd464d1be9f9,10,1,0.1,0.0001527417137620284,1548.9,189.9,True
4b98b0428fc1932cc2514ef9ce2505e6,2,1,0.5,0.0001527417137620284,327.63,189.75,True
1fe5540d7c1c37a595fefbacd5570d9e,20,1,0.05,0.0001527417137620284,4537.6,189.0,True
0bae85eb84b9fb3bd773911e89288d54,136,1,0.007352941176470588,0.0001527417137620284,7482.21,185.94,False
1d2732ef8321502ee8488e8bed1ab8cd,4,1,0.25,0.0001527417137620284,1148.0,185.0,True
6aa3928696eab49a19a466e665a649fd,18,1,0.05555555555555555,0.0001527417137620284,2075.0,180.0,True
9c57bc60cfad5ee62d35d3f1ce4593a1,1,1,1.0,0.0001527417137620284,180.0,180.0,True
042573af89b6d931f672efaf789d8358,3,1,0.3333333333333333,0.0001527417137620284,413.48,179.99,True
0df3984f9dfb3d49ac6366acbd3bbb85,86,1,0.011627906976744186,0.0001527417137620284,10021.49,179.9,False
52d76513f0c4d97f3b99570e2c94ee31,19,1,0.05263157894736842,0.0001527417137620284,8153.1,179.9,True
fe1bbc5feda5c8979a8a1b3b2512d5a6,9,1,0.1111111111111111,0.0001527417137620284,724.72,179.9,True
ec8463980a4e0ea9f8517aea1ed0c419,2,1,0.5,0.0001527417137620284,239.2,179.4,True
3f2af2670e104d1bcb54022274daeac5,6,1,0.16666666666666666,0.0001527417137620284,973.6,179.0,True
4170f6a9367e6b5d6401d03ce6d54569,4,1,0.25,0.0001527417137620284,568.78,179.0,True
8fec2e460530482132c436cfb5439925,3,1,0.3333333333333333,0.0001527417137620284,468.46,178.68,True
165b1235e9e9942cb5fae67103576fb0,11,1,0.09090909090909091,0.0001527417137620284,2085.15,178.5,True
03a2a6dcbe45d639c4dc2a0d24769c40,9,1,0.1111111111111111,0.0001527417137620284,1078.41,178.44,True
9c7fd21e0aa159b20da593371f08ff7c,7,1,0.14285714285714285,0.0001527417137620284,798.3,174.9,True
4b5f66b7adcf57f1ecc0d3c07dd6b177,23,1,0.043478260869565216,0.0001527417137620284,6381.78,172.5,True
a67780aba9dd436e7ac0aa1f889e73ec,6,1,0.16666666666666666,0.0001527417137620284,863.0,171.9,True
128f9bfbe4c7d5185033914b1de3d39a,13,1,0.07692307692307693,0.0001527417137620284,1277.29,171.0,True
8ca1551acf9832a4cf467bbbac15851f,11,1,0.09090909090909091,0.0001527417137620284,2176.4,170.0,True
5ca5d579b5857ee8709479b1047cecc3,1,1,1.0,0.0001527417137620284,339.89,169.99,True
ffc470761de7d0232558ba5e786e57b7,27,1,0.037037037037037035,0.0001527417137620284,1649.01,169.98,True
33a17d60c64393351ebf1ef860f4e0f2,43,1,0.023255813953488372,0.0001527417137620284,8152.48,169.97,False
817245bcc3badd82bbd222e0366951a6,28,1,0.03571428571428571,0.0001527417137620284,5580.5,169.9,True
58f1a6197ed863543e0136bdedb3fce2,42,1,0.023809523809523808,0.0001527417137620284,6833.0,169.0,False
5e49e3a44bdeb5aab2684258bbd4f525,3,1,0.3333333333333333,0.0001527417137620284,507.0,169.0,True
51a04a8a6bdcb23deccc82b0b80742cf,1,1,1.0,0.0001527417137620284,167.99,167.99,True
7a91bf945c6fae0779f1c61ce97fe45c,4,1,0.25,0.0001527417137620284,799.5,164.9,True
bacb1f0ed56ad24198f5810d2b3fe9a5,38,1,0.02631578947368421,0.0001527417137620284,6940.45,161.9,False
e3dd723429d1b23614b7fa85e2c7a853,7,1,0.14285714285714285,0.0001527417137620284,471.05,161.1,True
1fdc574883ef3b33ad41562d93f3a74a,18,1,0.05555555555555555,0.0001527417137620284,4251.0,160.0,True
f5f2ab9bdb6b30c14c61be68c5ed37da,18,1,0.05555555555555555,0.0001527417137620284,2134.68,159.9,True
1690cada046eb7e92c12f98b1f8a8167,10,1,0.1,0.0001527417137620284,1959.0,159.0,True
2ba91c7ad80ff88b23b7db823b43c233,6,1,0.16666666666666666,0.0001527417137620284,740.4,158.0,True
373ee4a3a775a733770ca3f790b8b9ac,13,1,0.07692307692307693,0.0001527417137620284,2141.49,158.0,True
2a5b78b41cd05baeac8df54c6606b92c,46,1,0.021739130434782608,0.0001527417137620284,19025.36,157.5,False
a435b009cd956ea60748b5cfbddf2e24,3,1,0.3333333333333333,0.0001527417137620284,361.18,154.99,True
2b03ac196f5ed62ac483960fe0fa3b65,7,1,0.14285714285714285,0.0001527417137620284,843.1,152.9,True
4bfc7a4a1cf8d4d2121c27422d9e50b5,26,1,0.038461538461538464,0.0001527417137620284,8124.4,150.0,True
5ab05b6d86d417796c69ffd6774ec832,10,1,0.1,0.0001527417137620284,1886.1,149.9,True
cb8bcce248bb1fb274ba762d8b971456,66,1,0.015151515151515152,0.0001527417137620284,9402.2,149.9,False
2e7ea2aafec5835e781b21d6d1faf1f1,7,1,0.14285714285714285,0.0001527417137620284,528.4,149.5,True
f5f1f2c5f923f36ad79ea1d07185ddc9,10,1,0.1,0.0001527417137620284,1912.15,148.47,True
6c177e38df6d3f34182b1f1d427231bf,53,1,0.018867924528301886,0.0001527417137620284,8341.89,148.0,False
4b1eaadf791bdbbad8c4a35b65236d52,5,1,0.2,0.0001527417137620284,1849.79,147.9,True
609e1a9a6c2539919b8205cf7c4e6ff0,87,1,0.011494252873563218,0.0001527417137620284,6595.23,147.8,False
4917cee8d902e13428c3ec4b1ca6f315,31,1,0.03225806451612903,0.0001527417137620284,5421.9,145.0,False
8629c241b3622ac12cd4118afdc8d394,13,1,0.07692307692307693,0.0001527417137620284,1167.66,144.56,True
0691148aee60ca47977c187804f935ae,47,1,0.02127659574468085,0.0001527417137620284,5868.51,144.46,False
b335c59ab742f751a85db9c411a86739,30,1,0.03333333333333333,0.0001527417137620284,2873.34,142.0,False
8e2b3afb420011ef0c88c9d5f11ea526,11,1,0.09090909090909091,0.0001527417137620284,1384.5,140.9,True
ed4311e67debd72b8610a5347a743087,25,1,0.04,0.0001527417137620284,3636.0,140.0,True
ea67327e24487bdfac5fbfa37ea124df,32,1,0.03125,0.0001527417137620284,6250.18,139.99,False
5011f0d93373a4c5753adf58ca77af8d,11,1,0.09090909090909091,0.0001527417137620284,1009.42,139.96,True
66dc1b1632bd6a3e508510c5b3492107,36,1,0.027777777777777776,0.0001527417137620284,3721.39,139.9,False
2be17df1c49978426251562096c3cc09,16,1,0.0625,0.0001527417137620284,2165.0,139.0,True
7813ea3ebd9411dc600b4dd01f7a97b9,9,1,0.1111111111111111,0.0001527417137620284,1599.4,139.0,True
e9729944ba65dc3ce425e0c5a22ae7b2,4,1,0.25,0.0001527417137620284,916.7,138.9,True
df56d7b40d437f88407c5f78b63bc328,22,1,0.045454545454545456,0.0001527417137620284,2791.28,138.5,True
7210cd29727d674c00741e5e387b3ccd,9,1,0.1111111111111111,0.0001527417137620284,729.09,135.56,True
530ec6109d11eaaf87999465c6afee01,94,1,0.010638297872340425,0.0001527417137620284,12983.81,134.99,False
f783a638e9c6af4a7d0dbfde811e7a81,5,1,0.2,0.0001527417137620284,849.8,134.9,True
1660ad786c27fd935378b6192a90b417,12,1,0.08333333333333333,0.0001527417137620284,1570.0,130.0,True
4342d4b2ba6b161468c63a7e7cfce593,2,1,0.5,0.0001527417137620284,2867.1,129.9,True
bf3c6d2a28b2b5501e6c15448982dcc9,35,1,0.02857142857142857,0.0001527417137620284,3956.5,129.9,False
55f7a3319d80f7fdf078b8f03e6725fe,22,1,0.045454545454545456,0.0001527417137620284,3013.78,129.49,True
0ef83d7d83ed97cd2a0049ac8be5f88a,48,1,0.020833333333333332,0.0001527417137620284,4421.01,129.46,False
55a5b51f93f2b70ea513f5a047b0262a,39,1,0.02564102564102564,0.0001527417137620284,4002.3,128.7,False
406740ee611378a662d274c7d8c43c4a,8,1,0.125,0.0001527417137620284,1790.0,128.0,True
02f5837340d7eb4f653d676c7256523a,30,1,0.03333333333333333,0.0001527417137620284,3883.05,125.99,False
8ccf3cf69651cc1d8a02c8bfaf3b8568,2,1,0.5,0.0001527417137620284,250.0,125.0,True
14ee35374a7876217954b5fa08e50463,6,1,0.16666666666666666,0.0001527417137620284,809.0,124.0,True
48162d548f5b1b11b9d29d1e01f75a61,66,1,0.015151515151515152,0.0001527417137620284,20510.14,124.0,False
080199a181c46c657dc5aa235411be3b,79,1,0.012658227848101266,0.0001527417137620284,14504.2,120.49,False
1987cd4be10fe09ee50454f9c354d1c6,14,1,0.07142857142857142,0.0001527417137620284,2877.7,120.0,True
b56828a9f9027f3c918c04ca720d9e3c,3,1,0.3333333333333333,0.0001527417137620284,360.0,120.0,True
c8b3445d737de6befde0c88ede534a5e,30,1,0.03333333333333333,0.0001527417137620284,3149.04,119.99,False
e24d3429d294b2eb200b064ebb035879,19,1,0.05263157894736842,0.0001527417137620284,1878.58,119.99,True
3c4e0452bff7a2a788179488d3d77032,32,1,0.03125,0.0001527417137620284,3746.4,119.9,False
4677a5437afda5fa7140b927b07be1cc,11,1,0.09090909090909091,0.0001527417137620284,3415.7,119.9,True
a3dd39f583bc80bd8c5901c95878921e,34,1,0.029411764705882353,0.0001527417137620284,4607.81,119.9,False
d1aa1ec0839dcab73a6161130eb1f94a,1,1,1.0,0.0001527417137620284,119.9,119.9,True
f7496d659ca9fdaf323c0aae84176632,25,1,0.04,0.0001527417137620284,5087.57,119.9,True
83e197e95a1bbabc8c75e883ed016c47,46,1,0.021739130434782608,0.0001527417137620284,6693.69,119.5,False
f1b93673502375d491780bb49d615dbc,8,1,0.125,0.0001527417137620284,2638.93,119.0,True
7357b52d27cbaa90f81a96cbc1279396,12,1,0.08333333333333333,0.0001527417137620284,1328.02,118.13,True
b18871c324516afa228a13e8f1ef0ae9,9,1,0.1111111111111111,0.0001527417137620284,1064.6,116.92,True
5a93f3ab0ef4c84ed5e1b5dbf23978bc,38,1,0.02631578947368421,0.0001527417137620284,2338.25,116.91,False
35857757f553273b1056c1cabdace7fb,6,1,0.16666666666666666,0.0001527417137620284,454.6,115.0,True
781a66c0d89e30814d49fe8b5e14cd07,1,1,1.0,0.0001527417137620284,115.0,115.0,True
9bf11dfc0bec77e5a23028043c3c5a8f,1,1,1.0,0.0001527417137620284,115.0,115.0,True
5b2e94f2c22b39ccc24d34ad0f669672,10,1,0.1,0.0001527417137620284,949.78,114.0,True
8f54d64f28a993550aa7943f12572959,15,1,0.06666666666666667,0.0001527417137620284,2755.5,113.9,True
d25aa0aaacb370e912f8cf6efeba38b3,17,1,0.058823529411764705,0.0001527417137620284,2658.45,113.89,True
9d5a9018aee56acb367ba9c3f05d1d6a,66,1,0.015151515151515152,0.0001527417137620284,10292.31,112.33,False
ba6b4a237f92479743cf0ca06b67a9ac,8,1,0.125,0.0001527417137620284,801.89,110.0,True
d1582f4043306e6b91afa6a8a884f898,9,1,0.1111111111111111,0.0001527417137620284,990.0,110.0,True
96804ea39d96eb908e7c3afdb671bb9e,37,1,0.02702702702702703,0.0001527417137620284,3610.7,109.95,False
820cc752a266cdc6c1a1e61dd4583330,15,1,0.06666666666666667,0.0001527417137620284,2802.8,109.9,True
9cad4b68bb993ee401a3c5aaa2bc26dd,5,1,0.2,0.0001527417137620284,649.3,109.9,True
d101c6da914ae3d53f7bee42283f2fe2,13,1,0.07692307692307693,0.0001527417137620284,1297.4,109.9,True
d1b65fc7debc3361ea86b5f14c68d2e2,39,1,0.02564102564102564,0.0001527417137620284,11703.07,109.9,False
04aba03279157f6d4e0fe8ccaf21963c,15,1,0.06666666666666667,0.0001527417137620284,2575.9,108.0,True
d2e753bb80b7d4faa77483ed00edc8ca,14,1,0.07142857142857142,0.0001527417137620284,1320.7,108.0,True
4c61e37f664c3c88aff092aa5ac779d7,7,1,0.14285714285714285,0.0001527417137620284,788.31,107.78,True
730937bf88cb151eb2eb849f642fc213,22,1,0.045454545454545456,0.0001527417137620284,2821.2,105.3,True
271b8923c6a549e02d3c9fd1f8c0422b,1,1,1.0,0.0001527417137620284,105.19,105.19,True
7d7d2b7a51328016102d4528c411d630,7,1,0.14285714285714285,0.0001527417137620284,918.8,105.0,True
0887a9f087bcd5d9f6642b52f897fc6c,12,1,0.08333333333333333,0.0001527417137620284,1642.0,104.0,True
b6e1504972665f739dec4facb9943775,14,1,0.07142857142857142,0.0001527417137620284,1484.48,103.9,True
ccf8813e5a7d6c84d865cd38bfc2b130,26,1,0.038461538461538464,0.0001527417137620284,2635.5,102.0,True
fe49ee029e61e789a1f3a5525f57ba8d,16,1,0.0625,0.0001527417137620284,2527.59,101.99,True
5f1dc28029d2c244352a68107ec2b542,62,1,0.016129032258064516,0.0001527417137620284,2807.3,101.8,False
3442f8959a84dea7ee197c632cb2df15,3,1,0.3333333333333333,0.0001527417137620284,218.7,101.7,True
e99e927c81e3f51739c94fcdfca9f10f,21,1,0.047619047619047616,0.0001527417137620284,2702.83,99.99,True
f682e0f848abafc6f41e0d4e868c66ef,2,1,0.5,0.0001527417137620284,269.98,99.99,True
232a6014e7b10cba61c6c2b2ea6bb4b0,32,1,0.03125,0.0001527417137620284,3919.87,99.9,False
80f2cf9abf6b5a0e5c612b5eea6646e6,6,1,0.16666666666666666,0.0001527417137620284,766.08,99.9,True
ce616e1913288884e7742faac9d981db,14,1,0.07142857142857142,0.0001527417137620284,365.1,99.9,True
30c7f28fd3a5897b2c82d152bb760c17,6,1,0.16666666666666666,0.0001527417137620284,2178.27,99.89,True
6562efe88ce0826a4ca4f189f03b4b84,8,1,0.125,0.0001527417137620284,1135.9,99.8,True
4ef4c39cf3c24f326434cf0b2e48046a,7,1,0.14285714285714285,0.0001527417137620284,891.0,99.0,True
5659d77e8d90378e39b960ad5956f64e,2,1,0.5,0.0001527417137620284,182.48,99.0,True
62760d278921b5f352461620d68a9cee,3,1,0.3333333333333333,0.0001527417137620284,397.0,99.0,True
6b333a05bf188ef3e1f1662a86bd9855,12,1,0.08333333333333333,0.0001527417137620284,3990.91,99.0,True
fde0cc9ea29c8ccfc0a2c22256a58c71,35,1,0.02857142857142857,0.0001527417137620284,3922.0,99.0,False
6288c69c4ce638e59925e59193f98b16,20,1,0.05,0.0001527417137620284,4506.28,98.99,True
4e42581f08e8cfc7c090f930bac4552a,1,1,1.0,0.0001527417137620284,336.0,98.0,True
6b536a23086fba0d58c08d68814397f6,18,1,0.05555555555555555,0.0001527417137620284,2068.8,98.0,True
d66c305afaec317ebee552073a674429,38,1,0.02631578947368421,0.0001527417137620284,4886.46,97.99,False
71271995e85f5b8530be99ed54a91b89,6,1,0.16666666666666666,0.0001527417137620284,776.0,97.0,True
f1ed6bd0a9b11b581f16c851c6a5a527,17,1,0.058823529411764705,0.0001527417137620284,1622.77,97.0,True
e0a366315b1b726b6c7832d664c0f530,43,1,0.023255813953488372,0.0001527417137620284,7400.09,96.9,False
2f09f7d37a97956d11cc1a7cadd5262b,7,1,0.14285714285714285,0.0001527417137620284,2005.0,95.0,True
381c83fdca332ea6afd896da20bf6e4a,46,1,0.021739130434782608,0.0001527417137620284,7355.8,95.0,False
b566ab0ef88016e00422755e305103c6,5,1,0.2,0.0001527417137620284,1208.0,95.0,True
5a425cc503b39b262a847fd6212bf53b,14,1,0.07142857142857142,0.0001527417137620284,1360.59,94.9,True
3d3ccf2b2f8134b10dce9dd446f0e075,3,1,0.3333333333333333,0.0001527417137620284,608.6,93.5,True
a254c682cc01e119f83530446f1df9a9,6,1,0.16666666666666666,0.0001527417137620284,569.4,92.9,True
c7fdb77fdbff3c41981bc52f787e959e,9,1,0.1111111111111111,0.0001527417137620284,696.32,92.8,True
058cb5aeb36d7c0fcae20fc85d5e0a59,11,1,0.09090909090909091,0.0001527417137620284,1328.0,92.0,True
85ecf03781da592876b7844acc1b729f,2,1,0.5,0.0001527417137620284,251.0,92.0,True
1b8b75e227c9a9c100d0c210fb6176ce,15,1,0.06666666666666667,0.0001527417137620284,1914.83,89.99,True
2e3be8a987a30d7544dbbda6861cc14e,14,1,0.07142857142857142,0.0001527417137620284,4430.84,89.99,True
4324dd16853115efb0fd9d0d131ba6f4,12,1,0.08333333333333333,0.0001527417137620284,1052.25,89.99,True
6d04126aba80df143fd038e711b8fd96,1,1,1.0,0.0001527417137620284,89.99,89.99,True
bafc5aa11e413978be29040f51342e70,9,1,0.1111111111111111,0.0001527417137620284,1679.55,89.99,True
07de60b03d150fb3ea09eab5da5e4c8b,9,1,0.1111111111111111,0.0001527417137620284,719.1,89.9,True
154bdf805377afea75a3bd158e9eab10,1,1,1.0,0.0001527417137620284,89.9,89.9,True
66fd84ee7528c0c0de85d0f44a73d5ab,11,1,0.09090909090909091,0.0001527417137620284,1438.11,89.9,True
c1f12f926d0ba950578b4fa41115cbb6,2,1,0.5,0.0001527417137620284,479.6,89.9,True
5d3bb11474a06bdc23fb9e89f1164ee0,31,1,0.03225806451612903,0.0001527417137620284,3654.6,89.8,False
33576ec5412fb5905d876f12f33bfde6,31,1,0.03225806451612903,0.0001527417137620284,2718.0,89.0,False
a938325a4b357fd23a6a4d5bb126408e,24,1,0.041666666666666664,0.0001527417137620284,3231.0,89.0,True
da2782c804606d2a5d8e1760dbb3e7ec,1,1,1.0,0.0001527417137620284,89.0,89.0,True
aa762680c40618316a896838866140ea,3,1,0.3333333333333333,0.0001527417137620284,261.0,87.0,True
4e8dacf3d38f281ae26c3e0321d92d88,8,1,0.125,0.0001527417137620284,2644.95,85.8,True
4ba52dfeba874da5b9ee7b17c7494f04,11,1,0.09090909090909091,0.0001527417137620284,1463.0,85.0,True
79a679c36c08d606b3fd47ead9de109b,3,1,0.3333333333333333,0.0001527417137620284,935.0,85.0,True
9dda5bbacd45e18d6485fee649205d09,19,1,0.05263157894736842,0.0001527417137620284,1912.6,84.9,True
8a207b6080964f3c1fc9d35bd6096ba4,2,1,0.5,0.0001527417137620284,553.7,83.9,True
eba88037e1dca898cd02881f67ced679,6,1,0.16666666666666666,0.0001527417137620284,838.1,83.7,True
dfa0c4c6229ab200a4a1336b4d7128ff,77,1,0.012987012987012988,0.0001527417137620284,4777.1,83.0,False
92c8bc6e8f925792247656fed09aad65,2,1,0.5,0.0001527417137620284,259.7,82.9,True
13f57c12a00ed4610db646b913a7f5c6,7,1,0.14285714285714285,0.0001527417137620284,645.2,82.0,True
88ae906ea2acf6971f26c3e8b7cb4357,3,1,0.3333333333333333,0.0001527417137620284,246.0,82.0,True
5b67882648febfb6e1225e6ad7164f6b,27,1,0.037037037037037035,0.0001527417137620284,6813.48,80.99,True
751bdc4d83a466c7206cd42e8f426b03,51,1,0.0196078431372549,0.0001527417137620284,6648.93,79.99,False
974cf2cb8f4b7add98709c30df02fe10,30,1,0.03333333333333333,0.0001527417137620284,2982.67,79.99,False
af7cdac9d9897cddead9c6b08976c642,6,1,0.16666666666666666,0.0001527417137620284,543.54,79.99,True
ca5832c6960267b71041f74bb39e8b12,1,1,1.0,0.0001527417137620284,79.9,79.9,True
d7b2377bae6ace1b11fc69a11900ac36,3,1,0.3333333333333333,0.0001527417137620284,329.6,79.9,True
f8201cab383e484733266d1906e2fdfa,10,1,0.1,0.0001527417137620284,889.0,79.9,True
3f995f07c49d0d55a99d5c54957f7d81,43,1,0.023255813953488372,0.0001527417137620284,3955.7,79.0,False
b248792ac0b60ec3f93d80af1b4fae47,7,1,0.14285714285714285,0.0001527417137620284,454.5,77.4,True
2199e7fe213c16213bf5d6a7eadc9a5d,24,1,0.041666666666666664,0.0001527417137620284,4078.29,76.9,True
48bad451945f5227341793478d6353ea,3,1,0.3333333333333333,0.0001527417137620284,307.0,75.0,True
e8dba4d70f7f2b20e775d09cae01142d,9,1,0.1111111111111111,0.0001527417137620284,855.91,74.99,True
980640c45d7a4635885491d077167e4d,14,1,0.07142857142857142,0.0001527417137620284,1004.29,74.89,True
ac6417315ae5da8f9a38ee11de6f7780,7,1,0.14285714285714285,0.0001527417137620284,788.9,72.5,True
3dfd3dc96f7f8598eca74e9ac8a2fa31,6,1,0.16666666666666666,0.0001527417137620284,183.0,70.0,True
c4fabeea6e569d42d02993bb1f4f1cbc,11,1,0.09090909090909091,0.0001527417137620284,859.3,70.0,True
f0837c8d71434931d9e38e7b79234797,22,1,0.045454545454545456,0.0001527417137620284,3446.9,70.0,True
236585a4ddb5fea9fa40233e2249ed91,11,1,0.09090909090909091,0.0001527417137620284,649.53,69.99,True
3d8fa2f5b647373c8620330c4e077a9f,42,1,0.023809523809523808,0.0001527417137620284,3571.73,69.99,False
72146da5774cabf2632faedcae097a76,4,1,0.25,0.0001527417137620284,200.94,69.99,True
87d3c3aeb3ead335511b3ce315eb341e,15,1,0.06666666666666667,0.0001527417137620284,749.35,69.99,True
c35672b10ad50968f567ea3f4b91e877,18,1,0.05555555555555555,0.0001527417137620284,1150.57,69.99,True
09883d9ab71c8fe8a9bfc7fc3075b07e,4,1,0.25,0.0001527417137620284,329.5,69.9,True
4de6e4ba574aa9dfdc824bc44dc47fdd,14,1,0.07142857142857142,0.0001527417137620284,451.1,69.9,True
83353a83fd769dfafa4f21a72b15e3e5,5,1,0.2,0.0001527417137620284,579.5,69.9,True
83b08de96980757220871b31bf6cffca,5,1,0.2,0.0001527417137620284,1304.17,69.9,True
a154d7316f158bb42e6fa18bbe3afd3a,2,1,0.5,0.0001527417137620284,139.8,69.9,True
e883aa812c37a7413226856f4579fe91,26,1,0.038461538461538464,0.0001527417137620284,4097.1,69.9,True
ebef8d8c92b4fd3226e5d407bbff21ac,3,1,0.3333333333333333,0.0001527417137620284,253.7,69.9,True
c68fb906c8f4b4b946d8386bfa6e5467,45,1,0.022222222222222223,0.0001527417137620284,4541.16,69.88,False
3a734b715d333a2588a3d54a0c9b8746,15,1,0.06666666666666667,0.0001527417137620284,2463.52,69.0,True
7fdb0720c8d7c9075538b365dc8c3a22,9,1,0.1111111111111111,0.0001527417137620284,1804.0,69.0,True
cea729054f157f5870bdd321a958d994,24,1,0.041666666666666664,0.0001527417137620284,2482.1,68.9,True
de9727ca376d1be6ec121b110aa7954c,9,1,0.1111111111111111,0.0001527417137620284,1058.7,68.9,True
38e679b9e0064cd94c6f035707344dae,27,1,0.037037037037037035,0.0001527417137620284,3694.51,67.91,True
8e4f041ff58e7845456d3482524014b3,2,1,0.5,0.0001527417137620284,133.8,66.9,True
9853a239ab7b7ebbdc3a21248d5b8e1f,4,1,0.25,0.0001527417137620284,381.0,65.0,True
c8660dcf9ba70575f45d80fe28c27713,4,1,0.25,0.0001527417137620284,335.0,65.0,True
e84ad2127668df3aafc6b73531a0beb8,19,1,0.05263157894736842,0.0001527417137620284,987.0,65.0,True
fe87f472055fbcf1d7e691c00b1560dc,6,1,0.16666666666666666,0.0001527417137620284,1085.8,64.9,True
97512d3fc193b2d1dfcdba0f9d1f0f8a,12,1,0.08333333333333333,0.0001527417137620284,1458.87,63.99,True
391bbd13b6452244774beff1824006ed,1,1,1.0,0.0001527417137620284,127.8,63.9,True
f00e21b1e91a79653163b7fd8f293ff1,31,1,0.03225806451612903,0.0001527417137620284,3900.09,63.9,False
3968920b9aa752ab98f7d5888c9252f2,8,1,0.125,0.0001527417137620284,523.3,63.5,True
56e361f411e38dcef17cdc2a3d99628b,5,1,0.2,0.0001527417137620284,1298.0,62.0,True
0a85ebe4e328db81ac9109781205e2f7,12,1,0.08333333333333333,0.0001527417137620284,667.9,60.0,True
6481e96574816ead57975da2c0f6d80d,32,1,0.03125,0.0001527417137620284,3324.9,60.0,False
7c462184585ae80bd6e5774c62ce50f2,1,1,1.0,0.0001527417137620284,60.0,60.0,True
1b8356dabde1d35e17cef975c3f82730,55,1,0.01818181818181818,0.0001527417137620284,3426.39,59.99,False
822166ed1e47908f7cfb49946d03c726,69,1,0.014492753623188406,0.0001527417137620284,3714.83,59.99,False
4e06067cc08b3f41d837768d392c3ee3,31,1,0.03225806451612903,0.0001527417137620284,941.72,59.98,False
59cd88080b93f3c18508673122d26169,10,1,0.1,0.0001527417137620284,392.33,59.98,True
0bb738e4d789e63e2267697c42d35a2d,28,1,0.03571428571428571,0.0001527417137620284,2388.3,59.9,True
9e6967d3cf386d284251784b18ccb485,9,1,0.1111111111111111,0.0001527417137620284,517.67,59.9,True
9ef932e837d8b7f392c0bfee9d359dc2,1,1,1.0,0.0001527417137620284,59.9,59.9,True
a5a1bfcf728ab0e19182959cf0771ee4,21,1,0.047619047619047616,0.0001527417137620284,1812.96,59.9,True
3586b8580d9c917874e053a1bb37b5ff,36,1,0.027777777777777776,0.0001527417137620284,1524.7,59.8,False
3da38366e7bd9baf6369071f782ecdf0,1,1,1.0,0.0001527417137620284,59.47,59.47,True
63704069d9bd3a75c1cf59babe56004a,1,1,1.0,0.0001527417137620284,59.3,59.3,True
3d4824f20035949c710eaf111f869d39,8,1,0.125,0.0001527417137620284,1041.04,58.82,True
4dc646b9b9e8e411ef48ba000ea3ac6f,4,1,0.25,0.0001527417137620284,289.7,58.2,True
0692610d8abe24f287e9fae90ea0bbee,4,1,0.25,0.0001527417137620284,173.99,56.99,True
324583d68897f5ddbaf38f6248322176,2,1,0.5,0.0001527417137620284,84.0,56.0,True
1dc2de47ee26a0a5b12dc14fd6dc0dea,25,1,0.04,0.0001527417137620284,1670.3,55.9,True
4c03b9dd4c11ee2cb35c96c49efc9420,48,1,0.020833333333333332,0.0001527417137620284,6458.6,55.5,False
cc5a78bbad32776dc4e3af205218368c,33,1,0.030303030303030304,0.0001527417137620284,4269.18,55.23,False
562f8cfc51f265411f487d07e9c40e7f,13,1,0.07692307692307693,0.0001527417137620284,766.92,55.0,True
5a413ade68e8f8d93071a7f52a64cb9e,14,1,0.07142857142857142,0.0001527417137620284,778.9,55.0,True
5d9dc90a686a8fddacffab6bab5653a3,12,1,0.08333333333333333,0.0001527417137620284,3761.94,55.0,True
ebe3dabc4955c9b0d695e7bda38bf5c3,1,1,1.0,0.0001527417137620284,55.0,55.0,True
af3ef48d0e13835e529c29ac573c63e5,21,1,0.047619047619047616,0.0001527417137620284,1405.63,53.0,True
c679fb69a36e1d8349e8c50a217b4d58,14,1,0.07142857142857142,0.0001527417137620284,1825.68,52.98,True
1d29dfba02015238dfbe2449a5eaa361,12,1,0.08333333333333333,0.0001527417137620284,612.8,52.9,True
a1bea7061f61f6fdd9a85a6325ba1033,9,1,0.1111111111111111,0.0001527417137620284,810.95,52.0,True
b9ca8e8baa5d4aa038394a700f63e69f,14,1,0.07142857142857142,0.0001527417137620284,1289.77,51.99,True
412a4720f3e9431b4afa1476a1acddbe,21,1,0.047619047619047616,0.0001527417137620284,2058.1,51.8,True
1d1bbb8ac1581824986f582583fff01d,4,1,0.25,0.0001527417137620284,166.88,51.5,True
ab91571efab27993ff2f6b36e38055c3,3,1,0.3333333333333333,0.0001527417137620284,102.24,51.12,True
76ea5315acb3f5f7ade3cd261faf922a,15,1,0.06666666666666667,0.0001527417137620284,1087.06,50.9,True
b2c97074649f92197d9387d9033dda5f,10,1,0.1,0.0001527417137620284,684.71,50.0,True
6cf476a4ca74498db55cbccdaa9dcfb6,5,1,0.2,0.0001527417137620284,939.93,49.98,True
8c16d1f32a54d92897cc437244442e1b,108,1,0.009259259259259259,0.0001527417137620284,5642.6,49.96,False
20a8b0dc55da94fe74d112082427c84f,7,1,0.14285714285714285,0.0001527417137620284,407.4,49.9,True
253c025bab43881055aeecde5e2d8b77,2,1,0.5,0.0001527417137620284,94.82,49.9,True
27a56ff04b34c2ba34ce6ba4d3b9d616,8,1,0.125,0.0001527417137620284,349.29,49.9,True
3d700782d7818f2c1e0d7a9e9d75fc00,3,1,0.3333333333333333,0.0001527417137620284,149.7,49.9,True
9596c870880d900012f2e8e6e30d06d7,21,1,0.047619047619047616,0.0001527417137620284,8606.25,49.9,True
da7039f29f90ce5b4846ffc0fcc93beb,17,1,0.058823529411764705,0.0001527417137620284,1259.1,49.8,True
bccf933e006e9b94a6184af782963e77,45,1,0.022222222222222223,0.0001527417137620284,4162.74,49.39,False
9add47bf45ce8e8c7db6b9cf670b1e09,41,1,0.024390243902439025,0.0001527417137620284,4829.24,49.3,False
6e4a902d1054e4e17aa6eab87fac1c75,7,1,0.14285714285714285,0.0001527417137620284,586.57,48.89,True
bd1d49a326abfa9b1036772e40445430,12,1,0.08333333333333333,0.0001527417137620284,637.7,48.4,True
95ec4458365c4d11f452ccf538377619,27,1,0.037037037037037035,0.0001527417137620284,1866.76,47.33,True
87d30a6a0cbf89356e49324971ab1d24,17,1,0.058823529411764705,0.0001527417137620284,2134.13,46.9,True
6e0908ef4d4efadbc3cc2b74ea477cb0,8,1,0.125,0.0001527417137620284,589.45,46.8,True
15ead3a5037a918ddb520dfe39a3d2b9,6,1,0.16666666666666666,0.0001527417137620284,275.5,46.0,True
582d4f8675b945722eda7c0cb61ba4c7,59,1,0.01694915254237288,0.0001527417137620284,4702.96,45.49,False
8629a7efec1aab257e58cda559f03ba7,1,1,1.0,0.0001527417137620284,45.22,45.22,True
1f2eebc0e970fd3c463e4f5d9652687a,1,1,1.0,0.0001527417137620284,44.99,44.99,True
594f9aaa48e5bf431f011ddc5669b0d5,37,1,0.02702702702702703,0.0001527417137620284,3248.8,44.9,False
d12c926d74ceff0a90a21184466ce161,76,1,0.013157894736842105,0.0001527417137620284,3944.18,44.9,False
2c3d56f92f360fb89d849b84e8f50eae,7,1,0.14285714285714285,0.0001527417137620284,465.6,43.5,True
4a1f694197d05fe70026b016a7316b41,14,1,0.07142857142857142,0.0001527417137620284,907.77,42.99,True
1464afc72f696af775557a821c2e253f,29,1,0.034482758620689655,0.0001527417137620284,1059.36,42.9,True
6bd503a8230299c9316fb0f726933927,4,1,0.25,0.0001527417137620284,324.29,42.3,True
c6a7539d424a8402232c2228d7a03c5e,10,1,0.1,0.0001527417137620284,607.5,40.5,True
0ac4201fda2c68ebc0e47cb9423cf3c9,13,1,0.07692307692307693,0.0001527417137620284,1676.88,39.99,True
e09887ca8c7bf8a4621ce481820414ef,2,1,0.5,0.0001527417137620284,119.96,39.99,True
ea00f977a203ff88adf7057cb7806998,18,1,0.05555555555555555,0.0001527417137620284,389.72,39.99,True
efcd8d2104f1a05d028af7bad20d974b,46,1,0.021739130434782608,0.0001527417137620284,2424.78,39.99,False
725c32fa80c2faacc4fc88450d27314e,89,1,0.011235955056179775,0.0001527417137620284,7838.88,39.98,False
60da8bfa7eebe230b7d66ac4082d79b3,3,1,0.3333333333333333,0.0001527417137620284,86.6,39.9,True
7f7b8245c336066a1f9933c359f11d77,38,1,0.02631578947368421,0.0001527417137620284,2094.36,39.9,False
d379f449f2a3b271bc01c0782020f705,28,1,0.03571428571428571,0.0001527417137620284,4423.06,39.9,True
df683dfda87bf71ac3fc63063fba369d,1,1,1.0,0.0001527417137620284,39.9,39.9,True
32f1bb9dfa65bc7df5c0d9d95a616be4,4,1,0.25,0.0001527417137620284,276.39,39.8,True
5236605f4d4b0b3e4df85b850393fca0,5,1,0.2,0.0001527417137620284,265.3,39.6,True
6f1a1263039c76e68f40a8e536b1da6a,2,1,0.5,0.0001527417137620284,256.39,38.85,True
10076e5788b8ee532724bcd460baf762,23,1,0.043478260869565216,0.0001527417137620284,821.48,38.8,True
ec2e006556300a79a5a91e4876ab3a56,2,1,0.5,0.0001527417137620284,125.2,38.7,True
c8417879a15366a17c30af34c798c332,25,1,0.04,0.0001527417137620284,1767.9,38.0,True
e5475dcab1e07b63d7f6e902d8f5eda8,19,1,0.05263157894736842,0.0001527417137620284,2192.0,38.0,True
e82de6494d91d3c4c54450f59b227a94,3,1,0.3333333333333333,0.0001527417137620284,118.9,38.0,True
8bd0f31cf0a614c658f6763bd02dea69,33,1,0.030303030303030304,0.0001527417137620284,4455.34,37.99,False
c24173065483e421f9e5e7f599de101d,9,1,0.1111111111111111,0.0001527417137620284,373.91,37.99,True
093805f8f2aeb63881444571e1f48f30,22,1,0.045454545454545456,0.0001527417137620284,1215.79,37.8,True
c89cf7c468a48af70aada384e722f9e2,14,1,0.07142857142857142,0.0001527417137620284,745.0,37.0,True
04e38a233f726ef161074ab1c9b0399a,19,1,0.05263157894736842,0.0001527417137620284,1352.2,36.9,True
17ca9b9e9b9ef8fdb529001b49ebb50f,115,1,0.008695652173913044,0.0001527417137620284,9754.83,35.97,False
15cd6eefe58588619aaed41dfa6621b1,16,1,0.0625,0.0001527417137620284,1622.74,35.9,True
553a440137d6e0cf776aee0bb83ac9f5,2,1,0.5,0.0001527417137620284,144.8,35.9,True
35fb511489d9ee3ee27a76debce9df06,7,1,0.14285714285714285,0.0001527417137620284,414.5,35.0,True
91f848e9f4be368f4318775aac733370,60,1,0.016666666666666666,0.0001527417137620284,5932.6,34.99,False
bd4ff04377f974574f7f0bf9d6ce7dde,4,1,0.25,0.0001527417137620284,164.96,34.99,True
f680f85bee2d253556ac91be391d2c82,45,1,0.022222222222222223,0.0001527417137620284,5183.92,34.99,False
1d4587203296c8f4ad134dc286fa6db0,40,1,0.025,0.0001527417137620284,2323.3,34.9,False
5a6a02f419701fc8c605af71d4fc57a4,10,1,0.1,0.0001527417137620284,600.5,34.9,True
7c1fea10b5b006671d608b1d7c446ec4,14,1,0.07142857142857142,0.0001527417137620284,423.6,34.9,True
6e864f5c4669eff3d98140a07cc50202,13,1,0.07692307692307693,0.0001527417137620284,740.59,34.3,True
ca3bd7cd9f149df75950150d010fe4a2,68,1,0.014705882352941176,0.0001527417137620284,9731.85,34.2,False
2e13c71026e1a39ba5cc1b86dcb679aa,24,1,0.041666666666666664,0.0001527417137620284,3793.0,34.0,True
4ebdc7e6cd6102a022dadc49156d4ea8,29,1,0.034482758620689655,0.0001527417137620284,928.7,34.0,True
808d4348b916efa08e766ebad39f61eb,20,1,0.05,0.0001527417137620284,731.1,33.9,True
b6dc74ed30f124f95227bed4e43a3bed,9,1,0.1111111111111111,0.0001527417137620284,518.96,33.8,True
2953ce3a88f5e3c3b696d77fc9e4c8eb,14,1,0.07142857142857142,0.0001527417137620284,470.0,33.0,True
0747d5bb69f0586cc869d8af4c50f93e,12,1,0.08333333333333333,0.0001527417137620284,346.6,32.9,True
4be6b962d83299498bae2190f95d6566,11,1,0.09090909090909091,0.0001527417137620284,508.8,32.9,True
e83c76265fc54bf41eac728805e4da77,8,1,0.125,0.0001527417137620284,237.3,32.9,True
b127efdabeffb5d559349c7b172eb75d,10,1,0.1,0.0001527417137620284,308.5,32.0,True
b83cedfb587e7911540e3f576d6917ce,24,1,0.041666666666666664,0.0001527417137620284,2224.95,31.5,True
2646baaf662d4d92ac48f047e35db92d,15,1,0.06666666666666667,0.0001527417137620284,1263.05,31.2,True
50770d25768b0486d89be26afca3108f,6,1,0.16666666666666666,0.0001527417137620284,171.77,30.0,True
578fa3a9cb6b6dceab39231ad59cdaca,3,1,0.3333333333333333,0.0001527417137620284,150.0,30.0,True
8e34331b7eedd03be4e5d965c1956225,5,1,0.2,0.0001527417137620284,145.0,30.0,True
9dd459b29a14bf89d47183cf2cd0e4c7,2,1,0.5,0.0001527417137620284,180.0,30.0,True
e4f121bf6ef8b9a1d4d3e65dd0473fab,2,1,0.5,0.0001527417137620284,70.0,30.0,True
12c2ed9cded6138cf0c75f525f565fc7,4,1,0.25,0.0001527417137620284,314.96,29.99,True
7c4618c82226628831613e95e9c22f44,13,1,0.07692307692307693,0.0001527417137620284,333.93,29.99,True
d7485b33791774c36108f8c69602d48d,10,1,0.1,0.0001527417137620284,399.82,29.99,True
f419677537694f0462a91990df6ca44f,6,1,0.16666666666666666,0.0001527417137620284,220.5,29.95,True
26f6b7ab07be3e9e69ce82a6552efc19,2,1,0.5,0.0001527417137620284,54.8,29.9,True
3dbbce181edfaa4a597ec858c382d2ec,17,1,0.058823529411764705,0.0001527417137620284,848.3,29.9,True
5b33b527da3c5b969cc99dc435cad09a,16,1,0.0625,0.0001527417137620284,1872.79,29.9,True
717b78b0950b51ed00b1471d858b0edc,5,1,0.2,0.0001527417137620284,138.6,29.9,True
9539213aa8e023c01937bef95dc006da,9,1,0.1111111111111111,0.0001527417137620284,229.1,29.9,True
9d39404483343dd55c7ae254494d8388,10,1,0.1,0.0001527417137620284,293.2,29.9,True
bdb3edbaee43a761e2d4f258dc08f348,5,1,0.2,0.0001527417137620284,259.5,29.9,True
05e107217c7266362fd44b75b2cd4cc4,5,1,0.2,0.0001527417137620284,193.38,29.8,True
c273175f7c6c80fb02f051e2fc6d0d72,14,1,0.07142857142857142,0.0001527417137620284,1188.23,29.7,True
9b1f656ca3060f8af17a50d8a024b533,2,1,0.5,0.0001527417137620284,41.0,28.5,True
1771297ac436903d1dd6b0e9279aa505,28,1,0.03571428571428571,0.0001527417137620284,2881.27,28.18,True
1d503743d2526f03f0c2c89540ee008c,12,1,0.08333333333333333,0.0001527417137620284,516.04,26.99,True
82bd0703a4aefd6b599e5bfdaed378fb,20,1,0.05,0.0001527417137620284,2692.28,26.9,True
cd3d09fbe6e3e9ff0c0ac0c300e93ae7,12,1,0.08333333333333333,0.0001527417137620284,651.04,26.5,True
55c96925041a14097b6a7825554f4ad5,5,1,0.2,0.0001527417137620284,294.8,26.0,True
0dfbed20065e425d2eaefb101f9816c0,3,1,0.3333333333333333,0.0001527417137620284,84.35,25.18,True
430315b7bb4b6e4b3c978f9dfa9b0558,19,1,0.05263157894736842,0.0001527417137620284,3118.4,25.0,True
63ffcb71394dd8ea3872ed9ffda17c74,17,1,0.058823529411764705,0.0001527417137620284,399.0,25.0,True
7c4adcc13272c0e26fa23aac642adb7b,2,1,0.5,0.0001527417137620284,135.0,25.0,True
989becdce12ebc39863c2bceab6f3ca1,15,1,0.06666666666666667,0.0001527417137620284,7840.88,25.0,True
1cbd50a8c52e6cf8e315c5709fab386f,9,1,0.1111111111111111,0.0001527417137620284,785.97,24.9,True
d9442042130b7fe579d1295f9f4a248f,19,1,0.05263157894736842,0.0001527417137620284,772.16,24.5,True
18e694e0e48ed6f7aa3f24aade5fd697,31,1,0.03225806451612903,0.0001527417137620284,701.54,23.9,False
bcd2d7510d58e293f20fad6438c1b314,1,1,1.0,0.0001527417137620284,23.9,23.9,True
615005a3ef192c00c6f0e977cee3d2bc,10,1,0.1,0.0001527417137620284,286.5,23.4,True
3903c788ded8dc03b5ebab37a2f3e9a1,5,1,0.2,0.0001527417137620284,119.98,22.99,True
343e716476e3748b069f980efbaa294e,16,1,0.0625,0.0001527417137620284,922.6,22.9,True
7a425d299613df3e613bcf9d2eaf5c49,18,1,0.05555555555555555,0.0001527417137620284,1218.8,22.5,True
bc8c8d665ec4664d286be0d521722b19,1,1,1.0,0.0001527417137620284,22.5,22.5,True
179d859f51292aac5c10806a356f7af9,18,1,0.05555555555555555,0.0001527417137620284,404.47,22.0,True
2b5ed0c9139dae8883a200dfcb272ece,4,1,0.25,0.0001527417137620284,85.41,21.99,True
bc302730ea8cf49b5c74f579febb5bbf,11,1,0.09090909090909091,0.0001527417137620284,2640.9,21.99,True
ed8cb7b190ceb6067227478e48cf8dde,15,1,0.06666666666666667,0.0001527417137620284,573.5,21.52,True
3d5d0dc7073a299e31fa718ce1bc00b6,21,1,0.047619047619047616,0.0001527417137620284,790.7,20.0,True
7c5b05cbdb5542049f38d90d7815b97d,21,1,0.047619047619047616,0.0001527417137620284,1038.96,19.99,True
eb5b6204dde3a6e03b5f1bb8479f055b,19,1,0.05263157894736842,0.0001527417137620284,452.2,19.9,True
2d2322d842118867781fc737e96d59a1,8,1,0.125,0.0001527417137620284,176.4,19.2,True
8fbe2ee446b97e128471be4ce983dc0d,3,1,0.3333333333333333,0.0001527417137620284,148.5,19.0,True
7b7f91e98f8c6def45a1407923304402,11,1,0.09090909090909091,0.0001527417137620284,417.47,18.99,True
e88165a185134e13fdfc85d4fa654db8,2,1,0.5,0.0001527417137620284,108.0,18.0,True
542917da124346b47ea1ac79a93ce454,20,1,0.05,0.0001527417137620284,1303.9,17.9,True
e819bcfade7b5d88a27325eb6cfd62c5,5,1,0.2,0.0001527417137620284,202.9,17.9,True
bca9230d3bbb4efa51872bf605a2f1ad,5,1,0.2,0.0001527417137620284,117.57,17.77,True
01fd077212124329bac32490e8ef80d9,31,1,0.03225806451612903,0.0001527417137620284,1208.0,17.0,False
4200ddf1967c5e41e48db62bc6d4b5ac,22,1,0.045454545454545456,0.0001527417137620284,734.8,16.9,True
520b493b57809f446cb0a233bb3e25c7,63,1,0.015873015873015872,0.0001527417137620284,3698.9,15.0,False
741f8c587cb4248ebc5b779a0e8e0e51,5,1,0.2,0.0001527417137620284,89.95,14.99,True
d79e8478eed9999493990b44955fb22e,5,1,0.2,0.0001527417137620284,721.89,14.99,True
20f0aeea30bc3b8c4420be8ced4226c0,1,1,1.0,0.0001527417137620284,14.9,14.9,True
d8d9567d0bfb0bc7eb845a205ba42657,4,1,0.25,0.0001527417137620284,74.6,14.9,True
20d53aad4fe5ee93a64f8839609d3586,1,1,1.0,0.0001527417137620284,51.9,14.5,True
e8a85b5f3df47be0984c55fd4064dbb4,8,1,0.125,0.0001527417137620284,743.0,14.0,True
d5c530f4884a75ae0dba9c148718d278,5,1,0.2,0.0001527417137620284,280.88,13.45,True
9dd59e43f0c9f0553244e8f9c2fb247e,10,1,0.1,0.0001527417137620284,356.3,12.5,True
c1d1ebb4745cc43cb6f05e9c8a705c9a,1,1,1.0,0.0001527417137620284,34.5,12.5,True
f3295428338a40977a03f555246a70f4,7,1,0.14285714285714285,0.0001527417137620284,644.98,12.49,True
8fdca8e349553f99bc738833a62c8802,22,1,0.045454545454545456,0.0001527417137620284,989.34,11.99,True
5670f4db5b62c43d542e1b2d56b0cf7c,22,1,0.045454545454545456,0.0001527417137620284,6630.09,11.53,True
0d33a55da925bbf1ff02af5f6059fc7f,22,1,0.045454545454545456,0.0001527417137620284,547.3,10.9,True
acadd4d36859671cb635527c6c977533,12,1,0.08333333333333333,0.0001527417137620284,2381.0,8.0,True
08061dc0fc165ed41288cc7acde738ee,4,1,0.25,0.0001527417137620284,123.8,7.9,True
138dbe45fc62f1e244378131a6801526,49,1,0.02040816326530612,0.0001527417137620284,1125.56,6.9,False
f44bdc12aa39f5271f0b95f66cd4c289,5,1,0.2,0.0001527417137620284,357.5,6.9,True
9d7a1d34a5052409006425275ba1c2b4,13,1,0.07692307692307693,0.0001527417137620284,1054.82,5.6,True
0e44d110fa6a54e121cb2c095a77762f,6,1,0.16666666666666666,0.0001527417137620284,223.32,4.2,True
94b9108d4b637ba65bb4f1e53cfcf8d8,7,1,0.14285714285714285,0.0001527417137620284,234.96,3.54,True
0015a82c2db000af6aaaf3ae2ecb0532,3,0,0.0,0.0,2685.0,,True
001e6ad469a905060d959994f1b41e4f,0,0,,0.0,250.0,,True
003554e2dce176b5555353e4f3555ac8,1,0,0.0,0.0,120.0,,True
00ab3eff1b5192e5f1a63bcecfee11c8,1,0,0.0,0.0,98.0,,True
00d8b143d12632bad99c0ad66ad52825,1,0,0.0,0.0,86.0,,True
010543a62bd80aa422851e79a3bc7540,2,0,0.0,0.0,1416.0,,True
010da0602d7774602cd1b3f5fb7b709e,1,0,0.0,0.0,849.5,,True
011b0eaba87386a2ae96a7d32bb531d1,1,0,0.0,0.0,99.98,,True
01266d4c46afa519678d16a8b683d325,3,0,0.0,0.0,90.25,,True
013900e863eace745d3ec7614cab5b1a,23,0,0.0,0.0,1619.7,,True
014d9a685fd57276679edd00e07089e5,11,0,0.0,0.0,729.88,,True
01bcc9d254a0143f0ce9791b960b2a47,10,0,0.0,0.0,1521.21,,True
01c97ebb5cdac52891c0ed1c37ba0012,9,0,0.0,0.0,577.5,,True
01ed254b9ff8407dfb9d99ba1e17d923,5,0,0.0,0.0,1465.99,,True
024b564ae893ce8e9bfa02c10a401ece,2,0,0.0,0.0,706.4,,True
028872bfa080090a9d0abd4f1af168f8,1,0,0.0,0.0,70.5,,True
02a2272692e13558373c66db98f05e2e,0,0,,0.0,54.98,,True
02b72cdeb9cfcc429f1af6f4e3f3b737,4,0,0.0,0.0,522.65,,True
02c988090b766852e088c69d7fb3b551,12,0,0.0,0.0,1618.65,,True
02ecc2a19303f05e59ce133fd923fff7,21,0,0.0,0.0,5264.19,,True
0307f7565ff85b299b6e5ef162b1b1a9,6,0,0.0,0.0,4728.8,,True
0336182e1b3e92f029d5354832045fdf,1,0,0.0,0.0,29.8,,True
034b9387752bfa309f350a70cd45ffa3,8,0,0.0,0.0,96.0,,True
039b29ff3b3473435d0cd59040575de9,9,0,0.0,0.0,114.9,,True
03bd479e1d9484cdb14104d3023f7321,3,0,0.0,0.0,359.7,,True
044668ccd5316b12a7cf0d54a156e3e9,3,0,0.0,0.0,137.8,,True
04843805947f0fc584fc1969b6e50fe7,1,0,0.0,0.0,1400.0,,True
04ee0ec01589969663ba5967c0e0bdc0,1,0,0.0,0.0,289.49,,True
052577151711aec5c744fe12e66db3e1,1,0,0.0,0.0,2748.0,,True
0570350b23eda5444f8d1d9544932058,6,0,0.0,0.0,626.9,,True
05730013efda596306417c3b09302475,4,0,0.0,0.0,952.0,,True
05a48cc8859962767935ab9087417fbb,1,0,0.0,0.0,42.9,,True
05a940b4ecae36cadfd8e93bd9c43257,9,0,0.0,0.0,952.0,,True
05aebce0b5c8f0d41b29b686f2d05fd3,2,0,0.0,0.0,74.99,,True
05ca864204d09595ae591b93ea9cf93d,1,0,0.0,0.0,179.9,,True
05feb94f19d094d4b0f9281f0b1d4c99,6,0,0.0,0.0,9353.0,,True
062c325cd6a2b87845fab56b4ec2eeae,2,0,0.0,0.0,133.22,,True
06532f10282704ef4c69168b914b77be,7,0,0.0,0.0,10220.5,,True
06bb3a2fe5e7b7a845b13e8fb91bd944,17,0,0.0,0.0,1536.19,,True
06e5eefc71ec47ae763c5c6f8db7064f,90,0,0.0,0.0,22188.56,,False
07017df32dc5f2f1d2801e579548d620,8,0,0.0,0.0,946.49,,True
0743a0239d764b9a0f959a57d07e36ab,4,0,0.0,0.0,336.96,,True
0761743cbffb25d7148189e9f1a5f03a,3,0,0.0,0.0,241.2,,True
077c5fae4bea9500e3737b16f71b9d3a,4,0,0.0,0.0,106.8,,True
0791d9fc1e30678ecf03d3e55fa108d3,5,0,0.0,0.0,842.0,,True
079d295dcbf06ee8bb1b65ba964eb2b6,5,0,0.0,0.0,349.3,,True
07a9bc7f61396b658ddf3ac534efe44c,1,0,0.0,0.0,119.9,,True
07bf9669d84d1f11be443a9dd938f698,18,0,0.0,0.0,1776.0,,True
07d75e33f2750d97d467fb57e4dfdd8a,2,0,0.0,0.0,722.4,,True
07e8e8fc5222bb358e6f259da3197074,2,0,0.0,0.0,51.8,,True
08084d990eb3f53af056ccbc1730c8a7,12,0,0.0,0.0,372.5,,True
085f6f7e049c996695fb2074fe38d45e,6,0,0.0,0.0,305.4,,True
0885aaf116795758dfeb5f1032487bcd,27,0,0.0,0.0,2648.0,,True
08ad4ac1388e4420ca531c3edfc46198,6,0,0.0,0.0,221.62,,True
08d0949a9a17c027262db1f3c450c26c,12,0,0.0,0.0,324.8,,True
08d1c9478fb0d7d7fcac9c0da4e82fc7,1,0,0.0,0.0,538.0,,True
08f5819815f3d06545011850bd70f0a8,3,0,0.0,0.0,452.0,,True
091065b789659bc3cd9af9cb3a6253ff,2,0,0.0,0.0,1359.0,,True
0936e1837d0c79253456bbb2ffaaef10,1,0,0.0,0.0,38.9,,True
094ced053e257ae8cae57205592d6712,19,0,0.0,0.0,1519.2,,True
0951a6e282947e09cd47969f4ed0b47f,7,0,0.0,0.0,492.3,,True
09bad886111255c5b5030314fc7f1a4a,5,0,0.0,0.0,487.5,,True
0a198e95d32b1be2da9424c962a6ebfa,1,0,0.0,0.0,69.99,,True
0a82f5fb06a4fe4ac2cf7cb412ec71b8,2,0,0.0,0.0,462.0,,True
0aa124728afc1131dff5655f4c6f487b,0,0,,0.0,850.92,,True
0aa2205ca24f113f4658a5c536667426,4,0,0.0,0.0,815.62,,True
0ad80de75c811326389cfb1daba7d45e,6,0,0.0,0.0,1449.4,,True
0ade5cc4a305ed7093a23f68ca47519c,2,0,0.0,0.0,158.88,,True
0af2ab31141893d26aca5a404a537dab,1,0,0.0,0.0,59.0,,True
0af977692321d895349eded183341d28,2,0,0.0,0.0,257.75,,True
0b09101900100c0e9d312861fad5a1b9,1,0,0.0,0.0,153.75,,True
0b0ddbc7b9d9584f442c7ac92b0ff6c9,3,0,0.0,0.0,1416.76,,True
0b18d63d0cd1d723567903fd34a07df2,9,0,0.0,0.0,1678.14,,True
0b1ca3ef18a63d7eb0c8897fa0849c08,1,0,0.0,0.0,55.0,,True
0b36063d5818f81ccb94b54adfaebbf5,1,0,0.0,0.0,765.0,,True
0b3f27369a4d8df98f7eb91077e438ac,2,0,0.0,0.0,146.51,,True
0b46f784306be7200ca1700aa55d819f,1,0,0.0,0.0,19.9,,True
0b64bcdb0784abc139af04077d49a20e,4,0,0.0,0.0,137.6,,True
0bb27263628258b8111a0262769fa9db,1,0,0.0,0.0,22.2,,True
0bebbb2cea103a4a020c95d43fd7d754,9,0,0.0,0.0,1367.2,,True
0bfd0b434243adc5c2e1aa6baf19c6aa,6,0,0.0,0.0,371.2,,True
0c7f30ae9b147eca07affbef92832a6a,5,0,0.0,0.0,479.5,,True
0cab2da43793a6f3c5ed8514c5f54627,3,0,0.0,0.0,309.7,,True
0d4c8269e7f0401201794deef160edd6,3,0,0.0,0.0,792.64,,True
0daf5180aa44356f60f8effa533b55a2,2,0,0.0,0.0,144.8,,True
0ddefe3c7a032b91f4e25b9c3a08fca1,9,0,0.0,0.0,402.9,,True
0e72c1a751b496722a6cb1f10653b62a,3,0,0.0,0.0,140.8,,True
0e982cff76cc0579f632cea8a0e38c9d,6,0,0.0,0.0,1307.34,,True
0eaa7e33d73809f1f925f7d07c506cbd,15,0,0.0,0.0,1552.0,,True
0ebd97a106433a45a4aebe57c1799778,31,0,0.0,0.0,3046.8,,False
0ec28cec4046a4a199b6de9b4c891d97,3,0,0.0,0.0,296.6,,True
0ee4fb99ac55ffbbc98795aa01b7f8fa,1,0,0.0,0.0,59.9,,True
0f0c984a4a955310903b6b6008660bad,4,0,0.0,0.0,369.81,,True
0f519b0d2e5eb2227c93dd25038bfc01,1,0,0.0,0.0,79.9,,True
0f7eea709efdf942b5f95c7516dbacd7,3,0,0.0,0.0,195.74,,True
0f80a40c312b2472dca482cf50f5186f,1,0,0.0,0.0,129.9,,True
0f94588695d71662beec8d883ffacf09,1,0,0.0,0.0,9.0,,True
0fe2d9733ed841eb064503920015a8c0,3,0,0.0,0.0,389.64,,True
0ff83046c3fa22efee8ecf291888b191,10,0,0.0,0.0,768.9,,True
10089e9f2fd0c668a8fd4e52e1698888,3,0,0.0,0.0,1139.9,,True
101921376b577a4540dc30e9009133ca,0,0,,0.0,373.0,,True
101a3a003516bc11253298b2fad3cb65,5,0,0.0,0.0,450.0,,True
10264f60a8f0a4d2f30810f5c661c673,4,0,0.0,0.0,284.6,,True
10cdd491d1dbea8fb4ead97b19c334ce,3,0,0.0,0.0,208.9,,True
10ff823eda2b032e2c93d17a7d294736,8,0,0.0,0.0,1294.97,,True
112453736dbe3889cfb74e1aaa0ba0c1,7,0,0.0,0.0,1890.0,,True
11742f81550ac064cc9a40f67151d9ad,2,0,0.0,0.0,781.9,,True
117cfc326c6d50da67ca858ff5c0c852,5,0,0.0,0.0,454.6,,True
11938fcc75f6902fea1d0a6f72b54a57,2,0,0.0,0.0,594.98,,True
119c7f1a00ef43fad0e57604e76a747c,2,0,0.0,0.0,189.8,,True
119d1aef1b4144adba89163f6cd9f5d4,4,0,0.0,0.0,1094.0,,True
11d4c477d09821164bca4f70a2eae031,3,0,0.0,0.0,83.04,,True
11eac105f3f90a9b87b19c89d91e24f3,5,0,0.0,0.0,802.89,,True
11fb6f6d341adbe19e81733701704635,3,0,0.0,0.0,1197.0,,True
120476eb7a04c149d14772edaf5d9bf2,4,0,0.0,0.0,2368.8,,True
1284de4ae8aa26997e748c851557cf0e,3,0,0.0,0.0,1459.97,,True
12a8eb0f8d1cd3270695bf2a99f55966,2,0,0.0,0.0,397.0,,True
131fcb0a0c9a47bba4474aacff0f14b7,4,0,0.0,0.0,369.8,,True
134285d1f41da5c13a756ee8142c8a4e,3,0,0.0,0.0,1572.7,,True
134a288e7de827ec5ec62e3ec9c3a295,9,0,0.0,0.0,877.45,,True
134b867a0f7f8bbe6abf10f91874891e,1,0,0.0,0.0,789.89,,True
13511db12ac61e2f89c53b72a944a60b,6,0,0.0,0.0,798.0,,True
1354d51653f645349064725ed204e85e,18,0,0.0,0.0,2410.0,,True
139157dd4daa45c25b0807ffff348363,1,0,0.0,0.0,29.9,,True
13c2ed7698b3ca92dad49e849219da59,8,0,0.0,0.0,498.61,,True
13dd308f81fea30cc670c656b2b46cc3,3,0,0.0,0.0,117.7,,True
13e85aac53340018b40c2af68001b7e0,1,0,0.0,0.0,17.8,,True
141440cad9341e553f8401c574a2aa38,11,0,0.0,0.0,1288.2,,True
1430239a858e7682bbc43b20758af153,17,0,0.0,0.0,660.79,,True
1444c08e64d55fb3c25f0f09c07ffcf2,1,0,0.0,0.0,2749.0,,True
14a08204d03bb6b6bde8029f801ae0eb,28,0,0.0,0.0,2185.4,,True
14f2b3587172b9db894c9bad8dab520b,2,0,0.0,0.0,244.0,,True
152ee17e4c8aaf53dac99f3462e4999b,6,0,0.0,0.0,308.96,,True
1588ac4010787100dddef64568f0ae35,3,0,0.0,0.0,599.97,,True
15ac3c501e2599e4917316fde5c5669a,0,0,,0.0,144.2,,True
15aec03fe4cf30dfa574cf550f5ff5ff,0,0,,0.0,28.9,,True
15b3b1b81484422eb41df68ac87f1f50,1,0,0.0,0.0,78.35,,True
160851d3ece7aa1a510f8d1a4bb8a8af,2,0,0.0,0.0,102.05,,True
160e4f13fd3a64b1b86807be88b5ffb0,4,0,0.0,0.0,886.0,,True
164a5a8794e6d42e14f55e447b12a3bc,1,0,0.0,0.0,73.99,,True
166e8f1381e09651983c38b1f6f91c11,2,0,0.0,0.0,78.8,,True
16bdc8cefd0e32a6f0824d296c5ad14a,1,0,0.0,0.0,41.76,,True
1703bc09972dab9782e7a9194943b69f,1,0,0.0,0.0,249.9,,True
1710c3aaa9c6b44ec3883ee0fe300e21,2,0,0.0,0.0,1188.9,,True
173d56ffbd4c56cb80fc3615487d712b,2,0,0.0,0.0,358.0,,True
1746c1ae87ac63d530c7c943d0ac42e2,1,0,0.0,0.0,229.9,,True
17998cf586426bf0f2c3726cb0a4b211,2,0,0.0,0.0,69.8,,True
17adeba047385fb0c67d8e90b4296d21,0,0,,0.0,809.7,,True
184725737946a1a938bbbd1a9e978103,3,0,0.0,0.0,359.7,,True
184a67a8f9f63234d3a92340bbdb727f,7,0,0.0,0.0,268.66,,True
186cdd1b2df32caa72cfb410bba768d3,6,0,0.0,0.0,1341.45,,True
189ca3538ce9f920cacf0f982cbe223b,4,0,0.0,0.0,419.0,,True
1927cdb9fa74f5270097f6250e8e8f34,1,0,0.0,0.0,120.0,,True
1961c3e1272bfeceb05d0b78b5bbfdaf,2,0,0.0,0.0,896.0,,True
1967a9e2ad6f51802b093147d861df58,0,0,,0.0,380.0,,True
1992f8fb6b19fcccd97ca819811e7267,0,0,,0.0,28.8,,True
1996942dc085d7773ba77a529b163cd0,9,0,0.0,0.0,2943.51,,True
19a7c9f66ffa6452ff4b4c0cca71da27,1,0,0.0,0.0,279.0,,True
19d62d484cba71963c93f0f00ab42013,1,0,0.0,0.0,139.9,,True
19e0f40a907ec568c34bfac15de4f4a1,4,0,0.0,0.0,178.0,,True
1a6245add4353f18ed55138808906979,0,0,,0.0,30.0,,True
1a8e2d9c38b84a9702ac7922924b0573,1,0,0.0,0.0,80.0,,True
1acde099eb406aa220b1169b188b42da,9,0,0.0,0.0,311.1,,True
1b0b0f4f95e962d6f32fe90c759d0479,2,0,0.0,0.0,139.8,,True
1b1ae47a313a825a7ccceb8e2e30fa9d,10,0,0.0,0.0,2243.9,,True
1b45169b635ef59425637e9a33eb5fb3,7,0,0.0,0.0,308.9,,True
1b61fb1f0f2185d89e9a126c498e9cc7,1,0,0.0,0.0,49.7,,True
1b65c144b17e607c0f37f10bb7dfec8d,5,0,0.0,0.0,1109.5,,True
1b938a7ec6ac5061a66a3766e0e75f90,29,0,0.0,0.0,3987.6,,True
1bb3812d5f0747a3ab7348f199001a10,9,0,0.0,0.0,834.4,,True
1bc2e21de46adfea6b98cc96b00f3b40,3,0,0.0,0.0,1039.95,,True
1c56ffe0e9dea2657fc6e95b53f40b13,3,0,0.0,0.0,183.0,,True
1c5e4e49b9079480255b49d50aac1aa9,12,0,0.0,0.0,10173.11,,True
1c742ac33582852aaf3bcfbf5893abcf,1,0,0.0,0.0,97.9,,True
1c83418358f249c9d6affa52d579db0e,1,0,0.0,0.0,24.9,,True
1cbcd2ee0afb3fc09963b87eb65e7e4f,1,0,0.0,0.0,90.0,,True
1cbdc7cf130a41fd13a3c2a7d2fcfda7,2,0,0.0,0.0,165.8,,True
1cd9e0cc1839d55516843def5600816d,5,0,0.0,0.0,825.0,,True
1d0646a72178a6fb37ee8082140e06ec,2,0,0.0,0.0,61.0,,True
1d139e3a3b14025640d8df1b230aace0,2,0,0.0,0.0,36.49,,True
1d953075c2f0dd990bacf27b83b330f1,1,0,0.0,0.0,59.0,,True
1dcfa3835714681d4ba4a93bc1e0fd41,12,0,0.0,0.0,1278.5,,True
1de62b6f2fd96227629786db492433db,2,0,0.0,0.0,208.8,,True
1e26c56af8d48424e1df0140a2401f83,2,0,0.0,0.0,258.9,,True
1e47d8b6546eb3a77b1acddcc9406242,1,0,0.0,0.0,149.9,,True
1e47defeeadeca0e9a18fa5a9311e735,3,0,0.0,0.0,234.12,,True
1e483cc5c76fef08d3ca05f9a8af7d01,9,0,0.0,0.0,171.99,,True
1e8c6a4c538f286aee9573239740a4b4,5,0,0.0,0.0,359.7,,True
1e9d5a33694bddb76316fd1f54734d20,2,0,0.0,0.0,318.0,,True
1f7dfad2cb384ea4d2d7e1ffbd78c407,1,0,0.0,0.0,49.0,,True
1f7fd2a6fcd5a6fa5d8a4dabc72aaae0,3,0,0.0,0.0,531.8,,True
1f867308a0ce13133a4e639ff4de0c02,7,0,0.0,0.0,875.1,,True
1fa2d3def6adfa70e58c276bb64fe5bb,1,0,0.0,0.0,6.9,,True
1fbe10c70e30765ed1de86d9f7e98409,2,0,0.0,0.0,98.75,,True
1fddcb7b326905d3ad5efe82187db347,0,0,,0.0,92.0,,True
1fe61aa5494bd3ae92a2c13e067c810f,1,0,0.0,0.0,537.76,,True
2009a095de2a2a41626f6c6d7722678d,8,0,0.0,0.0,388.89,,True
2039c5e51785b5dde7cf93ccb3b7be2c,1,0,0.0,0.0,159.9,,True
204b4e07bddef3c9b317f70189135b22,1,0,0.0,0.0,73.4,,True
2059c39f76271d4ca3f15b5ffaccc8b8,12,0,0.0,0.0,604.9,,True
20611af7866c6068fd5ae1f9dbe15c92,2,0,0.0,0.0,219.8,,True
2063dd1b9f568df1c16741ea7d3e6adb,3,0,0.0,0.0,763.1,,True
2075d8cd4dd63ff12df0749a5866bb06,3,0,0.0,0.0,184.7,,True
2078fe5066350e7d220c0ad3a3bbc6c1,0,0,,0.0,29.9,,True
20a7efa9721046319bdde5d60b6b5365,3,0,0.0,0.0,501.2,,True
20fd2d2080ed85fa67fad3fcbb2c1813,0,0,,0.0,85.9,,True
213fafb0ca06fb3d5886579c2565791b,3,0,0.0,0.0,189.7,,True
217f005bb37ff3aeef5b2ae1788e75ba,2,0,0.0,0.0,74.97,,True
21c62b998a043ebe31161d38f84929fc,4,0,0.0,0.0,750.49,,True
21d59342ba150175ca2aa4f8faddeca6,2,0,0.0,0.0,259.9,,True
21e83881401b92b49fb09a16d3852291,12,0,0.0,0.0,3588.05,,True
2235cf78d3e2073a88146a9cb60f0dd0,1,0,0.0,0.0,178.99,,True
226b05fe067266c59c15dae208213d06,10,0,0.0,0.0,1056.9,,True
228e4c1a0be164f613d41c24345f9d2c,5,0,0.0,0.0,539.7,,True
22a23e5ac7061fc538cc2a019afaaf16,1,0,0.0,0.0,95.0,,True
22c32ec35d0116ef02c281798a25bf8b,4,0,0.0,0.0,119.58,,True
2305ab43e846518f58dd9d59f3f54e96,3,0,0.0,0.0,788.89,,True
23ca5f678e0b3ea6c630b30fa8bf51ea,6,0,0.0,0.0,183.0,,True
23ff42c4bf1f8f16cddb19d8b972974a,2,0,0.0,0.0,174.7,,True
247587846358bb1d2e4c6522020b36fe,1,0,0.0,0.0,99.0,,True
2493dc3f20131696a0ecdb9948051a8d,4,0,0.0,0.0,504.38,,True
249f0e9905a6e06ad6c6bea7547ab9f6,3,0,0.0,0.0,347.95,,True
24a6daf925d9d591870a66660416de31,2,0,0.0,0.0,60.0,,True
24c1de8d9551c0b4fbc53317d53efda8,1,0,0.0,0.0,355.0,,True
2528744c5ef5d955adc318720a94d2e7,5,0,0.0,0.0,6245.0,,True
252e76235acb79183cfca6e34f13337d,3,0,0.0,0.0,261.2,,True
253f95b3a0e6983ae18aed49fbc2b845,5,0,0.0,0.0,799.5,,True
257e61d3251fb5efb9daadddbc2cf7ca,12,0,0.0,0.0,7729.0,,True
258447aad3f7b01e2643c89f64dc5647,1,0,0.0,0.0,51.9,,True
25be943a321c8938947bdaabca979a90,3,0,0.0,0.0,769.0,,True
25debeafbce801fdd479539350185eee,5,0,0.0,0.0,302.84,,True
25e47381a6c510ddeb36084e33b89f0c,16,0,0.0,0.0,1289.6,,True
262237171f48e85819065498cac80d7b,4,0,0.0,0.0,599.0,,True
26562f211dd1364af2a8596dc945e8ae,2,0,0.0,0.0,99.0,,True
265fdc289dffa9f1ad801c74f7d0de47,1,0,0.0,0.0,495.0,,True
26785a546900236d66f2e4197c211158,15,0,0.0,0.0,1019.2,,True
269c5fc9fcadee614364c3620c30a1f9,3,0,0.0,0.0,209.6,,True
269cff2d3c8d205c11f37a52402ea93b,4,0,0.0,0.0,1281.59,,True
26af45f5dfd967225a832838aa4e24a3,10,0,0.0,0.0,573.1,,True
26b482dccfa29bd2e40703ba45523702,3,0,0.0,0.0,344.78,,True
26bad72add1f86e08a776ce4ffdaf1ca,7,0,0.0,0.0,622.0,,True
26d6bbee02420494d471c9f6436929c0,12,0,0.0,0.0,434.51,,True
26e13b6ff5b641b329e5524241ee2c93,4,0,0.0,0.0,119.7,,True
26e2e5033827d2ba53929f43e03d8ffe,1,0,0.0,0.0,139.49,,True
270297ead4c65a6cd2593960d2af6b21,17,0,0.0,0.0,9422.4,,True
270572bb714b00531be85e16e1550f26,1,0,0.0,0.0,96.99,,True
270d3ef21830ad0ecf3a6c53d08a533a,5,0,0.0,0.0,509.0,,True
272f092de69afedd4d2969440b37f18f,25,0,0.0,0.0,1935.33,,True
278b6e0b20c4f61fefaa0577943d7a35,0,0,,0.0,1078.0,,True
28405831a29823802aa22c084cfd0649,6,0,0.0,0.0,245.0,,True
28872dc528e978a639754bc8c2ce5a4c,1,0,0.0,0.0,1009.9,,True
28a26ebce31d5918b181ede016fd693b,1,0,0.0,0.0,29.9,,True
28c7d8743fbc8679f484868cc0fcaefb,3,0,0.0,0.0,201.5,,True
28d162ab86bb49d719c32f0ee6186eaa,1,0,0.0,0.0,109.99,,True
28ea411b354f14b1a494be4e79f0ce02,6,0,0.0,0.0,820.0,,True
28fb0829fd777877cdc350d25cb5bd5b,2,0,0.0,0.0,499.6,,True
293dee954235e4e4e43f129313625ebe,8,0,0.0,0.0,1778.92,,True
296729ffb9b684050dd24836dac4494a,2,0,0.0,0.0,114.0,,True
297d5eccd19fa9a83b2630071ff105e4,8,0,0.0,0.0,834.97,,True
299c89a525fee36c567f4fe72f038100,1,0,0.0,0.0,658.0,,True
29c322e3f09f886f8bacbe91dfbd979e,1,0,0.0,0.0,48.98,,True
29e6e05b65f93bc224c644319dc52ecf,4,0,0.0,0.0,475.6,,True
29fe9f200d3fa0c668d2aa1ec7e08dfb,5,0,0.0,0.0,400.0,,True
2a167ca73899c85001a837d8fb4962f6,2,0,0.0,0.0,4097.0,,True
2a73cba571d90c694b7caca072ccf6ce,1,0,0.0,0.0,342.78,,True
2a7c6c0b0d5efde2bf75ec1e1cec2d41,3,0,0.0,0.0,147.6,,True
2aafae69bf4c41fbd94053d9413e87ee,2,0,0.0,0.0,94.0,,True
2addf05f476d0637864454e93ba673d5,12,0,0.0,0.0,4552.0,,True
2b2fed75b8e5ea3a052fc4c0825da485,3,0,0.0,0.0,510.9,,True
2b3b9ce054da76a7428df143a567b156,5,0,0.0,0.0,301.0,,True
2b3e4a2a3ea8e01938cabda2a3e5cc79,52,0,0.0,0.0,23629.15,,False
2b402d5dc42554061f8ea98d1916f148,1,0,0.0,0.0,299.89,,True
2bd05d410a8fd26dc4184a15f4f2f588,6,0,0.0,0.0,1316.73,,True
2bdb95a56a36ebbc6640337ac5eac174,1,0,0.0,0.0,89.9,,True
2c00c85d30361cd2ced2969cffbbffa3,1,0,0.0,0.0,49.8,,True
2c2c9832d1bb38c5b0034a3b47d313ee,1,0,0.0,0.0,49.9,,True
2c43fb513632d29b3b58df74816f1b06,3,0,0.0,0.0,858.0,,True
2c4c47cb51acd5ea5db5e0ae0e26542a,12,0,0.0,0.0,2575.9,,True
2c538755f1ca9540af144f266e70df6c,1,0,0.0,0.0,334.99,,True
2c54051840f19eca309a5423cf22df36,2,0,0.0,0.0,23.7,,True
2c9005d8043aff18b8557ffb7b13cda4,1,0,0.0,0.0,109.9,,True
2cb4700db635baa1c0d4f90ed27b6669,2,0,0.0,0.0,199.8,,True
2cb6eb1b7185064167657fa09f541105,6,0,0.0,0.0,1217.9,,True
2cb98e27ce1c18abdb42209b34c382a7,1,0,0.0,0.0,62.49,,True
2d20f1cd18725c91147da0791d498022,1,0,0.0,0.0,99.8,,True
2d22fc3089eb907b29ebff50581fb472,3,0,0.0,0.0,317.7,,True
2d34636518ba88f5349b732fcf8ba2e4,1,0,0.0,0.0,150.0,,True
2d378dbb39815785238c0139c7647fb7,2,0,0.0,0.0,1154.0,,True
2d42ebcda99fd55f6f4bc2f1ca035d50,10,0,0.0,0.0,921.5,,True
2d518637f53161b973e01f56ea4bb88e,13,0,0.0,0.0,1219.89,,True
2d8cfba3fcd3170555941605edaa196a,1,0,0.0,0.0,45.0,,True
2d9e8987a2ea5cf88dce330249043ff1,2,0,0.0,0.0,239.8,,True
2dd1fb6f0e42a2243b8a01e40cd41216,3,0,0.0,0.0,845.89,,True
2e0dba2da448400b1c11d7b4b22f32a4,7,0,0.0,0.0,235.87,,True
2e2f44824ab87a0cb961f68bf4073e7f,1,0,0.0,0.0,48.0,,True
2ea0861cc19e94cad86438c984c52da4,6,0,0.0,0.0,165.6,,True
2ec6e37d992a95eaddb3369dcbcc76d9,2,0,0.0,0.0,159.8,,True
2ee0a0689f2f6a72f35a7cb6033f6e7e,4,0,0.0,0.0,272.0,,True
2eeb6531ee027a48d401e72bebdd87d3,3,0,0.0,0.0,38.7,,True
2ef086a599b597572aca4433b7ed6b3d,1,0,0.0,0.0,49.0,,True
2f1e7b90e01d9f086cbcb301c0c3d406,1,0,0.0,0.0,59.0,,True
2f3d8b4c9e2ee165075331fea3f3095a,1,0,0.0,0.0,130.0,,True
2f4b0d3b9634b647d4edee577d7ebb7e,10,0,0.0,0.0,337.9,,True
2f4b9d112bfa44a214bc6cef085d17c8,5,0,0.0,0.0,293.99,,True
2f73e04d12cdf0c945ded66bb3fcf6c7,3,0,0.0,0.0,1359.0,,True
2f74af7a0ee5636f12c2336f9fffed47,13,0,0.0,0.0,560.7,,True
2f9b7ce230a057a98a9f5df5893ee36c,2,0,0.0,0.0,141.82,,True
2fa13c8bd5705d279f7ed5cc9ec61c68,2,0,0.0,0.0,87.4,,True
2fb25ab44bdbeae6a4d816e0d0c9d500,5,0,0.0,0.0,683.08,,True
2fdde51ad3e12f297da656d4fbd5d0b5,9,0,0.0,0.0,6252.0,,True
2ff6b7bff164ef05590a52734e1296da,7,0,0.0,0.0,1803.59,,True
3076499bbc033a927bf4a8a41bcf7fd4,7,0,0.0,0.0,359.33,,True
3092c0b297aacfb4bb6e056ebe13b9b8,16,0,0.0,0.0,1623.9,,True
30a81d8cf85fb2ada1b1b094c9583a95,17,0,0.0,0.0,1245.42,,True
31561f325664a8a7aba4c8d0c3a9b3db,36,0,0.0,0.0,2702.19,,False
31e60bf8d103ce47932a85f5562deb16,1,0,0.0,0.0,181.0,,True
31eec405c9bb71dec8e2629a92e764fa,5,0,0.0,0.0,256.89,,True
325f3178fb58e2a9778334621eecdbf9,36,0,0.0,0.0,981.7,,False
3289d8c3eef4873f91ce0b1343c0dd58,1,0,0.0,0.0,199.99,,True
328acb143b4a73aad6bee8e734f5d20d,2,0,0.0,0.0,699.98,,True
3296662b1331dea51e744505065ae889,1,0,0.0,0.0,517.8,,True
32e5635e63cb374eb63afdd242fb6134,1,0,0.0,0.0,910.0,,True
32f83ffe11cd40f7adcf4eef171f52d9,1,0,0.0,0.0,29.99,,True
32fdd5d44ecb43dfd6a24b9369eca144,8,0,0.0,0.0,479.2,,True
3338e7a0710a195872be80e0d2423867,0,0,,0.0,45.0,,True
333c4210e76a1aa2ab817b99437e3ff1,2,0,0.0,0.0,335.0,,True
334cab711dee080b079fa5779b584783,11,0,0.0,0.0,1069.7,,True
3364a91ec4d56c98e44174de954b94f6,6,0,0.0,0.0,3579.94,,True
33ab10be054370c254ddfcf0a6253422,4,0,0.0,0.0,213.2,,True
33ac3e28642ab8bda860a2f693000e78,34,0,0.0,0.0,3661.03,,False
33cbbec1e7e1044aaf11d152172c776f,15,0,0.0,0.0,730.67,,True
33cbda8716511e27e556dff9d8418bf2,5,0,0.0,0.0,507.4,,True
33d677f27a69b84051204ee4ae76eaca,9,0,0.0,0.0,165.0,,True
33dd941c27854f7625b968cc6195a552,5,0,0.0,0.0,6787.5,,True
33fd411ed63a7c2f9005e3f065d9f85d,1,0,0.0,0.0,24.9,,True
340636a908b13bbe0f4fb63fbe1d0c03,3,0,0.0,0.0,823.2,,True
3442033154be05bac582e173ef54fd12,1,0,0.0,0.0,161.0,,True
344223b2a90784f64136a8a5da012e7f,1,0,0.0,0.0,10.9,,True
34675b28b826facfde119785bf287dc1,1,0,0.0,0.0,21.99,,True
3481aa57cd91f9f9d3fa1fa12d9a3bf7,25,0,0.0,0.0,1773.03,,True
3492e68f37fd1df87f4f2f2ea247f445,8,0,0.0,0.0,787.86,,True
34a557286ead8fe75c989e0afcf7d98c,4,0,0.0,0.0,414.9,,True
34aefe746cd81b7f3b23253ea28bef39,0,0,,0.0,8.0,,True
34d1ca11b242c0fee2c834ae8d788566,40,0,0.0,0.0,13422.24,,False
34f563c82a85b99ae9e6d60db5fc2e28,8,0,0.0,0.0,2332.3,,True
3504c0cb71d7fa48d967e0e4c94d59d9,53,0,0.0,0.0,2349.94,,False
35281d148dcf7134bae913c57db4e6da,1,0,0.0,0.0,119.99,,True
353e21e8bf8de2722b4fae1636664b76,4,0,0.0,0.0,208.0,,True
35b96509602ec4b7da831b5cd73ff2c2,2,0,0.0,0.0,558.9,,True
35ef5aa32949680f627efec3c23e705c,4,0,0.0,0.0,361.6,,True
3606774ec64634822d78dc2db6d37045,1,0,0.0,0.0,299.8,,True
365e445f796710c3431557e85caa25db,4,0,0.0,0.0,1115.0,,True
365e4bce19bda0082c3d15d83fdb8bcd,6,0,0.0,0.0,796.4,,True
36f98ad67cc981f50ce8aed093d5783c,2,0,0.0,0.0,119.4,,True
37303482a42fb700d8d127e70a9cd6c8,1,0,0.0,0.0,148.89,,True
376d67b61dce0c990155286e7ae486a4,1,0,0.0,0.0,94.0,,True
377bc18334c78dd2f1535ef22a3ad225,1,0,0.0,0.0,135.98,,True
3785b653b1b82de85ab47dd139938091,21,0,0.0,0.0,1552.0,,True
37ceb404da208418c9032f0674e57804,0,0,,0.0,204.93,,True
38102b031c2a15e54623d711bfc753d3,8,0,0.0,0.0,457.0,,True
3820c6537b3853be1a0687d5a60807ec,0,0,,0.0,25.0,,True
385799a1cddbd26dfeb9157356a42282,4,0,0.0,0.0,633.93,,True
389e45560e33d2d0747f949dcddbc08e,1,0,0.0,0.0,39.0,,True
38af8acfd46ac4a7bf754e8ca6736664,5,0,0.0,0.0,345.0,,True
38e6dada03429a47197d5d584d793b41,7,0,0.0,0.0,596.14,,True
38f276ca6e7cc95a6d1bb55ac9e5550f,1,0,0.0,0.0,24.99,,True
392353362d22cc2c236e1ee81ff19890,5,0,0.0,0.0,288.7,,True
392f7f2c797e4dc077e4311bde2ab8ce,2,0,0.0,0.0,52.0,,True
3969863bb8af7f72580b3b1ffd3a17b3,12,0,0.0,0.0,623.15,,True
3985a3c45be355a4c57fde108bfabd1c,7,0,0.0,0.0,344.2,,True
3986c0b54f6b748b75e7bd4e092aa3e5,1,0,0.0,0.0,24.99,,True
398cb257329ef7af7f1943a8974a3cbc,1,0,0.0,0.0,145.9,,True
39a5005f2605cbdb4f9ac14485cabfd1,3,0,0.0,0.0,501.07,,True
39d61be7a92eb77b7da367bd4845bc0e,7,0,0.0,0.0,700.59,,True
39f776d2974049026ff531fc42ef2a3e,3,0,0.0,0.0,1084.04,,True
3a3c180dd702a725bd0ba4117689239e,1,0,0.0,0.0,41.9,,True
3a3e46d10f74d8a6ca76e2b538f106a0,2,0,0.0,0.0,334.9,,True
3a4127e1ba7208ea37044c5092aae170,5,0,0.0,0.0,2219.6,,True
3a490ba60afa30ece0e7d50cfe74a4f0,8,0,0.0,0.0,1529.2,,True
3a52d63a8f9daf5a28f3626d7eb9bd28,1,0,0.0,0.0,35.0,,True
3a79f35a2344ede41af21267f61d5ec6,1,0,0.0,0.0,186.0,,True
3aa3c89ae3cd482385568be76120f63c,1,0,0.0,0.0,29.9,,True
3ac588cd562971392504a9e17130c40b,1,0,0.0,0.0,11.9,,True
3afc536624bc2e65bddfb5db33cc01f3,6,0,0.0,0.0,312.0,,True
3b18f9856c6eb2413eafedb58e9eecd9,1,0,0.0,0.0,315.0,,True
3bb32fedaa74e4ad20f4ce067733bd31,2,0,0.0,0.0,103.7,,True
3bb548e3cb7f70f28e3f11ee9dce0e59,46,0,0.0,0.0,7690.02,,False
3be5841cdcc46de4ed3f9116f104b2c5,4,0,0.0,0.0,599.6,,True
3bfad056cf05c00dabe2f895925d83b1,0,0,,0.0,206.65,,True
3bfba5a77604f6dfae7e6dd7aaf65821,4,0,0.0,0.0,2095.5,,True
3c010235b7345c92f125d14ee232a76b,15,0,0.0,0.0,3578.0,,True
3c3017960b2dbd72711a61f0400aab8f,9,0,0.0,0.0,968.8,,True
3c88ed2e76a2247933a15daa7161eb1c,1,0,0.0,0.0,155.0,,True
3ca08eeb8d5595949fed424bd3677742,13,0,0.0,0.0,1768.87,,True
3cfa1358a6caa965278721344c8d76f2,5,0,0.0,0.0,3140.28,,True
3d01d1c414c44b5943a09619ff3853cb,4,0,0.0,0.0,402.6,,True
3d0cd21d41671c46f82cd11176bf7277,9,0,0.0,0.0,447.8,,True
3d2400ac620cffa23ac81bd192f7f555,1,0,0.0,0.0,105.0,,True
3d2531eccfbde1d7c8db7a3a12fb267a,10,0,0.0,0.0,1999.54,,True
3d290fe363c60a77498c1126fd3fb8d3,3,0,0.0,0.0,198.98,,True
3d39fbf22a665714baf62fae36029e23,8,0,0.0,0.0,2504.2,,True
3d49bfdd1b43a7fe169b3740067acc61,3,0,0.0,0.0,215.0,,True
3d4b1ae7539303b5704493798893e82c,6,0,0.0,0.0,1076.0,,True
3d621842b2ed28e2b474132480edac3c,8,0,0.0,0.0,928.91,,True
3d62f86afa7c73be2628a3be1423f5a0,2,0,0.0,0.0,12.0,,True
3d68c634a99a1ba46dbca3967a69c623,2,0,0.0,0.0,594.0,,True
3dc69bf2c42f0568a5c4791ec3fd3745,1,0,0.0,0.0,300.0,,True
3ded4e2d5f135cb103e5949d7263d2dd,1,0,0.0,0.0,49.9,,True
3e35a8bb43569389d3cebef0ce820f69,1,0,0.0,0.0,55.8,,True
3e46a38ee171c503c3b4a3f23fe3bf0c,1,0,0.0,0.0,59.9,,True
3e51f9cbe317bc3a88f2c76583811ee4,1,0,0.0,0.0,76.09,,True
3ea00e1dea2b0659dbaf654735929220,7,0,0.0,0.0,505.0,,True
3ea08c48e851106d2f584349daba335f,1,0,0.0,0.0,170.0,,True
3ef37b7ca6dd2b80bd8af81a62504996,2,0,0.0,0.0,700.0,,True
3f0e48d209018b466fcd3bb4ccfeb520,9,0,0.0,0.0,5399.0,,True
3f8034bfc6b8b4135534975d49f04c63,11,0,0.0,0.0,1313.9,,True
3f8247d0f772ffa58560e5c682521ad5,0,0,,0.0,139.9,,True
3f84fefc07dc159b268d4a77d3e8c425,3,0,0.0,0.0,200.6,,True
3f9be91358837bff69df67edfa3e42e8,7,0,0.0,0.0,569.7,,True
3f9c56764fabca627406093dcb3ef0b4,7,0,0.0,0.0,909.3,,True
3fac58ce0ad699020c7944d53c41329c,10,0,0.0,0.0,1244.95,,True
3fadb4cba4c35bce6a7eaf9872d5623a,3,0,0.0,0.0,209.5,,True
3faf68a3b0af94b10bac70d86077be49,7,0,0.0,0.0,1322.93,,True
3fe7120d6257285ac6a3ce7cb071ccec,2,0,0.0,0.0,199.98,,True
3febca52652e7209509ccfe61cbde40e,0,0,,0.0,84.0,,True
3fefda3299e6dfaea3466ef346a3571a,1,0,0.0,0.0,209.0,,True
4003520d80d0bad1d5623f7aa3c63cda,1,0,0.0,0.0,70.0,,True
400f221ab83037c0ea78f1267da9624d,0,0,,0.0,865.0,,True
402916f742e5c740cc751493d9cf5053,9,0,0.0,0.0,1252.0,,True
403aa86912527d730337ffcb0fb096ab,11,0,0.0,0.0,8959.89,,True
4049512728d969bec69f84088b012416,7,0,0.0,0.0,389.84,,True
404e1ba01358af4cd63f679b2c4d1fa1,8,0,0.0,0.0,373.9,,True
40536e7ca18e1bce252828e5876466cc,0,0,,0.0,463.96,,True
40d54b51e962dbe09cabbcfd33298dee,30,0,0.0,0.0,6785.56,,False
40ec8ab6cdafbcc4f544da38c67da39a,2,0,0.0,0.0,117.8,,True
4125d9385a25e82d2f72d3a0fd55bc3f,1,0,0.0,0.0,42.9,,True
417a1e6c7321084d2a0ae0d023cfad93,1,0,0.0,0.0,48.9,,True
41958cbd3335433c8740300e8cd600d5,1,0,0.0,0.0,32.99,,True
41ab63a91b8b264e8c8780368bf1dd5b,12,0,0.0,0.0,2571.95,,True
41b14765bd56c8ad10971074380f9c0c,8,0,0.0,0.0,395.5,,True
41b86b552e54e3a7009596125aa8b167,10,0,0.0,0.0,1595.3,,True
41c2bad7229b0c25e6becf179ebf63ff,20,0,0.0,0.0,782.0,,True
41c9d3997dd3c072c31139dc5bb5761f,3,0,0.0,0.0,998.8,,True
41da412d33e8da4f22baf55cb1bde82c,15,0,0.0,0.0,862.9,,True
41e0fa5761c886a630994a55c12087e7,5,0,0.0,0.0,423.6,,True
4221a7df464f1fe2955934e30ff3a5a1,5,0,0.0,0.0,849.5,,True
422be4cc81a457fdb46f47edeb968ae5,1,0,0.0,0.0,239.9,,True
42b6488f5b8246d9141712abd4b1b693,2,0,0.0,0.0,247.99,,True
42d4b7e70819438f5ada61c965e92d7e,1,0,0.0,0.0,49.6,,True
42ef3192a9ff87a22d1867b74b3ee205,23,0,0.0,0.0,1354.09,,True
42fa4ee7240e9b8eb4576358ec142ba7,22,0,0.0,0.0,3845.7,,True
42fb44130ac3134cde8e35cf8ec7df25,2,0,0.0,0.0,62.7,,True
4305fe92735c8a43d154ff6dd2b8d927,17,0,0.0,0.0,2885.9,,True
431050a06a317f2b38168dec3dcd2b46,10,0,0.0,0.0,1487.8,,True
432c67955c0acd1fd6b0b5d678766a71,1,0,0.0,0.0,1151.0,,True
43402bdf22aa2310e8f99e2f94f78628,4,0,0.0,0.0,649.95,,True
436bf27f2f18474fc6047702e9f8a866,1,0,0.0,0.0,29.9,,True
43753b27d77860f1654aa72e251a7878,1,0,0.0,0.0,23.9,,True
4391ea5c5990502176a1dcda44a2373d,3,0,0.0,0.0,2349.0,,True
439a47cc365d6e3bd526812ea9de3c29,8,0,0.0,0.0,1186.5,,True
43a1d4bab73b816e44ef4e4facd9f9b5,1,0,0.0,0.0,189.9,,True
43a5d4a57af536fddc96d08be3afdfcb,1,0,0.0,0.0,75.0,,True
43b2c864251aa0ce4030c746984e088a,2,0,0.0,0.0,94.8,,True
443d880f15cbd3572885e1d44bf2c478,1,0,0.0,0.0,94.8,,True
4450bd8327d471c4a11a83d1445b1b62,1,0,0.0,0.0,199.0,,True
446cc09cdbb130904da114e807dbec40,3,0,0.0,0.0,252.8,,True
44717f64ec2a457979cf83c429077666,2,0,0.0,0.0,107.0,,True
447d377bdb757058acb569025ee18a93,1,0,0.0,0.0,64.99,,True
44ed138eca6214d572ce1d813fb0049b,2,0,0.0,0.0,129.79,,True
455befea1bb853c75ccbca94cff26e5c,1,0,0.0,0.0,19.99,,True
455c5640e8c5bd1b2ee85c0158f85727,8,0,0.0,0.0,6729.5,,True
455f46ef09a9e45667e2981df84b5cc2,1,0,0.0,0.0,59.8,,True
457fe919b032a3f7dadba6fb92cf7855,9,0,0.0,0.0,1104.89,,True
458c6fa920810ce2492da71bc26d9eec,2,0,0.0,0.0,756.76,,True
458d868c9642f55f18f04e951a3fdde6,2,0,0.0,0.0,2718.0,,True
45a3d05fb00435e52a28859dd03703b3,1,0,0.0,0.0,1299.0,,True
45c20d94d9171b0bcfab3c955e47d67b,4,0,0.0,0.0,129.46,,True
461ff5303b6c9c1a4a07f40c5aece516,3,0,0.0,0.0,102.7,,True
466222e777149751370e7e98fb623b0c,1,0,0.0,0.0,87.9,,True
46ef1a25845fc051c2998d878354810c,5,0,0.0,0.0,250.41,,True
4736e9d642ef4257cd7622516931eb51,16,0,0.0,0.0,1078.87,,True
478bfe564db21eeb44386606aa30b650,3,0,0.0,0.0,182.7,,True
47efca563408aae19bb7206c2d969ea9,11,0,0.0,0.0,2522.0,,True
47f55702f598c7c6cc8458b0fbc1c49a,1,0,0.0,0.0,127.5,,True
48328ec9a579151d9cc6a86d4a59336c,1,0,0.0,0.0,1099.0,,True
483ca627d131e18f988349b1655c0acd,1,0,0.0,0.0,264.0,,True
485452467ff670447e84a8370c3fc898,3,0,0.0,0.0,175.7,,True
4867209cb29b56b92893d7bde3ce8012,1,0,0.0,0.0,150.0,,True
48985c61529077fa4f1e38bcff0f2ed3,7,0,0.0,0.0,879.3,,True
48b6c3f4c6a93171da04b75313f2130f,2,0,0.0,0.0,290.26,,True
48e5ee06fb2dc74df1c711a9b6dfac2a,1,0,0.0,0.0,57.0,,True
48e954b2da4f6a750c844173b347ed40,2,0,0.0,0.0,397.8,,True
48efc9d94a9834137efd9ea76b065a38,33,0,0.0,0.0,345.6,,False
48fb026ed7455a42f5d3e9390ed5088e,9,0,0.0,0.0,555.71,,True
49067458c68f7701fd334ce326accbe0,17,0,0.0,0.0,1047.65,,True
491a5ada3aa1678414e990262c4bbdc1,1,0,0.0,0.0,2840.0,,True
49383af7ab774e4e8f3000f49c83dc4b,8,0,0.0,0.0,660.0,,True
4965a7002cca77301c82d3f91b82e1a9,1,0,0.0,0.0,8.49,,True
497709c2976a8fa308730a2dec5b0726,1,0,0.0,0.0,76.0,,True
4978a02ea9c8be7a9b5480680f40334e,18,0,0.0,0.0,2356.61,,True
499185655c29ecfdbfe776ef7cf875b5,1,0,0.0,0.0,89.0,,True
499ec63c58e51296c9cf57edcfe1c8a8,5,0,0.0,0.0,365.0,,True
49cdc90518a4f82676b38b3c1aa43ff6,5,0,0.0,0.0,1539.5,,True
49e7217cfe4e427191c378ec626d8737,12,0,0.0,0.0,3002.7,,True
49f8d2ea7b718d0ce587d34207caf2b4,1,0,0.0,0.0,149.9,,True
4a1917ef994878940e1fb03eeb787ad7,2,0,0.0,0.0,768.0,,True
4a23adac87cf538689fa600d976f78b2,3,0,0.0,0.0,405.0,,True
4a5b36211b1f51bf7eaa5c10a57fa483,1,0,0.0,0.0,139.19,,True
4a82168aaef173cbb6e46ae88728f919,4,0,0.0,0.0,512.0,,True
4a82c4af97ffc0fb2dc26bfdc03b1842,3,0,0.0,0.0,143.7,,True
4aba6a02a788d3ec81c03137144d9a80,1,0,0.0,0.0,89.9,,True
4b0fdb526525f9890eb145bf1534640e,18,0,0.0,0.0,2419.0,,True
4b39558c138930b9e5489c93b6df5fe3,4,0,0.0,0.0,1096.7,,True
4b90495391ac0bd181a80a459df1e718,1,0,0.0,0.0,248.0,,True
4bc3d93e4a5f88a598d3d8ce4ae510b3,0,0,,0.0,169.0,,True
4bcec44888b30ba9001234c534716d3f,5,0,0.0,0.0,146.0,,True
4bde6149c15cf7e177b36fa060dd6de8,2,0,0.0,0.0,159.8,,True
4be2e7f96b4fd749d52dff41f80e39dd,0,0,,0.0,267.0,,True
4be9ae93c4fc0f41713d71a4194ee1b3,1,0,0.0,0.0,109.9,,True
4bf2f4ee540798a61f9636d12cd9cc80,29,0,0.0,0.0,4995.56,,True
4bf658053d453036c70976bccb2c31b2,2,0,0.0,0.0,1742.99,,True
4c1c7281388a33dd06daac44f9fadbd1,5,0,0.0,0.0,188.32,,True
4c4d546adf3c3868fe19c9ec6e9ffda9,2,0,0.0,0.0,111.7,,True
4c60877808f4318ef1107fbeb8f89afa,2,0,0.0,0.0,118.0,,True
4c8545742faaf58fafd5fd14d25d75cf,4,0,0.0,0.0,3020.0,,True
4cc43a222a0f94910728b62b97a8c5f8,1,0,0.0,0.0,108.5,,True
4cc4fd4fdd406a85bbdc1f824b731bd7,1,0,0.0,0.0,539.98,,True
4ce6e5f6c52515177e18c1c9361d8677,0,0,,0.0,226.6,,True
4ce8b55b4bfa4659184e7becc1fba3f2,2,0,0.0,0.0,199.0,,True
4cf490a58259286ada5ba8525ba9e84a,7,0,0.0,0.0,1254.2,,True
4d0041cdbe51b4617d95c70b19decc74,8,0,0.0,0.0,5235.2,,True
4d232b78ab7ef10393dc3807d827bc0d,5,0,0.0,0.0,1475.0,,True
4d600e08ecbe08258c79e536c5a42fee,7,0,0.0,0.0,4465.34,,True
4d6fb82c629c7a5028bfd973c07b05e0,0,0,,0.0,278.0,,True
4d8809767a5bafe22909c77951fb6b41,0,0,,0.0,50.0,,True
4d9fea3499bdc22aa4da4e339365f215,2,0,0.0,0.0,192.54,,True
4da0e408c99d2fdc2126dc9fce518060,44,0,0.0,0.0,3026.0,,False
4dab98ca6cd6d3df586203cefd28a042,1,0,0.0,0.0,154.9,,True
4dbd95a08b31ede5c82d3f861cb1ce1a,4,0,0.0,0.0,1304.67,,True
4dc2e811a1760953cb7c6a590b498943,1,0,0.0,0.0,175.0,,True
4ddeb3e828550cddc8d45c8bc36ab2d1,1,0,0.0,0.0,152.0,,True
4e0d109ccfba9a1151c103049880c857,2,0,0.0,0.0,279.89,,True
4e2627090e6e5b9fabba883a37897683,1,0,0.0,0.0,199.5,,True
4e326052e5dbba8adcd512f3450a307e,3,0,0.0,0.0,570.0,,True
4e480be820e37de1444325ff358c9296,1,0,0.0,0.0,430.3,,True
4e6015589b781adaa5ce7f1892d06bb1,3,0,0.0,0.0,684.0,,True
4e92348462c75b6c842b994ce84a0ed4,1,0,0.0,0.0,69.9,,True
4ea2f12dbe91deeacd2c1e74f069a6e6,4,0,0.0,0.0,210.2,,True
4eb61f060e7dcc1d5a80d806c35cc541,8,0,0.0,0.0,1313.0,,True
4eeb99008a0f59d2c7759c59f9a346eb,2,0,0.0,0.0,1282.0,,True
4f0d637c1197fd65405ebd755ac9f86b,2,0,0.0,0.0,199.8,,True
4f1f1c8666cdb6442f775c4e8caed465,2,0,0.0,0.0,944.98,,True
4f40d2ed38d1cc945364a7cd202a82c7,0,0,,0.0,319.9,,True
4fae87d32467e18eb46e4a76a0a0b9ce,1,0,0.0,0.0,100.9,,True
4fe2f67634d00c021aa01f96b6f2d68e,2,0,0.0,0.0,86.8,,True
5075aaa8404020ae6aa8bf4792099b41,10,0,0.0,0.0,1822.8,,True
508808d438fe2ff972ed13bb8f4a82e2,9,0,0.0,0.0,294.83,,True
50a7e551a7b3f8d37cd6e32d8bfbe5ea,1,0,0.0,0.0,140.0,,True
50bf89f1349bc0409a268c3a49678009,1,0,0.0,0.0,179.9,,True
50c361bcf670d16f6df4d52de3dff924,0,0,,0.0,35.0,,True
51209b446b2073894bdc0face6c73ffc,2,0,0.0,0.0,359.6,,True
512d298ac2a96d1931b6bd30aa21f61d,11,0,0.0,0.0,7401.94,,True
513a54369b6a8a6602fcb0e129c6d78d,2,0,0.0,0.0,47.8,,True
5145090ab595c0d0b8557199f5701fbf,4,0,0.0,0.0,1459.6,,True
5151aea44289d6c6b090ee31c2132508,7,0,0.0,0.0,1315.3,,True
515d781150feed28a6ac091bb0e3cb8c,6,0,0.0,0.0,1002.35,,True
5160d23075764e18e07c1f4a87fad743,33,0,0.0,0.0,2429.0,,False
51702dc2a3e106c76dbff722b5bf0726,13,0,0.0,0.0,2705.1,,True
5194c22ed1f616ec0c0f33c571542879,4,0,0.0,0.0,245.6,,True
519a7aa428f18d125a283cf8c014fdd6,3,0,0.0,0.0,79.7,,True
51e0557bc7b86de13e946c60ee91ce39,1,0,0.0,0.0,45.8,,True
51e4e89242cbb846c2deff3dc015650e,16,0,0.0,0.0,822.58,,True
51f108f62cb87d61918159902c8f8583,3,0,0.0,0.0,303.73,,True
5206cc4bc2297c833e6061c49bf9c43f,0,0,,0.0,35.0,,True
52092ddbd3a58c450a4459bf051b2287,6,0,0.0,0.0,351.7,,True
52454f90d4c30c016768db02f88c1a74,3,0,0.0,0.0,80.5,,True
52562a9f449c3dc3d53f5f5b9ed74903,14,0,0.0,0.0,3266.6,,True
525e75a6fb1454a2325ab1734bcec221,9,0,0.0,0.0,657.07,,True
5275ca25d0358ca73864e0ae41be1320,4,0,0.0,0.0,409.6,,True
52831e5990d0771cb4951d6f12928167,1,0,0.0,0.0,65.0,,True
528ce32f560edd11add4169f6a5b65be,2,0,0.0,0.0,59.8,,True
52a50b42accf164f9f019941e5759d9b,4,0,0.0,0.0,139.96,,True
52a52b9f656520e99716f5bc40f661c8,7,0,0.0,0.0,783.1,,True
52ac6f920b7280e4c6d30dd94de6259b,6,0,0.0,0.0,5657.3,,True
52b53f7061969fe471d119b6195da864,1,0,0.0,0.0,90.0,,True
52bb00821bcdd358a5a5a27e1f6be5a1,2,0,0.0,0.0,349.8,,True
52f6f9f13ba19504c02781132a049e75,1,0,0.0,0.0,199.0,,True
52f976b17ea7f2f087f56dcc419328f6,6,0,0.0,0.0,7630.0,,True
52f9db5cfb423382a2fa5c9e39303202,21,0,0.0,0.0,1269.77,,True
5305693ffae2d3463377b1f6fe67b15a,1,0,0.0,0.0,93.56,,True
53088c75f948b48a7ece173ac17f0c12,3,0,0.0,0.0,261.7,,True
53336f97ddbe53e2a617d07b17447b95,1,0,0.0,0.0,599.5,,True
533d46c1b06970e99f09523a61df4972,2,0,0.0,0.0,159.98,,True
534a01cc6df1e034e05c32028a291fa2,5,0,0.0,0.0,235.59,,True
535bf14f36346c7f59d87cece104d70c,1,0,0.0,0.0,50.0,,True
539ed9e19811677513447759be5eccfc,2,0,0.0,0.0,32.83,,True
53b0300ca793f9834cd69c0678d35ee8,5,0,0.0,0.0,1662.15,,True
54065e9aef7e9e9c2dc23b7594db021a,12,0,0.0,0.0,8003.0,,True
5415337f1863452476d42d9f14a16a61,1,0,0.0,0.0,44.9,,True
54219883e72aad869adfb2a54b7bfa0f,5,0,0.0,0.0,6750.0,,True
5444b12c82f21c923f2639ebc722c1ea,0,0,,0.0,169.9,,True
544863df86ed3b78a04e0820d41430ee,1,0,0.0,0.0,23.9,,True
54583ab379489add547fe47b628db589,10,0,0.0,0.0,2240.0,,True
54aa8463e87776b5612f4bdc4bd5d4de,7,0,0.0,0.0,649.3,,True
55029529919c0123526150bd26ca8f20,7,0,0.0,0.0,453.95,,True
5563732abe64c3036cb97ad924128dd1,2,0,0.0,0.0,404.0,,True
5566627eab3fe93fd6ee08798226101a,5,0,0.0,0.0,85.5,,True
556a6409838156ea299c9d1f9e2dde43,4,0,0.0,0.0,1362.8,,True
557f22c76691849db52d2abccf0015d0,12,0,0.0,0.0,865.86,,True
5587130f9850696ed7fafbc91c2cee44,2,0,0.0,0.0,69.8,,True
55c26bcb609f480eb7868594245febb5,6,0,0.0,0.0,664.4,,True
55d3daac7c404d59e51c2aa2f4dc5a23,21,0,0.0,0.0,4480.6,,True
55dedd83e501d8248880557d9073cbfd,8,0,0.0,0.0,1055.3,,True
56a8b450e802502ba53a9885ee38e29f,0,0,,0.0,62.45,,True
56db5c0782e8f7ddc9343f9576ff6d16,2,0,0.0,0.0,734.8,,True
56f413900b5166ab4d730e9ac0b12cb0,3,0,0.0,0.0,151.79,,True
570d4583587a5fe2d47c7be89b91ad27,2,0,0.0,0.0,125.25,,True
5721089ba9214e80074f27d5a03fc0eb,5,0,0.0,0.0,245.93,,True
5733d806668f8712c24b9abaefbfa642,2,0,0.0,0.0,243.8,,True
5741dc2bf5044c34d0698681c5081bed,3,0,0.0,0.0,89.7,,True
578460d8319c51dab351cd9db95eadfe,0,0,,0.0,235.0,,True
5795aebfe331fbcd02a2c4b679fb7952,6,0,0.0,0.0,1280.0,,True
57a834594e1e9e9219603bfec184eadc,1,0,0.0,0.0,139.0,,True
57d2ba47f7a3209aa347532ae75c1165,2,0,0.0,0.0,318.0,,True
57df9869a600bd6b7c405f2a862eccfb,5,0,0.0,0.0,125.0,,True
57e632711dec9ec14ca7546769483e7e,62,0,0.0,0.0,6350.06,,False
57fe6232e67823593374a2281d7a8af8,8,0,0.0,0.0,178.68,,True
585175ec331ea177fa47199e39a6170a,1,0,0.0,0.0,3549.0,,True
5882820ef11c4c068eea0677a7a879b4,14,0,0.0,0.0,9925.5,,True
5882f40daf39bc2a465e0cb453ddc222,0,0,,0.0,640.0,,True
58b98ccb79873e04eac4357cacc590d9,0,0,,0.0,23.0,,True
58c851d1a3c7cd3da329eb59453fed44,2,0,0.0,0.0,268.99,,True
58e4b302b54937e55a678c4d15111da4,1,0,0.0,0.0,279.79,,True
59417c56835dd8e2e72f91f809cd4092,18,0,0.0,0.0,36459.0,,True
5962468f885ea01a1b6a97a218797b0a,6,0,0.0,0.0,791.0,,True
596849622429351f47b32e6cae1055ff,13,0,0.0,0.0,1104.7,,True
5996cddab893a4652a15592fb58ab8db,1,0,0.0,0.0,810.0,,True
59bbc819b99a733f02f0d6b49d1c253d,2,0,0.0,0.0,139.8,,True
59cea8e446d3834393058e7e0666b6fb,10,0,0.0,0.0,696.6,,True
59de1d4c8c057c2a53acd4ca66531af2,1,0,0.0,0.0,135.0,,True
5a05a16bb50629ee31afab8a6d4c2674,14,0,0.0,0.0,794.3,,True
5a32c398a06c345440bf2a683b017ad3,1,0,0.0,0.0,79.8,,True
5a4236931428800e9d9cc04af0987118,1,0,0.0,0.0,44.97,,True
5a9b3bcab695173c820e53934574ae80,1,0,0.0,0.0,139.0,,True
5a9c0859cb00fd8aa4db443837f0a700,2,0,0.0,0.0,208.0,,True
5aaa890629f83706d8d9bfecd8377c1c,0,0,,0.0,48.9,,True
5b51032eddd242adc84c38acab88f23d,12,0,0.0,0.0,3280.0,,True
5b664594895aefb418afaee6d40a9a23,16,0,0.0,0.0,1008.8,,True
5b85809efd0d0e4dea1a9544e1280ed9,12,0,0.0,0.0,1804.6,,True
5b92bfa4120daa27c574daa2e386c693,1,0,0.0,0.0,14.0,,True
5bba18b40e8c973b0f32e748004775b0,1,0,0.0,0.0,739.98,,True
5bc237df65098fe211bb4818f4d26d78,2,0,0.0,0.0,126.8,,True
5bc24d989e71e93c33e50a7782431b0e,17,0,0.0,0.0,3148.0,,True
5bf397d04035b5f45cc41e82ec106803,3,0,0.0,0.0,1525.0,,True
5bffbafbb22daf6d3bfc216a46db8708,21,0,0.0,0.0,5239.7,,True
5c030029b5916fed0986310385ec9009,7,0,0.0,0.0,4164.4,,True
5c3460cd3e8a984382ae254e7dd20d9f,9,0,0.0,0.0,775.76,,True
5c603ffb38cbbf25a0e0698941324143,0,0,,0.0,348.8,,True
5c853bb56f70f4d14218944bae111d7a,23,0,0.0,0.0,263.13,,True
5cbbd5a299cab112b7bf23862255e43e,36,0,0.0,0.0,2726.06,,False
5cf1ec37aea089f45110c70653a166ab,2,0,0.0,0.0,50.0,,True
5d043cd5512d4bd2f88e5ccdd5736c38,1,0,0.0,0.0,650.0,,True
5d505d2298ad549e4e4e835562fa0c1e,2,0,0.0,0.0,249.8,,True
5d76d80a2f5f39c891b996a1bf4c9853,6,0,0.0,0.0,1238.5,,True
5d9f3746e112e696f98ea22c56b3e912,1,0,0.0,0.0,1322.64,,True
5db42a6cd9bf1bf0d3aab9582767f168,1,0,0.0,0.0,200.0,,True
5dc203c7b84a0e71e878a179de05fb9a,5,0,0.0,0.0,421.9,,True
5dc4bdaf869e8c77c648078cbe8d59c2,0,0,,0.0,292.99,,True
5de1c80811ce7007f62f00d971236c09,2,0,0.0,0.0,76.8,,True
5debea795b07621e1f90532e18f96145,25,0,0.0,0.0,1883.78,,True
5def4c3732941a971cba8fdee992ede1,5,0,0.0,0.0,134.8,,True
5e063e85d44b0f5c3e6ec3131103a57e,1,0,0.0,0.0,22.9,,True
5e105f5c9f63f5f1fd75d6cb942e55b1,8,0,0.0,0.0,1471.9,,True
5e106d93b717c2682b9383da480364a1,1,0,0.0,0.0,445.9,,True
5e25c632f9db6cfb8bc100421c2737b6,1,0,0.0,0.0,259.0,,True
5e9f5bd34e0830569f05c9d4f56e04a8,2,0,0.0,0.0,239.98,,True
5ef131ac72773e5b3f6c0d63cf424657,10,0,0.0,0.0,575.79,,True
5f0057b677eb963672bf05dfa3f16c34,4,0,0.0,0.0,312.88,,True
5f06030071324cc52bf0304014ac7234,4,0,0.0,0.0,783.96,,True
5f26c1408a65b42a7224cd463bdf3292,10,0,0.0,0.0,1139.8,,True
5f57db27027655e6c6a391601daa0258,1,0,0.0,0.0,98.0,,True
5f5a58930c3c35f3b5af264f34fb8c85,3,0,0.0,0.0,560.0,,True
5f7300535881cef3b625fd683cf7d145,10,0,0.0,0.0,665.98,,True
5fd924b4836098a5be0ecf81ba054ce0,7,0,0.0,0.0,1148.8,,True
6025c79c035c3d772133b8b8238463b2,2,0,0.0,0.0,989.74,,True
60562ab00b8054280520d390c8c0045c,17,0,0.0,0.0,2943.0,,True
606ce7768feac12c5e8bd58db8b08f0f,5,0,0.0,0.0,2916.6,,True
60ad151920c4f6f3ebbe8cfdf6166779,0,0,,0.0,130.0,,True
612a743d294c27884fb7b80d2b19ba35,2,0,0.0,0.0,3057.7,,True
615c3462099ffa940d37b17dfda19594,2,0,0.0,0.0,229.0,,True
6179a28a13a726c29b3bf54c070dccab,1,0,0.0,0.0,600.0,,True
6187a137b2af59dfdbad8d9f8c373c14,2,0,0.0,0.0,74.8,,True
61b18775be84fb700a6b2d0ba097bf66,4,0,0.0,0.0,334.5,,True
61b893c57e33626afb104d4112b1be76,0,0,,0.0,74.99,,True
61c36f0fc4a47f9532e5512b66668e62,1,0,0.0,0.0,750.0,,True
61f159ef6da2d441951d2c0efa719362,0,0,,0.0,154.97,,True
6235903333ba7de1928c869e268e5964,1,0,0.0,0.0,94.06,,True
623ad9d0c1e14bb5464a8c72bff7b4af,1,0,0.0,0.0,95.0,,True
626ab1cd96932367f0eeec2e47046c12,3,0,0.0,0.0,1310.0,,True
62c50c1af4dfdc4149d25c5222043d39,12,0,0.0,0.0,2785.72,,True
62d977e2b2aee830de3e039a28490d12,0,0,,0.0,399.8,,True
62de60d81c55c29d76a6bce418b31cef,1,0,0.0,0.0,103.0,,True
630008e0f062605a415d694489f6f82e,1,0,0.0,0.0,105.15,,True
63191ead8d3b2f937cd1996fdcbbad20,1,0,0.0,0.0,367.0,,True
63272377184e969942f7fff221be858d,2,0,0.0,0.0,149.7,,True
6338ea67c41078a46ad99cc009654956,37,0,0.0,0.0,2286.09,,False
638cba8be1fb599bbb76fd6948351eb3,16,0,0.0,0.0,598.2,,True
63a79f5a7eb5cb48a7e5787b141c7993,11,0,0.0,0.0,815.1,,True
63b9ae557efed31d1f7687917d248a8d,5,0,0.0,0.0,139.5,,True
63bc58679c44e8a998792119fd7ad23e,0,0,,0.0,19.9,,True
6426d21aca402a131fc0a5d0960a3c90,23,0,0.0,0.0,1209.64,,True
643c01d7c56a724bec0454f4780e8a3e,2,0,0.0,0.0,205.55,,True
64b87978a11c1ea7501a89eabe8c2c1a,0,0,,0.0,489.93,,True
64c9a1db4e73e19aaafd3286dc448c96,1,0,0.0,0.0,439.0,,True
64cc804291f90c81f02bfc2bb58ff55a,2,0,0.0,0.0,517.6,,True
651530bf5c607240ccdd89a30c9c9712,1,0,0.0,0.0,199.9,,True
651fe66032c9520ee5587f694908040d,7,0,0.0,0.0,464.0,,True
6548c2550b6e2d8f18053216e1c7b6f3,3,0,0.0,0.0,217.7,,True
6561d6bf844e464b4019442692b40e02,1,0,0.0,0.0,41.9,,True
6576fd3e23c88f0e5d4d23f39bba0542,0,0,,0.0,14.5,,True
657969cca82e884d272385ec0ef06edd,3,0,0.0,0.0,139.7,,True
659e8466eb3ff1b0e8740d74fb7bbedd,11,0,0.0,0.0,1486.8,,True
65a7c0788e4d632ccb5e1b594b87f0bb,3,0,0.0,0.0,266.7,,True
65b081a070633e057c462abdd6fb9dd8,19,0,0.0,0.0,1885.09,,True
65c255b299faf2d12050937cc219c46c,2,0,0.0,0.0,88.2,,True
65febd49fd28ec955651299159b1f527,33,0,0.0,0.0,4319.7,,False
6601ee6383e7f452be71929f8de48bbb,2,0,0.0,0.0,153.6,,True
6614814a00d344b846ae209f95ee7e3f,1,0,0.0,0.0,13.0,,True
661ad5fcc28cdfb8bcadb12bb2272475,4,0,0.0,0.0,209.93,,True
6624bc09786f0e41ae48dfc5eeb1a9e2,1,0,0.0,0.0,89.54,,True
6650fcccd8cd2f7e55ffa524f30c4c59,2,0,0.0,0.0,529.7,,True
666658b8da8370f30e1f89893b1de5e6,0,0,,0.0,298.0,,True
668bf321538e5072858eaef6087ce027,1,0,0.0,0.0,19.9,,True
66d5ae34537110d3affc56174dad2b2f,0,0,,0.0,33.81,,True
670a9dda115b5a88b18cfadee8de2332,11,0,0.0,0.0,918.9,,True
671585f5a2af58b6e276bc01003c0d2b,27,0,0.0,0.0,1244.0,,True
67225bff54a172ff67579aaf583efd78,8,0,0.0,0.0,1238.0,,True
674207551483fec113276b67b0d871ff,1,0,0.0,0.0,119.9,,True
6750d71153f00fc58829af2a8ef1bcf1,6,0,0.0,0.0,3514.0,,True
679769a98cfcc6da877c8486ff1c13f3,21,0,0.0,0.0,7029.0,,True
67e43d802fde8cfd3f9580124f8167d1,0,0,,0.0,36.0,,True
6806dad1da97bfb5a9038eac6881f706,10,0,0.0,0.0,1477.0,,True
6824a69c9ea0313eba299dd4a2dba09a,6,0,0.0,0.0,666.9,,True
686886775c8f6b1191c7b953fb52708c,1,0,0.0,0.0,189.0,,True
6879c4d287a8dd06b11f54ea8f78e4da,6,0,0.0,0.0,527.67,,True
68ca56ce86830f3d31b1b7ec6a54da3e,5,0,0.0,0.0,719.59,,True
68f86ba270525243e68ae74044f992b9,10,0,0.0,0.0,876.5,,True
6902157ee16728322d61a1321fa79e58,2,0,0.0,0.0,159.8,,True
693660429f9dc4ff704eb3d88dad54d7,2,0,0.0,0.0,124.0,,True
695051e2981c8b19e77cafe450d5bdf3,1,0,0.0,0.0,169.76,,True
698624c6632eeba1774924dbea24c700,1,0,0.0,0.0,19.9,,True
6989574bd97d9773f10d232b6c07da59,7,0,0.0,0.0,2478.4,,True
698f5fa55a5f73d0740e9d9a773e8093,4,0,0.0,0.0,120.0,,True
69a43819c758c65a5befb0b471c954d7,2,0,0.0,0.0,299.85,,True
69b5eaa096c3f9d1e5c398c597f567d6,2,0,0.0,0.0,938.0,,True
6a3139c7bf09ece22a4713d956acbe5e,1,0,0.0,0.0,61.9,,True
6a38087bc8ad4f89ff453561005f6dea,15,0,0.0,0.0,1833.43,,True
6a53b90c3ad9e0b56d9fe5c69165fff5,2,0,0.0,0.0,139.78,,True
6b15924333bd1a741595fe981ea04822,21,0,0.0,0.0,614.32,,True
6b1c4d4d9ccf0be3d8544eb0e71e5318,1,0,0.0,0.0,1699.0,,True
6b2612338467c08c9b25f0cc55b1578d,1,0,0.0,0.0,92.9,,True
6b803197e03abd5056b4313306b4f29d,7,0,0.0,0.0,407.0,,True
6b89abe95848c850399130d149a39b63,8,0,0.0,0.0,1135.2,,True
6b90f847357d8981edd79a1eb1bf0acb,45,0,0.0,0.0,3322.08,,False
6b9b80d53ba3676eafe60268a810b5a1,9,0,0.0,0.0,882.7,,True
6ba4733aa33f6386e9fb0c0fd3993b38,3,0,0.0,0.0,149.79,,True
6bb62a4912377c7bfe7cb17b406bc7e6,4,0,0.0,0.0,739.52,,True
6bb66d9870c2e01c05655c7ed0e7ee13,3,0,0.0,0.0,269.0,,True
6bbcb8924baf70b7fe2fe2097e8cd407,10,0,0.0,0.0,2382.5,,True
6bcb2352a2a0c38b845f598298ab9d26,1,0,0.0,0.0,31.8,,True
6bef34c5be6f2bbd70aa5165f6df94b1,2,0,0.0,0.0,1198.0,,True
6c12e40690c335dbc2f68a4134d30dc1,16,0,0.0,0.0,9139.2,,True
6c17baf138731a4aaacc3210adf2037b,4,0,0.0,0.0,538.8,,True
6c1b6d0c604b776f844125f911eb7377,4,0,0.0,0.0,443.06,,True
6c6cc59a5c00cacc5054ca06d65cc282,1,0,0.0,0.0,1107.0,,True
6c6e3d67f969468f3bfd33f827a31222,5,0,0.0,0.0,224.0,,True
6c77cd583b36a13aacccf2b3ee23e233,1,0,0.0,0.0,18.9,,True
6c9875b2f94ba781186f0c1aed8d1687,2,0,0.0,0.0,25.0,,True
6c99c983ce3b6ba0ab813e6790e81691,9,0,0.0,0.0,546.75,,True
6d1b9c9579132c87d2703ec38c30f2c5,4,0,0.0,0.0,299.69,,True
6d22a1fcebb6dd08c9cd90b92a93e8d0,12,0,0.0,0.0,723.7,,True
6d2f2e3b539480db1e0842b3a4e32e6e,3,0,0.0,0.0,305.96,,True
6d7f8d9d594e28796b6b3205b00f459c,3,0,0.0,0.0,417.9,,True
6da1992f915d77be95d7fa48b36904af,7,0,0.0,0.0,261.0,,True
6dc9bec584588412a6a338830946a3e4,1,0,0.0,0.0,560.0,,True
6dd7dce75cd55c1ce255dc38d9f0cd46,1,0,0.0,0.0,75.0,,True
6df688df543f90e9b38f4319e75a9d88,39,0,0.0,0.0,1949.96,,False
6e13dd869aa7185f601c941423abcc8f,5,0,0.0,0.0,522.0,,True
6e1862e15f33d9994bc25922a85e1efc,7,0,0.0,0.0,732.49,,True
6e2d3e2dc84fb30f6078f39dd3bddd6f,0,0,,0.0,219.0,,True
6e4f5ff6b086632ba8dcb558fb10249e,5,0,0.0,0.0,838.9,,True
6e85dc5ecd97a61094b89b046a509d8e,0,0,,0.0,169.9,,True
6eb94e1466490d327a09abf8f3552a50,9,0,0.0,0.0,1511.95,,True
6ebf4eceee4dd9847201c82e77ef8123,1,0,0.0,0.0,59.9,,True
6eeed17989b0ae47c9f11ece6f38ea90,3,0,0.0,0.0,557.0,,True
6f835fd4be26989b1b064399da346143,2,0,0.0,0.0,197.8,,True
6f83d9e4da896daae20b9b6b2d3ff8d2,11,0,0.0,0.0,765.19,,True
6fa9202c10491e472dffd59a3e82b2a3,3,0,0.0,0.0,7014.24,,True
70125af26c2d6d4ef401a1d02ae7701f,5,0,0.0,0.0,371.2,,True
70126eecc6aa1274392a1743866e9678,3,0,0.0,0.0,97.4,,True
702835e4b785b67a084280efca355756,1,0,0.0,0.0,7.6,,True
70b52a4cfc823994561b00bad161b4ed,8,0,0.0,0.0,585.0,,True
70bf57d811208f8923b41bbd499a67a4,7,0,0.0,0.0,780.8,,True
70c0fda4c313d87115644d39e62eec60,1,0,0.0,0.0,25.99,,True
70c4eedec9cb4a85cda2f3f9673557b4,1,0,0.0,0.0,479.8,,True
70ee69419916dc13e3aed619061f996c,1,0,0.0,0.0,45.0,,True
70f7e8018e3d46c748c92f026aa2585a,1,0,0.0,0.0,239.8,,True
70f84699be677ec988d1fa824aef7d90,5,0,0.0,0.0,1588.3,,True
712efd3b68f9686dc856b84abd0f21ae,1,0,0.0,0.0,139.0,,True
713e3a23ca5e47786eb6f0d99f94cfac,4,0,0.0,0.0,1126.0,,True
71592660bbcb6a4664e97b6f8b68babc,6,0,0.0,0.0,2027.18,,True
71593c7413973a1e160057b80d4958f6,2,0,0.0,0.0,299.5,,True
7178e1eaa97257d8b6d4b80efd77a025,1,0,0.0,0.0,167.9,,True
718539d38d07dd351c76db862760e2e2,35,0,0.0,0.0,1318.9,,False
71dc18fd8cbf5fd77f45dd8b427abb34,4,0,0.0,0.0,1080.0,,True
720e6cf846ea7572cbb66b743fb91e6c,1,0,0.0,0.0,54.0,,True
7238a95bb63ef7e498389fb863b834a1,15,0,0.0,0.0,2265.7,,True
7238f877570096ae403c51898fa64566,3,0,0.0,0.0,1200.0,,True
723a46b89fd5c3ed78ccdf039e33ac63,1,0,0.0,0.0,66.64,,True
72431a818f97fe6ab9c81eee3e297e54,1,0,0.0,0.0,229.9,,True
725af026f869236a8dd0ceb98564d156,5,0,0.0,0.0,1177.71,,True
72bc2cce903c872fe376a8faaa81d237,17,0,0.0,0.0,2149.2,,True
72c38a04bd6a1c3dbc5298425a0db86d,4,0,0.0,0.0,647.3,,True
72c73be2b085b9d57650dd53eb2004c9,1,0,0.0,0.0,29.4,,True
7315baebc0572ff220d226283dc66728,2,0,0.0,0.0,49.85,,True
731ef20c231d9a7103a425e83fd91271,2,0,0.0,0.0,1692.0,,True
734def04b237117a09321dd6d8f3f2a2,2,0,0.0,0.0,1252.43,,True
7354220fb240bde543b3c40c060d41e7,7,0,0.0,0.0,672.0,,True
739c7d7be81f63812dea0d1b1451c651,2,0,0.0,0.0,77.5,,True
73a63f72308aa20a46f4b1632018f196,27,0,0.0,0.0,9606.8,,True
73b8eb4a9a729d4019b24ed1be748cbf,7,0,0.0,0.0,692.41,,True
73da1880b39c71de2b262bc7720c1494,2,0,0.0,0.0,398.0,,True
740205fedfe4e90ca6857bc77db0f2b4,1,0,0.0,0.0,229.9,,True
7402d13c03a7e91366337cd1de471144,3,0,0.0,0.0,528.38,,True
747c1cdcd1737dcfbd1547f6eb6f2cf3,2,0,0.0,0.0,193.1,,True
747e73c01a4593d4cf60dcf970fd2689,3,0,0.0,0.0,2217.99,,True
74871d19219c7d518d0090283e03c137,6,0,0.0,0.0,550.04,,True
7494d0dcba8551df6cf37f1b905dc2f7,1,0,0.0,0.0,45.9,,True
749e7cdabbaf72f16677859e27874ba5,1,0,0.0,0.0,41.9,,True
74a9b9bddf14ece02beb81f52c41a88d,2,0,0.0,0.0,95.0,,True
74bafed391319577bce6f4d2acc0589a,3,0,0.0,0.0,1847.0,,True
74c7dec0a384d8a05950e629bd23bde9,4,0,0.0,0.0,187.68,,True
751e274377499a8503fd6243ad9c56f6,1,0,0.0,0.0,218.0,,True
75745ef7bc7d4f3ea3380f6f5303f514,3,0,0.0,0.0,228.4,,True
75a4764c108403a7a0575140cb22287c,5,0,0.0,0.0,716.9,,True
75fdd0a732287f9497b179f6bd445d32,1,0,0.0,0.0,59.9,,True
761681a821d8275bc79f552116d06869,3,0,0.0,0.0,354.92,,True
762ed976527cddf02787edba70fffa2a,3,0,0.0,0.0,179.8,,True
762fafdaa57a532ee0119731697579dd,5,0,0.0,0.0,206.7,,True
76623fde66e6b63b59440fd34160512d,3,0,0.0,0.0,65.4,,True
76833248bbc0e65a0293ec62023e4396,2,0,0.0,0.0,2399.98,,True
768de2a4fc06aacecb9a586ccc30746a,13,0,0.0,0.0,475.6,,True
76d336555bb25f3165d2f0d6da719c40,1,0,0.0,0.0,330.0,,True
76de363de16dacc923eec8daf91df504,2,0,0.0,0.0,360.0,,True
77128dec4bec4878c37ab7d6169d6f26,1,0,0.0,0.0,6.5,,True
77714512e8d4dda9c234da8e3faf16e4,4,0,0.0,0.0,243.4,,True
777a0c55737f34ffeb78010f7542ab41,6,0,0.0,0.0,452.5,,True
778323240ce2830d68aab11794e00bfb,3,0,0.0,0.0,189.98,,True
77dcbb67ccb3659bd58eaf5661560a30,0,0,,0.0,984.0,,True
77e4abfd739aed9c46480f90f81c0eb4,18,0,0.0,0.0,3736.99,,True
77fccaae319668a8ab6cd0fd16aec48c,11,0,0.0,0.0,1667.0,,True
7816cd9c5b1238e320545f5bf7eb80e8,1,0,0.0,0.0,489.0,,True
782f78b632a43875dd5b53e3e49c9564,1,0,0.0,0.0,146.01,,True
78813699ffac347fe27dba345a5f1551,1,0,0.0,0.0,152.42,,True
788e857f317e53de488d393e65a80f45,11,0,0.0,0.0,1210.0,,True
788f22bafdd7ab0e1e79f19db72f16a4,2,0,0.0,0.0,125.8,,True
78ba5933c21686d1c2f64669c8c459e7,2,0,0.0,0.0,191.8,,True
78ef7e885d17f35e2382a47aae8b8cce,3,0,0.0,0.0,388.0,,True
7957cac1a02f45d0a4a7e45626382ec2,1,0,0.0,0.0,343.0,,True
7963e546f34e098b578f9ad102494601,1,0,0.0,0.0,60.99,,True
7994081388d55b9cf976c050653dd359,1,0,0.0,0.0,1020.0,,True
7994b065a7ffb14e71c6312cf87b9de2,5,0,0.0,0.0,453.0,,True
79b93a308a97792cf53ac75f46da00b5,1,0,0.0,0.0,99.9,,True
79ed755314cfe6df0daef2c6cd3022cd,23,0,0.0,0.0,3907.5,,True
79ee721b6f766066a80264402548d359,0,0,,0.0,538.0,,True
7a073a40a9d3f1fee8bc45670ea1e909,0,0,,0.0,95.0,,True
7a188843479798ca813108fa7b959286,0,0,,0.0,149.7,,True
7a2d2949aea47fab95fd98d6c9f618b1,11,0,0.0,0.0,1638.99,,True
7a704e63bb29c446869efde5d57524c8,1,0,0.0,0.0,94.49,,True
7a9c12e235c36247c3c81f50d6ea9cea,5,0,0.0,0.0,983.9,,True
7aa538dd6e114e503a2e6154ea352253,5,0,0.0,0.0,1016.68,,True
7ab0dd5487bab2dc835337b244f689fb,1,0,0.0,0.0,12.5,,True
7ad41305e96a6cab8294cd65891e9a86,2,0,0.0,0.0,180.0,,True
7adbd3210a7b3cc2235e225eef33574d,3,0,0.0,0.0,131.9,,True
7ade73f1b9b4e965f9009a4c3a7e2c15,26,0,0.0,0.0,1880.3,,True
7b3447b497e55af8c15fc7bd89d7b81a,1,0,0.0,0.0,49.9,,True
7b3f6ce5c6c22e9b96e7581ebf0df6e1,1,0,0.0,0.0,29.8,,True
7b7ed56ae755e2880f2b69632e839c1e,5,0,0.0,0.0,321.5,,True
7b98de631987e26dd6d803490c43a13c,8,0,0.0,0.0,634.2,,True
7bb8fac2913a6064ec412e583c6d8b4d,1,0,0.0,0.0,109.0,,True
7bcd7c5f8631701474db233ccf1c094b,8,0,0.0,0.0,666.0,,True
7c4402417d51474d4d0cda9557340e40,1,0,0.0,0.0,119.9,,True
7c51de0ab286204ce75ff42bf7c10d92,4,0,0.0,0.0,759.0,,True
7c9130f5f3729edd32aa059141d92484,3,0,0.0,0.0,126.0,,True
7caa63f175b1cecbfaadd8b5ab9998c7,1,0,0.0,0.0,39.8,,True
7cb946b1ad19faebe28c3e86c2794ec3,1,0,0.0,0.0,25.0,,True
7cf4ea70955b00d6b3c22542598e2715,1,0,0.0,0.0,189.9,,True
7d294cf9a6a69dc6a0c3e540fff0e039,5,0,0.0,0.0,257.25,,True
7d484ca289afaac6bf5fc6a1e96d2226,2,0,0.0,0.0,183.2,,True
7d7866a99a8656a42c7ff6352a433410,5,0,0.0,0.0,147.89,,True
7d81e74a4755b552267cd5e081563028,1,0,0.0,0.0,32.5,,True
7d948535954aaf8c5d39db007f74372e,4,0,0.0,0.0,194.0,,True
7dc9a3355bae96dd82008b313d3a456c,1,0,0.0,0.0,899.0,,True
7dea6f73af847b42cc3985bd620f994d,2,0,0.0,0.0,324.0,,True
7df1fc11cc5cbc518b39faa60cf5d67c,5,0,0.0,0.0,1037.6,,True
7e26c750b4cb9f6766f58265ff9ebe95,23,0,0.0,0.0,1344.3,,True
7e3dde9ffba72d5340f9aaf09b4424be,0,0,,0.0,220.0,,True
7e79d65b5c6f1f544b7daea036acf720,4,0,0.0,0.0,517.8,,True
7e959205cebc10adefcb331f934238a4,0,0,,0.0,513.9,,True
7ecef8194babfec876ca720714327841,7,0,0.0,0.0,990.5,,True
7f02656561b680def9986c0795a8a080,1,0,0.0,0.0,84.0,,True
7f35f9daf223da737b78738fbae4d977,5,0,0.0,0.0,252.0,,True
7f40d06aa0b5f1aa4f41af8c0480e2ef,6,0,0.0,0.0,1309.94,,True
7f5e4d5efad7e44b91115dd1decb65f3,3,0,0.0,0.0,179.9,,True
7fe21dd00d2f4943ae09525efa2fd674,2,0,0.0,0.0,299.6,,True
7ff588a03c2aeae4fbd23f9ae64b760d,14,0,0.0,0.0,1182.2,,True
800214c63934acd05d47e84214db8ba8,3,0,0.0,0.0,259.6,,True
80146bc52c4f6af5239b23de2a20262b,0,0,,0.0,27.1,,True
804287717b9156fb7a787acd9af4fac1,1,0,0.0,0.0,18.8,,True
8060d731897e33b5c5ae575ce1e209e1,5,0,0.0,0.0,199.5,,True
809413606dbfe5deefd2db646693ef67,3,0,0.0,0.0,196.68,,True
80cfd480be3eb6d6267139f5cb793555,1,0,0.0,0.0,99.9,,True
8132b9bd16876e1b0f8808d43825dd48,1,0,0.0,0.0,727.9,,True
81783131d2a97c8d44d406a4be81b5d9,8,0,0.0,0.0,1782.54,,True
817f85dbb65aa3e70831d90fe75cdf89,11,0,0.0,0.0,1552.27,,True
8185694b58b2ba6de20fd41ae608bbea,8,0,0.0,0.0,1372.3,,True
818d28f936e791926d33bcb6ee94ef79,4,0,0.0,0.0,139.5,,True
81ed90f07c0bacb7594940ba2ef676aa,2,0,0.0,0.0,223.9,,True
81f89e42267213cb94da7ddc301651da,46,0,0.0,0.0,3955.0,,False
820c7c9eaf76d2b226b6c242bcf3f34d,1,0,0.0,0.0,559.0,,True
822b63912576852aea9a8436d72317b7,6,0,0.0,0.0,4905.69,,True
82921991ff5b557b045605b8bbf08d49,1,0,0.0,0.0,18.9,,True
82cb9f452fe8334df74b22d37824b431,14,0,0.0,0.0,838.2,,True
830379336fad8c6f3b15a4a3ddb5c66e,2,0,0.0,0.0,268.0,,True
83645b1645cdee8953ee54c29ceed564,14,0,0.0,0.0,978.9,,True
83a75eea11694e36e56dd0cb2240229a,3,0,0.0,0.0,487.0,,True
83c465a786b06574376909b35ef6752a,3,0,0.0,0.0,281.4,,True
83c8aafbefb034674a70de0eac5b8954,2,0,0.0,0.0,134.9,,True
83d458c0d6d4f94295d63f091460bd60,0,0,,0.0,89.9,,True
83d7070a0b9a8b4625fa8682b819fabb,0,0,,0.0,694.77,,True
83f2b4881141ce3fcd4e985125d3279e,3,0,0.0,0.0,60.7,,True
845e8036c3f7bf62099352f5ed910240,21,0,0.0,0.0,1584.6,,True
84c945f15571830c1a91a33978e94009,2,0,0.0,0.0,51.98,,True
84deb808079d1be601c209c1e771b1cc,2,0,0.0,0.0,34.93,,True
8501d82f68d23148b6d78bb7c4a42037,0,0,,0.0,19.7,,True
85044848b1b767db2a4a58526adef4b4,4,0,0.0,0.0,240.6,,True
850857dfac77488c307e2b1cbd84ab5a,1,0,0.0,0.0,1599.0,,True
85e7c62c1d6ea078c3897424f867a7c8,2,0,0.0,0.0,60.0,,True
8602a61d680a10a82cceeeda0d99ea3d,17,0,0.0,0.0,826.99,,True
8603f0038fe0e52fedd3382d266723de,10,0,0.0,0.0,2355.0,,True
86649b1632b1c0e6c0bcb2c90a8b75d8,0,0,,0.0,59.99,,True
866558b3bccef2dbc6d29a2b5995016f,5,0,0.0,0.0,1519.4,,True
86bf77bdb52e615674772d5817c6212f,4,0,0.0,0.0,281.8,,True
86ff3eaef0267069cc891a2ed9d10a17,7,0,0.0,0.0,409.75,,True
876182d1918783bbe15233febfbd4926,3,0,0.0,0.0,120.27,,True
87b4428a334b8f676fd9a7f3bf544fb5,1,0,0.0,0.0,29.99,,True
87d73636a3acf123e842bb890a4db036,1,0,0.0,0.0,269.9,,True
87f3e35268860433e13d577825aada95,1,0,0.0,0.0,161.7,,True
880ce4951cf857ab1d9e0b75c1d856f4,1,0,0.0,0.0,178.9,,True
880eda903e719a5f179f7e9fceb3a69d,0,0,,0.0,249.0,,True
883dd81e82754ac2c65e9790a7db8c9a,5,0,0.0,0.0,319.5,,True
888faa8bfb0b159c37de6d898b961c31,19,0,0.0,0.0,2418.3,,True
889009a0ed0bb52c87819941192931b8,1,0,0.0,0.0,89.9,,True
88af55b4a7ca402b27df16f7c7c9b5d2,0,0,,0.0,130.0,,True
88cd3681e0a2ba85e190f7d817629c4c,1,0,0.0,0.0,180.0,,True
88cf19ec1fc2c58f161aee259d57142c,14,0,0.0,0.0,1372.97,,True
88ef59b51bdaa941d10a853429f2b6ce,2,0,0.0,0.0,252.9,,True
8936ba0de1073ee888cb3185ae5dc661,1,0,0.0,0.0,389.99,,True
89757206b887aed36f3e18d858460fea,2,0,0.0,0.0,120.5,,True
89a51f50b8095ea78d5768f34c13a76f,10,0,0.0,0.0,677.16,,True
89ad3263c0931c47f976d7c5778e60f6,6,0,0.0,0.0,568.2,,True
89c127985a8b130cfa45c1d36764017a,6,0,0.0,0.0,1419.57,,True
89d9a386b0b6e5fc8403071b03f7206a,2,0,0.0,0.0,167.0,,True
89dda63a3c907c468ec88c310ed91213,1,0,0.0,0.0,734.99,,True
89de2d6f23e9746ff309705b23581faa,8,0,0.0,0.0,340.0,,True
89f69225956f951295ca4c7fb1266553,11,0,0.0,0.0,1041.3,,True
8a1ff5c35f6595a73fef4c7b96e4908a,2,0,0.0,0.0,1598.0,,True
8a2d12a90e92f012ce5226fc6592b653,18,0,0.0,0.0,1594.65,,True
8a43128d7f9a3db592b866e6861a6cce,3,0,0.0,0.0,990.6,,True
8a87611c08849ffeeccab52aa798b6c7,6,0,0.0,0.0,2369.8,,True
8a8835a43bda99fd37310ad76c457510,2,0,0.0,0.0,224.34,,True
8a9260f2b0340411d6d2a56bcf4f7378,8,0,0.0,0.0,1256.0,,True
8ab42aa58097fd4668d60cc648225d5f,20,0,0.0,0.0,2616.75,,True
8ae520247981aa06bc94abddf5f46d34,65,0,0.0,0.0,16320.99,,False
8b11118053756a9a2932f447e11fc1b5,1,0,0.0,0.0,79.99,,True
8b181ee5518df84f18f4e1a43fe07923,1,0,0.0,0.0,27.9,,True
8b2d4ab22f42c5cfc338b846decfda60,6,0,0.0,0.0,458.0,,True
8b655f0855926bcb49f5835d38dfddf6,5,0,0.0,0.0,1089.5,,True
8b87cd0d43d49b9bdf40f56229364d59,2,0,0.0,0.0,1552.9,,True
8c0de775f52fe41590b376a3b7c50f68,8,0,0.0,0.0,672.7,,True
8c351ed7c326c62123318f4f3246e906,2,0,0.0,0.0,114.9,,True
8c5e007d7bd5693fa1386ffefbc99f6c,9,0,0.0,0.0,1029.11,,True
8c91bfea4263b8fba54081460693e2a1,2,0,0.0,0.0,739.0,,True
8c9348f33ae3dada25c99c99ade2af78,2,0,0.0,0.0,312.99,,True
8ca5b19e0263150d2c57afdde2b3d011,3,0,0.0,0.0,180.6,,True
8cb7c5ddf41f4d506eba76e9a4702a25,1,0,0.0,0.0,138.0,,True
8cf21434553b02cbd37c0bbd07e041b0,1,0,0.0,0.0,94.98,,True
8d46553a36e68f95350a200c12f8f2e2,9,0,0.0,0.0,746.6,,True
8daab2245ebdc277c51098d01c5ad8ef,16,0,0.0,0.0,1604.59,,True
8dd386be0767c330276ea6a3f96532d3,1,0,0.0,0.0,89.98,,True
8de8fe3af4449ed695d2434c933ed73e,1,0,0.0,0.0,2090.0,,True
8def3db7f272735afb2ecd03aeca09a7,2,0,0.0,0.0,196.0,,True
8dfbc5ff27df12f6cef751d3b9554222,4,0,0.0,0.0,226.0,,True
8ea394aed8138685abe1eb9f25e1021d,2,0,0.0,0.0,1340.0,,True
8eb88b0acb3f90a717ad659221471fa7,2,0,0.0,0.0,119.8,,True
8ec76bb0965af3f007692b26fa9d6623,1,0,0.0,0.0,1999.0,,True
8ed8ea9a57c862f2c18c2fe41f601d56,19,0,0.0,0.0,3831.9,,True
8f0fbe2cd4d472157dc1cdef6edecaa9,2,0,0.0,0.0,71.88,,True
8f2b51a30523cdecddc2f179f351c7d6,7,0,0.0,0.0,1027.9,,True
8f78f0903005064036736c7173a5c2ed,13,0,0.0,0.0,2113.7,,True
8fb67a334bacec338885b4e9e1708073,1,0,0.0,0.0,59.9,,True
8fb791022c1fc8909664f48ab7dc636d,5,0,0.0,0.0,8119.95,,True
8fbd63429be6d3e5e6d1a709b6464802,6,0,0.0,0.0,1061.4,,True
8fd3b4468f6425810648177996c14cbd,1,0,0.0,0.0,354.9,,True
8fe8786ee000001ab51d030dfd4a7bf1,5,0,0.0,0.0,2255.0,,True
8ff1a9df749e454105c55cda13e79143,13,0,0.0,0.0,1400.6,,True
8ff38bc3969e67c36c48343a07090f66,2,0,0.0,0.0,3472.0,,True
8fff28c4263ddec387f28d237fb42773,2,0,0.0,0.0,339.4,,True
901b460cdce0c64e471230d7f2f9f3a3,5,0,0.0,0.0,1904.0,,True
902c99f1ac505c0d18778b61bcd636f7,3,0,0.0,0.0,157.96,,True
90b36c5aeb728d5504a39f435bef0c5f,4,0,0.0,0.0,207.86,,True
90b57083da5d803237da74daec6dcb2b,2,0,0.0,0.0,206.9,,True
90d4125885ab6c86e8820a722be71974,0,0,,0.0,1299.55,,True
910a922b426b7ff95eaee129ad6c0e1f,2,0,0.0,0.0,119.8,,True
913fd0ebba70bb919f7254a02239173c,1,0,0.0,0.0,159.9,,True
9140bd1d9de28b197dce077bdd687438,6,0,0.0,0.0,1258.87,,True
9140ef75cc8211c4035935e80e567204,1,0,0.0,0.0,49.9,,True
91543f9849d68d023e17194926598543,4,0,0.0,0.0,834.0,,True
916748bc99315c2d202898ae58b1617e,25,0,0.0,0.0,369.4,,True
916c9de0b5ad957346eeeb12f332687e,22,0,0.0,0.0,5480.25,,True
918717417d88a9f9ae9735567e6c7682,4,0,0.0,0.0,345.7,,True
918f6fbcf3ab724d805867303e593a1b,2,0,0.0,0.0,79.7,,True
9198786624eaeb375793215cad26cfa6,8,0,0.0,0.0,908.3,,True
91f5779a8731baca4809fdeade81803f,6,0,0.0,0.0,1971.46,,True
9200e6ce317b67196b6b0bad4d4bd567,1,0,0.0,0.0,36.9,,True
9261d76c62caaf0b24677c2ceb7f8f20,6,0,0.0,0.0,968.7,,True
92992bec39dde5766f590d3b1f46d465,0,0,,0.0,109.0,,True
929f342384a6607afe143d789ade1316,4,0,0.0,0.0,209.4,,True
92d14edfb62ee5ae7fdff70b0f4e7233,8,0,0.0,0.0,322.0,,True
9315e491484b1b0081ca166fc164108d,1,0,0.0,0.0,29.99,,True
933446e9a59dece7ae9175103820ca8f,1,0,0.0,0.0,381.39,,True
934ed5cd1b9c1c7382d0a94a94b9e639,1,0,0.0,0.0,125.85,,True
939e6227d6964a11a70aa91243e418f2,4,0,0.0,0.0,425.0,,True
939f6e231201f26803cb5c3a3d2940b3,3,0,0.0,0.0,130.6,,True
93b9a99027bd8bd6af682aff18dd19bf,19,0,0.0,0.0,1953.0,,True
93bef6edaa84956e8e575016449b6351,1,0,0.0,0.0,115.0,,True
941554c5757b73ba0e50aa7732310afc,3,0,0.0,0.0,107.69,,True
94165aea8a35c3c21499cbcae239b16c,1,0,0.0,0.0,180.0,,True
94231344608e603693b0a8891143f65d,3,0,0.0,0.0,722.0,,True
94c49f20a123aeb9360dbf80ff912bf6,3,0,0.0,0.0,277.75,,True
94ca168e8bcb407ab85c5da308863027,5,0,0.0,0.0,224.3,,True
94d76e96eedd976258cd3278ce56d5f2,1,0,0.0,0.0,385.61,,True
94e93ce877be27a515118dbfd2c2be41,29,0,0.0,0.0,5674.57,,True
9523fb39dd240aa958e040f8183d64f3,1,0,0.0,0.0,146.99,,True
9535a841eecebed61a9fb1ac1cbb5597,2,0,0.0,0.0,784.9,,True
954e95f20808d7e5d11f0de292d078e0,3,0,0.0,0.0,158.78,,True
9558aa23f77a9e0a0eca83540999f43b,1,0,0.0,0.0,125.7,,True
9591fc341b1bfb7ef561e2968ec6e011,0,0,,0.0,79.9,,True
9599519be538b98748162a2b48248960,1,0,0.0,0.0,570.0,,True
95cca791657aabeff15a07eb152d7841,1,0,0.0,0.0,9.99,,True
960945e1a9535cbc0cd6ddd35fbe7ae8,28,0,0.0,0.0,3381.73,,True
9616352088dcf83a7c06637f4ebf1c80,91,0,0.0,0.0,5703.0,,False
961dff0a659b4561334372337dd897d9,3,0,0.0,0.0,9946.0,,True
964ff64dc05b13811c6d0f41e0aa5f6b,1,0,0.0,0.0,180.0,,True
968268a686aa05d1f529fb07dff08130,12,0,0.0,0.0,4677.29,,True
968ee78631915a63fef426d6733d7422,2,0,0.0,0.0,450.0,,True
96e5dc09087bad639b4ee193104ec2e5,2,0,0.0,0.0,101.9,,True
96f7c797de9ca20efbe14545bed63eec,1,0,0.0,0.0,138.6,,True
979e9f8b5b39dd243a2550c8b05aecf0,3,0,0.0,0.0,525.0,,True
97e4a63591ca439a2b8b7efd20e6e19e,5,0,0.0,0.0,349.95,,True
97e50a621f8e801f4baf69e08687c192,1,0,0.0,0.0,89.9,,True
97e995629983723d11830a829bc2b246,5,0,0.0,0.0,499.5,,True
9803a40e82e45418ab7fb84091af5231,11,0,0.0,0.0,4278.75,,True
98115075dd26cb8835946fc6086f5d30,4,0,0.0,0.0,434.96,,True
985c92cc412091f8529c12d7f23d3fef,12,0,0.0,0.0,1368.5,,True
98dddbc4601dd4443ca174359b237166,2,0,0.0,0.0,158.0,,True
98e164d549402270247f3c96a1a158ef,2,0,0.0,0.0,162.7,,True
98f52e1020fe788c10c0418de4393fec,1,0,0.0,0.0,21.6,,True
9996ae921c50e8dff411ac69c0b4bb8b,2,0,0.0,0.0,29.7,,True
999f6d9a1c7c81f43be44c6b7d076210,2,0,0.0,0.0,28.0,,True
99a25c39b28a74d1151c35c18d178292,1,0,0.0,0.0,173.94,,True
99cd94252748d2bdde08e17858233602,2,0,0.0,0.0,159.8,,True
9a03a4e9eb0b947652fae4f6121a3f5e,7,0,0.0,0.0,1497.0,,True
9a1aea68d3efa00862ec88c0768037d0,7,0,0.0,0.0,1309.2,,True
9a208dee8f95cfdf00760c4d627828ec,0,0,,0.0,269.9,,True
9a84ba99f5367fdbd4598363496f1ea2,15,0,0.0,0.0,2284.98,,True
9aa388272ee334b6ae07bc73706e254a,6,0,0.0,0.0,678.0,,True
9ac4f14370b1e24ddc58be041b7f99df,5,0,0.0,0.0,314.51,,True
9ac75591b69c3402684b6ce0310f22ee,1,0,0.0,0.0,60.5,,True
9b00cad94ef3078faf6fba2e792c158f,1,0,0.0,0.0,354.9,,True
9b1050e85becf3ae99c1cf4934c9bc5d,0,0,,0.0,85.14,,True
9b1585752613ec342d03bbab9997ec48,3,0,0.0,0.0,4248.98,,True
9b1ab052f5fca308ba743ac789ebb2e1,2,0,0.0,0.0,294.09,,True
9b76ad3d04236f76bc71c59470305e13,2,0,0.0,0.0,394.7,,True
9bade61a92bed55a25d2b67b9f4ed739,2,0,0.0,0.0,117.68,,True
9baf5cb77970f539089d09a38bcec5c3,31,0,0.0,0.0,6129.67,,False
9c1c0c36cd23c20897e473901a8fb149,6,0,0.0,0.0,544.97,,True
9c351405b754cc5ce3e2ecf277bb034a,0,0,,0.0,45.0,,True
9c3a1c416c765687bc79a04113269929,1,0,0.0,0.0,74.9,,True
9c3c24eca51c52b91c1de727d2a2ae06,6,0,0.0,0.0,307.5,,True
9c4d31c7e46ab03a43fc06e3142afd4e,2,0,0.0,0.0,1218.9,,True
9c54608f0996c32ae4743089d915f845,3,0,0.0,0.0,194.8,,True
9c690ceacd5c66731bf443ea810195cb,10,0,0.0,0.0,871.8,,True
9cea4682e16655f7da87f406902e989e,4,0,0.0,0.0,87.76,,True
9cf787a239c1aa29dbd76f153dc13f9a,4,0,0.0,0.0,316.0,,True
9d213f303afae4983637247556438ede,2,0,0.0,0.0,47.7,,True
9d489893ff6af05029671b785f54b998,5,0,0.0,0.0,298.7,,True
9d5604a1f112324ad6b2aa552122e0fb,13,0,0.0,0.0,421.5,,True
9d681c7e12db302cb261e721040dde65,13,0,0.0,0.0,785.6,,True
9d69ba0a7a626a64dc5db08e529559cf,1,0,0.0,0.0,19.3,,True
9dc79dd988ac42f4d56c340d7048420a,4,0,0.0,0.0,749.6,,True
9e17b9d64683aebcbb9ee362d06463b4,0,0,,0.0,98.7,,True
9e25199f6ef7e7c347120ff175652c3b,1,0,0.0,0.0,12.5,,True
9e7c5f4d7770eab65738cca38f9efccf,2,0,0.0,0.0,184.8,,True
9e94fa26a70ede4d26226e918e8706a2,1,0,0.0,0.0,62.8,,True
9ed65337433adfbedefd23dd76eaa494,6,0,0.0,0.0,1262.6,,True
9f56a7a649097b166d8ed286ad86a15c,0,0,,0.0,27.98,,True
9fbd5666d8618fa571c4230fafa09bd6,1,0,0.0,0.0,79.9,,True
9fc70243fb26800cba56e8f014797004,6,0,0.0,0.0,466.6,,True
9fe7c6641c79970ab48185498f547c09,1,0,0.0,0.0,130.0,,True
a00824eb9093d40e589b940ec45c4eb0,3,0,0.0,0.0,9399.97,,True
a0415d9b25ede3c4b1e477e9916ffc03,9,0,0.0,0.0,4044.1,,True
a06c8ff043abea0528ee44171e2140a2,8,0,0.0,0.0,514.5,,True
a080fc8a850289b27500f6b49cca2553,4,0,0.0,0.0,383.0,,True
a08692680c77d30a0b4280da5df01c5a,6,0,0.0,0.0,2433.0,,True
a09a13f18ed27932d08438aa6f12756e,1,0,0.0,0.0,29.9,,True
a0a14e50070f3225b3eabba5b85da517,4,0,0.0,0.0,176.2,,True
a0d7fbb07bb5ebc3b05980e750db56f3,3,0,0.0,0.0,848.99,,True
a0e19590a0923cdd0614ea9427713ced,0,0,,0.0,258.3,,True
a1040efe9ff4a6f93c28b0499eada8f5,1,0,0.0,0.0,1658.83,,True
a11a0e0ca67423425691db355cff69b0,2,0,0.0,0.0,448.9,,True
a150c540f572d0fb53992264bc5c10b5,1,0,0.0,0.0,119.9,,True
a1544b9ea0b2390e020537d4daa89049,8,0,0.0,0.0,841.2,,True
a1bea9970d8f65b240555f99c2214f7f,1,0,0.0,0.0,75.0,,True
a1ed30492b3b798bc121845bc4aa7366,0,0,,0.0,41.8,,True
a20d8058c866dbaeca014d2cd20ac62e,2,0,0.0,0.0,1194.0,,True
a213f1bd6458f4a158f3746cb2514559,1,0,0.0,0.0,41.52,,True
a218df5c097b0ca409cfaac1488cc7f6,4,0,0.0,0.0,130.69,,True
a21c11ec5c3f03e7cc9f9203bff9e1c6,3,0,0.0,0.0,385.0,,True
a23266650e7c84bb93fbbba502137478,11,0,0.0,0.0,1512.4,,True
a247197e2e9c19a6a53a6888cb8b660f,0,0,,0.0,798.0,,True
a2a41aedb70551d4a85aa04dc2fced48,2,0,0.0,0.0,52.79,,True
a2b911e9ad40dc7d61c142a4683e2d85,1,0,0.0,0.0,85.9,,True
a2deecd5398f5df4987110c80a1972a3,13,0,0.0,0.0,827.43,,True
a2e85714b56b1cb6bb24a9a6e6cad36f,0,0,,0.0,339.7,,True
a2fa0bdc798ee84cdb08281337cf4fb6,8,0,0.0,0.0,392.75,,True
a3082f442524a1be452e3189e003b361,3,0,0.0,0.0,301.6,,True
a35124e2d763d7ca3fbe3b97d143200f,4,0,0.0,0.0,411.5,,True
a353b1083c9863d756d9404695016d64,1,0,0.0,0.0,120.0,,True
a35ef466c6fd6d052f5d241240d3c5e2,3,0,0.0,0.0,569.9,,True
a369d693961cb93b61ca2cc518872a85,11,0,0.0,0.0,2597.0,,True
a36ac007a4d18f865c8d32c3b2402c2d,8,0,0.0,0.0,1359.78,,True
a37c340b91cb0169e8b029db6440fba2,5,0,0.0,0.0,345.0,,True
a3b0df0065e264a91b7bbf5f844af5cd,2,0,0.0,0.0,186.69,,True
a3b42d266fa8afc874b909422ce88582,1,0,0.0,0.0,839.4,,True
a3fa18b3f688ec0fca3eb8bfcbd2d5b3,1,0,0.0,0.0,47.8,,True
a414555ce331b8c8aea4a9cb8395194d,7,0,0.0,0.0,1450.95,,True
a425f92c199eb576938df686728acd20,16,0,0.0,0.0,1165.8,,True
a45314082d50d578a4721c9787ce09ab,2,0,0.0,0.0,424.9,,True
a45765f8afb1e594b22bf9e974b46765,1,0,0.0,0.0,79.99,,True
a478c7961d6a992065b24e63b366f90b,8,0,0.0,0.0,1281.5,,True
a4b8d97cd5d3674eeff96abc99d8ed67,1,0,0.0,0.0,214.08,,True
a4bd6e9adf39b63f43dc545d3ca1f53d,4,0,0.0,0.0,1848.59,,True
a4e634166243bbb3a13fa584463fa468,0,0,,0.0,155.55,,True
a4fc6eadaff1576af888509a53420f6a,1,0,0.0,0.0,100.86,,True
a513150f33f99a06569e9cd5c4bb889b,2,0,0.0,0.0,677.0,,True
a5259c149128e82c9d6d46e0c1c812bb,8,0,0.0,0.0,1182.26,,True
a53f60f05f822b5c621a50ff6a5cb362,4,0,0.0,0.0,415.4,,True
a56a8043ebf66e42119618fb8cf232c6,1,0,0.0,0.0,83.0,,True
a56e351445e5863fc8960640ba9190c7,3,0,0.0,0.0,760.92,,True
a5bff0f43eb51f0cad7c37fac7244c8a,4,0,0.0,0.0,445.0,,True
a5dd1946fb63ada8bcaa0c9cd8f11e22,6,0,0.0,0.0,219.62,,True
a5ff20ff766e7f50bd5066f33da14413,2,0,0.0,0.0,66.59,,True
a61cc04793308395a840807104365121,1,0,0.0,0.0,14.63,,True
a63bfbaa882c8f4542891b4e2246cc7f,6,0,0.0,0.0,6772.0,,True
a64e44665225d19dfc0277eeeaaccc57,6,0,0.0,0.0,335.0,,True
a663d9c3797e90eac99ff60939416a56,1,0,0.0,0.0,235.0,,True
a69aa24cec11168e7e39a3fbc727e925,3,0,0.0,0.0,105.97,,True
a70e9066dbfd10b6b97a3f54a1356762,2,0,0.0,0.0,1716.0,,True
a72c2f59332659e361d647515c698798,5,0,0.0,0.0,802.9,,True
a72f15980dc3e9bfd1a49ac9b2f3af65,1,0,0.0,0.0,89.9,,True
a7a9b880c49781da66651ccf4ba9ac38,3,0,0.0,0.0,307.6,,True
a7b7354cc588f7566a848bcbb1ce3d96,2,0,0.0,0.0,79.8,,True
a7c53f6b3b61adbdaa99dda97e8cbd56,1,0,0.0,0.0,99.0,,True
a7c88262832dfc683781d6a421edefae,5,0,0.0,0.0,1520.0,,True
a7d0f8dd44f57ef6de7f7f02e3d82630,2,0,0.0,0.0,73.79,,True
a7dc4098e4da6e41b426269d12ae7e91,2,0,0.0,0.0,518.0,,True
a7ecf689b40a44361e259b28939023e4,1,0,0.0,0.0,389.0,,True
a806a4bb063ea7ca6d374eafa50a6058,5,0,0.0,0.0,294.4,,True
a81466620e46a6970b22ef40379fdfc9,2,0,0.0,0.0,321.8,,True
a8739afb32aaa45e01815ca76f76f54b,13,0,0.0,0.0,298.83,,True
a89e143d5211473ae18db9577ee34b64,1,0,0.0,0.0,140.0,,True
a90a5da8b09e44264a177c0374a5ac87,3,0,0.0,0.0,74.7,,True
a9415cf907dfa12f9ed18693244f5329,1,0,0.0,0.0,210.0,,True
a99504ac23ed125aaf5302af6cc30af9,1,0,0.0,0.0,978.0,,True
a9ae440659f48b7849df83e82734150b,1,0,0.0,0.0,285.0,,True
a9b533a26e898b12e8b8d4c07279bf4d,4,0,0.0,0.0,119.6,,True
aa17b35ce4de7b565be3249ba838944f,2,0,0.0,0.0,79.8,,True
aa1eb17b9fdf6dfd546e25c45c7b9235,3,0,0.0,0.0,117.99,,True
aa2640d851ec322526f1295bbeb20092,1,0,0.0,0.0,159.98,,True
aa8af66c623d7d544dfe4bb85b5ebe3b,1,0,0.0,0.0,99.0,,True
aac51c486b672a9850d59f3e84b1cf88,10,0,0.0,0.0,728.28,,True
aadfe0417e61315688b6bd7043361e25,1,0,0.0,0.0,289.9,,True
aae3bfea055532c57fb453ed3ec80b30,48,0,0.0,0.0,3057.92,,False
aae5953b9edddf14749c0d65d60eb4b9,2,0,0.0,0.0,173.0,,True
aae5e7b457a3c72ee230a47d98fceda5,5,0,0.0,0.0,604.8,,True
ab27bbbad5239bc31a34709275a70db4,3,0,0.0,0.0,382.9,,True
ab75b89cc49c9ab3160d0c91565a442a,1,0,0.0,0.0,37.98,,True
ab9db4cf53b08b828b64dccaafc2d9f0,4,0,0.0,0.0,277.67,,True
abbf6046bbdf1028606a5bc7f00c99e7,6,0,0.0,0.0,2217.15,,True
abc015ebac1d283a323ca9db35ede4b9,12,0,0.0,0.0,1106.8,,True
abe021b01ba992245271b9aa422032df,2,0,0.0,0.0,6720.0,,True
ac137bac82ffa8548e62bd9d01d2a14f,0,0,,0.0,49.6,,True
ac1ed5fc15901fbc92920361eb4ab350,0,0,,0.0,110.25,,True
ac51cac5e20d69ff485a54746488ef48,3,0,0.0,0.0,759.9,,True
ac9b01377919cdbd2a1bbb8d5837c70b,1,0,0.0,0.0,55.9,,True
acb6c2ca5c82411c1fdb88d5fd5eb95e,10,0,0.0,0.0,413.88,,True
acce39e832338debb07b02385cde5967,44,0,0.0,0.0,4748.1,,False
ace601496e211a664100321f038f50af,0,0,,0.0,165.0,,True
acf974e4d5950ad143a247471b831eb9,5,0,0.0,0.0,423.8,,True
ad14615bdd492b01b0d97922e87cb87f,1,0,0.0,0.0,8.25,,True
ad273c9eb54ecb4532de4bf75bae9e4e,10,0,0.0,0.0,645.0,,True
ad738d3fcf42655ed15c4960b7b6c601,0,0,,0.0,65.0,,True
ad75519a07f039025e83795a4418470f,3,0,0.0,0.0,302.1,,True
ad87df7699e83b8a91822a4a0b765c3a,5,0,0.0,0.0,349.9,,True
ad8ada0ffa993cb1197d102d9ab21a3e,0,0,,0.0,599.8,,True
ad8b531ae67582f096925cff5630d0d1,2,0,0.0,0.0,208.35,,True
adbe70ab2c97442046d393988c8d1d27,5,0,0.0,0.0,289.5,,True
ade45994b717ccee333492330fbf037b,10,0,0.0,0.0,7196.0,,True
aded58c8142dedc5494a81f948431fab,4,0,0.0,0.0,289.5,,True
ae45ad30c2d2e5913094769690a239d2,1,0,0.0,0.0,251.8,,True
ae45df84722b1d15c5f32b23a095746c,9,0,0.0,0.0,901.83,,True
ae7ab174effdead6c241e547e4ca13f0,6,0,0.0,0.0,2778.6,,True
ae8bfdbf1c2a2a2dee92d799db0a31c6,8,0,0.0,0.0,339.92,,True
ae9690c6e8fee182c28c9ff8e11ca52c,1,0,0.0,0.0,47.4,,True
aec99834ab5d38ead22766ada8497e87,1,0,0.0,0.0,459.0,,True
afac9f6b0c4e5f0a7ee87e922cd0f873,0,0,,0.0,20.99,,True
b00af24704019bd2e1b335e70ad11f7c,1,0,0.0,0.0,189.0,,True
b01c2b7b8599b325103ebcddc67413e1,4,0,0.0,0.0,169.45,,True
b026643914f651e8371425e5b8a1e780,1,0,0.0,0.0,27.9,,True
b0398568231ba5e6734af1881671a317,4,0,0.0,0.0,656.77,,True
b05b432bf68945d4d9783f9e3ca29ee8,2,0,0.0,0.0,224.8,,True
b080809eaacb49e5ca07290981472431,11,0,0.0,0.0,424.0,,True
b0f2a6122a90a93eb03e68653dd960e3,6,0,0.0,0.0,1620.3,,True
b1204cfda1d4948679db3cfc0d3cb95c,6,0,0.0,0.0,2903.7,,True
b12cfd255810394b60caef18ae163547,2,0,0.0,0.0,560.0,,True
b16d3dadc47d4eb18be3d88bad0775ce,10,0,0.0,0.0,722.1,,True
b19c48688808720822399ffa9f2dbe2f,1,0,0.0,0.0,959.99,,True
b1a81260566c1bac3114a6d124413f27,51,0,0.0,0.0,8684.69,,False
b1aaae6b66ad3c40f54b389d7ea4bee0,15,0,0.0,0.0,1176.5,,True
b1ac6ea7895bc3dd6f0f6f4abbdd2821,38,0,0.0,0.0,3139.0,,False
b1fecf4da1fa2689bccffa0121953643,19,0,0.0,0.0,3669.64,,True
b26741d31a563d769b4af0465ab20c56,2,0,0.0,0.0,648.0,,True
b274baf5bbd142410eb2958cf685d684,7,0,0.0,0.0,585.9,,True
b29d3380981c51df13fc6fbe87e1763d,6,0,0.0,0.0,435.3,,True
b2a6d334e2833acea353624840e25a0e,25,0,0.0,0.0,1650.98,,True
b2bdc5e7940a7d7ca8c4a37953b27a42,0,0,,0.0,250.0,,True
b2eecf5ea250510da76590ca79d60e5d,9,0,0.0,0.0,1060.0,,True
b2f4d63c7203f539a78252565ca32257,1,0,0.0,0.0,14.9,,True
b347677812ea483b0f528eaf8cbc09b7,21,0,0.0,0.0,7288.99,,True
b372ee768ed69e46ca8cdbd267aa7a38,63,0,0.0,0.0,12630.0,,False
b37c4c02bda3161a7546a4e6d222d5b2,4,0,0.0,0.0,24075.0,,True
b3809b8d4394588a47c8470ea331e135,1,0,0.0,0.0,89.0,,True
b3e2faf2c1004d674f16a3aa3197f0e1,3,0,0.0,0.0,61.47,,True
b3f19518fcec265b2e97af287725f981,8,0,0.0,0.0,486.91,,True
b410bdd36d5db7a65dcd42b7ead933b8,42,0,0.0,0.0,7726.9,,False
b416191c9813d821a295cfabafff4161,2,0,0.0,0.0,117.8,,True
b44dbfbf62e52125f3c15d230569ea91,4,0,0.0,0.0,609.37,,True
b452cb0ae35044c4a53179c39f49fb06,2,0,0.0,0.0,63.7,,True
b45d7ebfb7378630f1bcd74b6ff86ff7,3,0,0.0,0.0,1007.5,,True
b494891378bd8f4560abe576c52deacd,19,0,0.0,0.0,2958.9,,True
b4b447d715f9ab302a188fb43d3e96b3,5,0,0.0,0.0,685.93,,True
b57e8460909fa137df7951b4a3b5ea84,0,0,,0.0,198.0,,True
b586cd24c010a13916af621b0325fbba,6,0,0.0,0.0,1108.94,,True
b5b800c4065bebf4d3442311c9857344,1,0,0.0,0.0,79.9,,True
b5bb2b985208834bd5bd86c7a402bbad,2,0,0.0,0.0,621.06,,True
b5d034ac251546e25afe9067f05c1539,1,0,0.0,0.0,69.9,,True
b5dd7151a92ccaaa282cbe9681a05f44,1,0,0.0,0.0,85.0,,True
b5f0712d22a873b6797ab6cc65c3fcba,1,0,0.0,0.0,12.99,,True
b5f49fe968dff6b112861e6cd8e192ef,1,0,0.0,0.0,194.7,,True
b67d6c666e8dce1d078c882825e12704,7,0,0.0,0.0,352.84,,True
b6c6854d4d92a5f6f46be8869da3fa1a,0,0,,0.0,69.9,,True
b6f52e346160519c24a23af05410ad32,1,0,0.0,0.0,129.9,,True
b76a1f8356322f12529c37b67d5c96c2,5,0,0.0,0.0,298.5,,True
b76f4d90e85657a240495c876313adc5,1,0,0.0,0.0,299.0,,True
b77a27b1864483e721dc831d5ba4afa0,1,0,0.0,0.0,41.8,,True
b7ba853e9551f4558440881fd3e5c815,1,0,0.0,0.0,376.8,,True
b7cc6c5e001441ae8cdd5c69a480cbe4,5,0,0.0,0.0,651.8,,True
b7d5b4b87af9d42b601865d3f3810bff,1,0,0.0,0.0,1049.0,,True
b7e1750c1157341d2abd0251e07c186b,3,0,0.0,0.0,159.6,,True
b7ed9fb14c8eadb37adb9c45d67ab0fb,7,0,0.0,0.0,566.0,,True
b8114f2f589a6804810f04f99b36b498,8,0,0.0,0.0,1399.62,,True
b81e3a6c866a764974fe849821abeebd,8,0,0.0,0.0,836.15,,True
b8578d2d823bd8e251f6fdd02b40902d,9,0,0.0,0.0,1255.6,,True
b86a47b3366e3b5424a7b225781f4908,1,0,0.0,0.0,86.5,,True
b88e7c57cb2d8b973b7dd4a2bfa14b36,4,0,0.0,0.0,353.9,,True
b8a0adc91af209270c2c725168eb00fd,6,0,0.0,0.0,281.4,,True
b8d890108a7a80e4f5d59eea9f362438,2,0,0.0,0.0,89.7,,True
b906dd0e57f282c7089171b6ed07982e,2,0,0.0,0.0,175.0,,True
b90e891671cffd9557f33a97dc523645,34,0,0.0,0.0,4449.0,,False
b98b715fe9e276204e2a3464f48cd796,4,0,0.0,0.0,450.58,,True
b9a03475e6447e631b6799ec8274800f,10,0,0.0,0.0,1349.1,,True
b9c0ffa92f3ff9a5a3d45ef7213c0842,3,0,0.0,0.0,490.0,,True
b9de031b671cd48b28fae9d828cbf2b4,1,0,0.0,0.0,155.32,,True
b9ec22de23f18567de0e09d776ca0309,2,0,0.0,0.0,341.98,,True
ba5daa4041e1f15cdf34b76e3e18a450,15,0,0.0,0.0,806.8,,True
ba6b68b55fe8704377a7d43c8e5c0185,5,0,0.0,0.0,739.77,,True
ba6ce6de456f6c11d08c17701ba5c26f,6,0,0.0,0.0,744.35,,True
ba89796db68db180bd389de96b2ff3b6,2,0,0.0,0.0,309.8,,True
ba8e85df286308fe68a2ce83a8f8b2d6,1,0,0.0,0.0,80.9,,True
baa49d93c8c8841e27400a300f5d74b2,6,0,0.0,0.0,246.4,,True
bab0a8cd684e41ba6e2637dca0979d3b,1,0,0.0,0.0,269.9,,True
babcc0ab201e4c60188427cae51a5b8b,1,0,0.0,0.0,79.0,,True
bac44fa8e13424950488659b5f765c41,1,0,0.0,0.0,19.9,,True
bac692d6c0ed08467878018e6cc9c26c,1,0,0.0,0.0,477.0,,True
baeda7047354773262ba2405f97038ba,1,0,0.0,0.0,35.0,,True
baf15155e37ef5492731459bdc05be8a,1,0,0.0,0.0,47.0,,True
bb135baca94c82fcb731335ad5b04a03,18,0,0.0,0.0,1049.8,,True
bb2afe2061d53c6968aa0cffa233a8ec,5,0,0.0,0.0,549.4,,True
bb3dca718920a4d7ec3cc9ffb025108b,2,0,0.0,0.0,108.0,,True
bb5bd94c8f59cc050072d2930c869cac,16,0,0.0,0.0,2543.87,,True
bb5d956dece964a06c12bceb66b923ae,2,0,0.0,0.0,1278.36,,True
bb7ad8a45c027be8ab075b8e465f8ca0,2,0,0.0,0.0,19.98,,True
bba74270a87732727b5a3b4fd9ac1c39,35,0,0.0,0.0,6001.59,,False
bba8d0c234a52b87b3957037a215d1a4,1,0,0.0,0.0,120.0,,True
bbd3acfe6de99892e73940d3fdceaf68,2,0,0.0,0.0,69.0,,True
bbe87dce25ba8b38bb61cc7210a3f10b,2,0,0.0,0.0,287.0,,True
bbf4a892cac7b82422baa711dffb8997,1,0,0.0,0.0,70.0,,True
bbf9ad41dca6603e614efcdad7aab8c4,14,0,0.0,0.0,7846.0,,True
bc2ac6b95e1accce9858528ee566c17e,18,0,0.0,0.0,2045.0,,True
bc30de0d71bd6260b936a026b5cf7200,3,0,0.0,0.0,392.37,,True
bc39d8938f90a3a2b98193723ed59774,2,0,0.0,0.0,306.8,,True
bc503e244f187939d10c92a5c8e378ce,6,0,0.0,0.0,637.67,,True
bcf5566870987da7bc811fbc8c5b9fd9,0,0,,0.0,96.0,,True
bd0a1b0aadca9a83d9304f7e8ff5fbd5,4,0,0.0,0.0,150.6,,True
bd149ed516d4c5d418d5781f8e18919f,8,0,0.0,0.0,414.0,,True
bd43e172d599bed47a85da877172ca8c,1,0,0.0,0.0,23.92,,True
bd4431c1a8dfa744b59e1e2a8bc99b9e,7,0,0.0,0.0,809.5,,True
bd4889b5e9133b35b66e42a8665cea5c,36,0,0.0,0.0,6271.9,,False
bd65d163ded559eb90a10cd09fec178f,1,0,0.0,0.0,19.8,,True
bd697db56ff8e7c9cd1abeb7f72029b2,21,0,0.0,0.0,3069.78,,True
bdae679a9b282249bc23b9b69dae9a99,6,0,0.0,0.0,663.15,,True
bdf0d02d36a1d839d0c39c4a887cdd49,5,0,0.0,0.0,120.0,,True
be3b4b0f050a6aa1b2d901c4b77e979f,3,0,0.0,0.0,578.2,,True
be67f78487e2cecb0d55bc769709e4f5,1,0,0.0,0.0,102.0,,True
be7a093e5b4d147b36b72bb1f9e415e5,1,0,0.0,0.0,60.9,,True
be9a160a9011f627c3e121d076c1ec7b,5,0,0.0,0.0,2934.0,,True
bec568278124768c474ee90971ca94d1,2,0,0.0,0.0,219.9,,True
bede56095ba33c42038fb85f707b8a42,2,0,0.0,0.0,3973.9,,True
bee36b4f9a2b9fdcaff6ec05df202ed0,1,0,0.0,0.0,33.8,,True
bf00385a5f7fc1ef39a13c2e9ee50a5f,28,0,0.0,0.0,870.3,,True
bf0045791395e66460eb04749c68672a,2,0,0.0,0.0,119.8,,True
bf0d50a6410d487dc97d2baac0a8c0be,0,0,,0.0,27.9,,True
bf100ecb7997df312b285358fb32f92c,20,0,0.0,0.0,1991.9,,True
bf961104a38e01b9062ee026bb657dee,4,0,0.0,0.0,585.56,,True
bfd938b22bc99bce1ae60dc602889f52,4,0,0.0,0.0,922.8,,True
bff9deb0ec77d437f3305a79cf25529e,5,0,0.0,0.0,161.95,,True
c00396cbdd2e088fe4281baa5920aef1,1,0,0.0,0.0,832.41,,True
c0098efcf800861dcae589affca31408,9,0,0.0,0.0,1189.28,,True
c026ef0d72e9132d9fa112308090c8dc,1,0,0.0,0.0,520.0,,True
c03121937e54a93fcc1825c3098bbb6e,7,0,0.0,0.0,1043.0,,True
c04d70d515d15a7e3db3a73320598566,3,0,0.0,0.0,158.2,,True
c092292535a57dacd95a8765f5518f87,1,0,0.0,0.0,125.0,,True
c0aff2da32c17759d30b22fb0af6649d,4,0,0.0,0.0,188.8,,True
c0e0b73d039eb9a99b6ce4cb7a429cd3,1,0,0.0,0.0,29.88,,True
c0e6839516f5398edc34adf5f1d53d1a,1,0,0.0,0.0,432.92,,True
c0f3eea2e14555b6faeea3dd58c1b1c3,1,0,0.0,0.0,79.99,,True
c0f783394e37cd9c9d7f5f81141450fa,6,0,0.0,0.0,249.4,,True
c113b8df1fc375bc3d73d29c1b1144d1,3,0,0.0,0.0,333.0,,True
c12d7463a579237ffb9248bd7cff378b,1,0,0.0,0.0,25.9,,True
c13fb473e7cb8b83ccd543c094df0608,2,0,0.0,0.0,54.8,,True
c1552b1dab6e6f760950368ae61fb600,2,0,0.0,0.0,53.8,,True
c157bdeedcbc9a8e3c8bf0d87ff24428,7,0,0.0,0.0,514.27,,True
c161d1327ebc3a156c09582ab2f59f6c,2,0,0.0,0.0,52.99,,True
c18309219e789960add0b2255ca4b091,1,0,0.0,0.0,9.9,,True
c1849d4d32d7a6cecd5aa471809d3135,3,0,0.0,0.0,388.98,,True
c1dde11f12d05c478f5de2d7319ad3b2,1,0,0.0,0.0,12.5,,True
c200c73f9d7e5a08ca439d6a0803da7c,0,0,,0.0,40.0,,True
c240c4061717ac1806ae6ee72be3533b,1,0,0.0,0.0,59.9,,True
c26a2be5b53b7db6b276280da212a779,13,0,0.0,0.0,7482.0,,True
c26ba52cf8d2f34915f2f6b7ffa0a3f3,3,0,0.0,0.0,125.96,,True
c286ec035ee04ba81c97508f0b5df544,1,0,0.0,0.0,493.0,,True
c2bda99904207edd1834f03e0022b007,1,0,0.0,0.0,79.8,,True
c2d70ce2c5d0a2eb75e78668236e6dc8,13,0,0.0,0.0,2470.9,,True
c3251e13f1bbda6c74e37c160f991e19,2,0,0.0,0.0,437.8,,True
c32fc744b9160ac853450488e3cfea93,2,0,0.0,0.0,185.7,,True
c33a5c3c983090c8b78a28e65052a20d,8,0,0.0,0.0,629.1,,True
c353f8fc0ce8344999f17d578eb69a5e,2,0,0.0,0.0,175.98,,True
c360e4787614ed31ac7a2f95d3b22dc6,1,0,0.0,0.0,188.9,,True
c394e193cda3b4225ff2094d32184849,2,0,0.0,0.0,3419.88,,True
c398bc00a606d33758afd91f4e64fd15,2,0,0.0,0.0,150.0,,True
c3aad7dc65449ae90a5e9c3c6c1e78e0,6,0,0.0,0.0,510.0,,True
c3e1abd72a42fe690fcd89cf5720fe29,13,0,0.0,0.0,1798.61,,True
c3e2398fcc7e581cda2e546557bf6968,1,0,0.0,0.0,14.9,,True
c3ee2331a724e6fc02c4b698b57a73f3,2,0,0.0,0.0,1347.0,,True
c3f5668699a1b04c0fa61ecea1e2bff6,3,0,0.0,0.0,407.81,,True
c3fe93ba3085f92855c97e57f38c8c05,6,0,0.0,0.0,245.0,,True
c43d924a0f1688ee9fae0efcd6f539d4,1,0,0.0,0.0,29.9,,True
c447f8dd3ed213f291d65ef074a268eb,7,0,0.0,0.0,655.0,,True
c458e2045a8aa8964f8879af03fdcce6,4,0,0.0,0.0,494.91,,True
c4af86330efa7a2620772227d2d670c9,4,0,0.0,0.0,5396.0,,True
c4b911d06343b21dd906651f8101cb49,0,0,,0.0,90.98,,True
c4f7fee5b0db50e87766f5a4d1b1b758,5,0,0.0,0.0,11961.83,,True
c510bc1718f0f2961eaa42a23330681a,12,0,0.0,0.0,12251.0,,True
c52c644cc0dc85121207a27013efc6af,1,0,0.0,0.0,397.8,,True
c53bcd3be457a342a97e39e5a9f0be22,5,0,0.0,0.0,509.5,,True
c542f5a8c64d973f30e9df8d06f70b4a,0,0,,0.0,81.0,,True
c54679b132454625907c773d273d4126,7,0,0.0,0.0,1032.0,,True
c5e60e39c0f42b8e827daa13cff74afa,6,0,0.0,0.0,134.0,,True
c5ebe6598748b0aeaa61cfb820478b92,3,0,0.0,0.0,297.0,,True
c5f7e746b7e6d07def6c0dae9903279b,10,0,0.0,0.0,1429.0,,True
c6218512d16fcac0af02fe92691cf274,8,0,0.0,0.0,674.0,,True
c6381b1321d7d97717a5bb4ed5b77882,2,0,0.0,0.0,66.0,,True
c6381d2d013342748761e906d45aff76,15,0,0.0,0.0,2042.98,,True
c64a2aec32cc408a8a4c6d7c46017f91,9,0,0.0,0.0,3221.5,,True
c70a353f02429c00775a46a75fb787da,6,0,0.0,0.0,242.0,,True
c714262700f93defc16bf17a51a4cb23,4,0,0.0,0.0,421.8,,True
c716e0b86ed568878475b60fbb6323ad,1,0,0.0,0.0,35.0,,True
c7246702dc991a06d788120dc7544391,1,0,0.0,0.0,54.86,,True
c72de06d72748d1a0dfb2125be43ba63,21,0,0.0,0.0,17522.0,,True
c731d18cea9bf687ffee82a241c25b11,24,0,0.0,0.0,3662.0,,True
c747d5b92c7648417faea95d36d763e8,1,0,0.0,0.0,139.0,,True
c74f14c1e26cf1bd5bd34b6a1e274426,1,0,0.0,0.0,39.0,,True
c76d418370990614e89e956c7a7567d9,2,0,0.0,0.0,305.24,,True
c79151301b9d90985d1fa52879213105,3,0,0.0,0.0,322.3,,True
c7a0a13cbcf29d5ce51c8f80afdc0b89,8,0,0.0,0.0,483.08,,True
c7bb64409aa480bb7d0335faaaf3d242,4,0,0.0,0.0,97.6,,True
c7c7b2682c648339a0e9846bb1023a39,2,0,0.0,0.0,168.0,,True
c7dcd301ecfe5ab7f778ac172cf74be7,3,0,0.0,0.0,457.69,,True
c8025364abeecb115431bf95c11a747f,2,0,0.0,0.0,928.0,,True
c8143b3069f6746a77421b5ce30a450c,1,0,0.0,0.0,142.47,,True
c840d3fdbba0790404fdae73d253b253,9,0,0.0,0.0,4522.28,,True
c84592044b180dec206770c38603814b,14,0,0.0,0.0,511.94,,True
c85d7b477a709c85a1e8b8f25aa1b270,0,0,,0.0,75.0,,True
c8665a4dd081a2c436b1cd921079d0d9,1,0,0.0,0.0,79.39,,True
c8771b1a10bb99bb34d3c459c5cffb53,1,0,0.0,0.0,64.9,,True
c87abc38c8ed3240861729e1aeadf221,1,0,0.0,0.0,133.0,,True
c88f62b4c386a59281014d677864d016,0,0,,0.0,1099.0,,True
c8c1bea22194a4eefa2dc9a9fa89f536,7,0,0.0,0.0,1266.0,,True
c8cc60ffd415254af5d9b9f34f32c369,8,0,0.0,0.0,722.2,,True
c8e135e7b21ecbc36c1153a29d2f5a06,7,0,0.0,0.0,1165.5,,True
c963a25b8671419c6ce9eebe8fd03218,1,0,0.0,0.0,49.0,,True
c97aa4ee7420f937da13b7f9e2228b99,1,0,0.0,0.0,29.9,,True
c9a06ece156bb057372c68718ec8909b,11,0,0.0,0.0,4688.9,,True
c9d2ba8dde44a275ae06475ed1d2fafc,1,0,0.0,0.0,28.79,,True
c9e5ad1f6647f5dbd1172adf6ae3cada,4,0,0.0,0.0,259.03,,True
ca77545ca4d2dfd1431bf61334e2fa3c,6,0,0.0,0.0,760.0,,True
ca7c6bd577e559472af1c699de9e764e,6,0,0.0,0.0,148.0,,True
caa9bc43a9fe8cf9c564ddd8a03cc4a6,13,0,0.0,0.0,803.87,,True
cac4e0bc1a3269fa2b6ea5e763f6115b,2,0,0.0,0.0,57.88,,True
cac63f48c38cd7d002a7e846dcd99a23,10,0,0.0,0.0,874.0,,True
cac876b37d3abcd6bd76caca30277996,27,0,0.0,0.0,2229.77,,True
cad10cc982ab6a391570c211b995c17c,1,0,0.0,0.0,47.4,,True
cad9969167c09b48ae6f1d123f7fa68d,1,0,0.0,0.0,43.2,,True
cb0b3bcf14e0a709df412a99424a59d7,2,0,0.0,0.0,460.0,,True
cb162c8eef257253782d245c08d9097c,1,0,0.0,0.0,34.99,,True
cb32766839f443db85c82a43c4a6c19e,2,0,0.0,0.0,234.0,,True
cb4a705d00e100b9732d0ca34817d441,1,0,0.0,0.0,998.0,,True
cb5ff1b9715e99589f3e0c7a6afab9e3,4,0,0.0,0.0,85.0,,True
cb6c9f5888a7a090c75beaf615925792,11,0,0.0,0.0,779.89,,True
cb810bd318f51b3dc3c753944d61a1fa,1,0,0.0,0.0,1750.0,,True
cb9fb4ca75d7ba8437480e8dde64fe98,10,0,0.0,0.0,532.14,,True
cbbd5ae8f53de5f5097cd8217b529e24,1,0,0.0,0.0,351.8,,True
cbf09e831b0c11f6f23ffb51004db972,10,0,0.0,0.0,1535.2,,True
cc1f04647be106ba74e62b21f358af25,1,0,0.0,0.0,11.9,,True
cc3d14116804f7209f3884f6367f1152,27,0,0.0,0.0,5477.8,,True
cc63f0dd2acba93ffed4fe9f8e0321fa,55,0,0.0,0.0,7096.71,,False
cc80e2f693fa6e2408f47ccf62413fc1,2,0,0.0,0.0,420.0,,True
ccada0ef508e698917a6eab263375905,3,0,0.0,0.0,172.8,,True
ccbd753e6863fe7314dc6c0ca5a074e7,1,0,0.0,0.0,495.0,,True
cd2169d9f31ff6fbb9ca3373b0c9e354,1,0,0.0,0.0,569.0,,True
cd233f8bfa30ebfd651f47ee7d054951,1,0,0.0,0.0,79.9,,True
cd52a8efd71af3336b14b5039b951cc1,2,0,0.0,0.0,170.8,,True
cd843d4cf8ef32827de0396605163ba3,5,0,0.0,0.0,1915.0,,True
cda598c48d7c614bc1cad7d8ff6f0010,17,0,0.0,0.0,1118.6,,True
ce20a2ec1514c25e16f2b5b39bc818f0,4,0,0.0,0.0,287.0,,True
ce33c6211beaa8fef4cae8b52db39862,1,0,0.0,0.0,49.0,,True
ce3ad9de960102d0677a81f5d0bb7b2d,1,0,0.0,0.0,158.0,,True
ce4755084bc097113867e6454f8f5e52,1,0,0.0,0.0,18.9,,True
ceb7b4fb9401cd378de7886317ad1b47,0,0,,0.0,399.9,,True
cecd97bc34ed8330bd4cd15713eda670,1,0,0.0,0.0,57.99,,True
cf1313c6e2c01c2f4b014f97db4bcd2b,5,0,0.0,0.0,315.7,,True
cf2384dd2f1dddea3f838efed0945e65,16,0,0.0,0.0,2101.5,,True
cf281cf8b7affbdfe751b29cc85580e1,0,0,,0.0,64.9,,True
cf654707ed6a99f112c7ec3d6f314b8b,3,0,0.0,0.0,756.0,,True
cf6f6bc4df3999b9c6440f124fb2f687,0,0,,0.0,3.5,,True
cfa5ab0e4d3fc212fd0b3410e7081c62,15,0,0.0,0.0,6180.8,,True
cfd7ddab722b902f7ac5b5f3ba6d723d,12,0,0.0,0.0,3385.03,,True
d06d019f72a04e5497a0b64190af170c,17,0,0.0,0.0,2415.93,,True
d0d70d21e2234dd7cd3cf63fe414148a,8,0,0.0,0.0,598.4,,True
d149de2f383552baea37a7198c2296ce,3,0,0.0,0.0,320.7,,True
d180e07dc1e58c31c3f0cd599dc4d945,1,0,0.0,0.0,58.8,,True
d197aa8fbc64087f61984deef05f6227,6,0,0.0,0.0,519.09,,True
d1a1b40ec554c593a1a99366746289dd,0,0,,0.0,49.7,,True
d1b9d4be4b6f9ebd85f8acd6745ba612,11,0,0.0,0.0,1154.35,,True
d1c7fa84e48cfa21a0e595167c1c500e,12,0,0.0,0.0,1156.03,,True
d1e2fe627180431ffda076abb303c56f,0,0,,0.0,289.0,,True
d2572f31e9023e9850ef986a636ff9bf,1,0,0.0,0.0,279.0,,True
d263fa444c1504a75cbca5cc465f592a,1,0,0.0,0.0,399.0,,True
d26aa40b90272d4843d63be7c1462c8d,2,0,0.0,0.0,152.9,,True
d297f1055de2956aedfd3b04113dce3e,1,0,0.0,0.0,54.3,,True
d29ba1220fb8634fa3a107e54497b8a4,9,0,0.0,0.0,724.94,,True
d2df77822373f19934e87694d8640767,2,0,0.0,0.0,155.9,,True
d2f3e277560ed4c6361284429b00f037,7,0,0.0,0.0,320.55,,True
d36b07fd3c5088e477a72d1fccfe29d4,1,0,0.0,0.0,328.9,,True
d3891911c2feae53c52fea2bd14054e5,2,0,0.0,0.0,141.0,,True
d3e7d37c0df9aef383f3f2a15b0dddfb,1,0,0.0,0.0,161.0,,True
d4828feed4cda2cd9d6b37899a95a71e,1,0,0.0,0.0,39.9,,True
d4910f1cdcfdabd48d6b316e395d4a23,11,0,0.0,0.0,1146.88,,True
d4a5e99e0dd915df64ba55a7fbd583fd,2,0,0.0,0.0,65.15,,True
d4d99b60c4c94cd35acd502cec65dc8d,1,0,0.0,0.0,72.9,,True
d4e4b5192cba4e0e66eb12a9d347239d,11,0,0.0,0.0,441.8,,True
d4f117125b59ce73c3302f88ee40c458,17,0,0.0,0.0,783.29,,True
d4f91e8be86b38da2ee35bc489645a9d,1,0,0.0,0.0,49.99,,True
d4ffeb15b67e81ff9af2b4252d99fb7e,11,0,0.0,0.0,1400.4,,True
d52cbce9845184537284a23c3bc3da0e,2,0,0.0,0.0,75.0,,True
d558ebe531605a1285ab2b1bc3256dfb,3,0,0.0,0.0,709.0,,True
d566c37fa119d5e66c4e9052e83ee4ea,65,0,0.0,0.0,5145.7,,False
d57e18d5f73c7ccb7f7339b61166898d,61,0,0.0,0.0,3187.7,,False
d58d521f3789def2e7a22715e0badd93,2,0,0.0,0.0,65.98,,True
d594982fd877af63ace38ea1fca27c76,7,0,0.0,0.0,217.04,,True
d598f929fc44e1e38678e7f47250ec04,1,0,0.0,0.0,69.9,,True
d63c73efd41eb002280e7ec831424edb,2,0,0.0,0.0,5598.0,,True
d63f306de130e0391d38a792541723b8,1,0,0.0,0.0,49.0,,True
d65f31d2413268e671989503f6cf9993,0,0,,0.0,488.8,,True
d66c11a9572221d92fbb8c4897db5f9b,16,0,0.0,0.0,776.56,,True
d6ab728cf30867cf3f1a2e216ae2f9b7,12,0,0.0,0.0,2002.0,,True
d6b664fa0667064c6d76394e7848d790,6,0,0.0,0.0,6080.0,,True
d6cd01c59123df02fc226eadbadb5f89,1,0,0.0,0.0,244.9,,True
d73cbd89533ce8b041a9190241453ac8,3,0,0.0,0.0,368.6,,True
d7827b2af99326a03b0ed9c7a24db0d3,1,0,0.0,0.0,1455.0,,True
d7ab82074b5f1dfba46db123df101bff,2,0,0.0,0.0,38.67,,True
d7d517afce974cd491b8d52bb5b5b1fc,1,0,0.0,0.0,89.99,,True
d7f1cfc638473be93baedbfd02208016,1,0,0.0,0.0,30.0,,True
d85efbc8eff2b7adf524e2820569adc8,1,0,0.0,0.0,55.0,,True
d8b8f2cf9ff6ba0389072541cb42498c,1,0,0.0,0.0,149.0,,True
d8bf0fc082fd4a77fc2e5679b6c00133,1,0,0.0,0.0,139.9,,True
d8c7ba53e7e38711eaef8c2849d6d2e1,22,0,0.0,0.0,1190.87,,True
d8cf3b6a2151949f930d0252b180ec42,6,0,0.0,0.0,623.7,,True
d90fe2229fee1a5da999ccd0c06c1667,3,0,0.0,0.0,450.0,,True
d93844a9c55ba7ce353388bcf849ea56,12,0,0.0,0.0,2708.5,,True
d93b8458c6fe139d85cfa5eadbf55bd2,1,0,0.0,0.0,19.9,,True
d94ba08b99bedd6a5f6c875ecc4a6fac,8,0,0.0,0.0,599.0,,True
d9b00a97818674c7f8d8b1ef0e689679,1,0,0.0,0.0,69.9,,True
d9c349beabc06aa6ff1c6d68b5e9e22e,1,0,0.0,0.0,168.1,,True
d9cb0052a666de5308b32f32ad5f1b1c,3,0,0.0,0.0,231.9,,True
d9cd369bffa979d1634f8e1318bf2f1b,3,0,0.0,0.0,678.0,,True
d9d43faf741ceaa8da52fdbb81d9e0e3,4,0,0.0,0.0,210.0,,True
d9e8c084b68fe958861d8f2c21202e6b,9,0,0.0,0.0,3050.0,,True
da03c298e3999e9d828591fc2179d109,4,0,0.0,0.0,787.7,,True
da20530872245d6cd9d2f5725613c430,2,0,0.0,0.0,314.96,,True
da3fede3469bf49b7293ce3fc45b294d,1,0,0.0,0.0,44.9,,True
da4d149c0ddbac90557103ac0a0ec356,0,0,,0.0,730.0,,True
da6a60cc8cc724fe51be021ff8be779c,12,0,0.0,0.0,728.79,,True
dace965ca58120f92f8d742a9fa1864b,8,0,0.0,0.0,1442.0,,True
dadc51ef321949ec9a3ab25cd902e23d,0,0,,0.0,85.0,,True
daf565f087a52def0fd5c5825b3661bc,9,0,0.0,0.0,813.9,,True
db1f0f7c7e5e87f40b62226f020bb297,3,0,0.0,0.0,59.01,,True
db46ca7bce82b11f7e247539271fc390,16,0,0.0,0.0,933.97,,True
db6a4d4b5f1f5f98820ce6ce2619e2de,1,0,0.0,0.0,135.99,,True
db7ed69a53aa9fb1c01930ba54a88bbe,1,0,0.0,0.0,109.0,,True
dbbcfe2c8d026742134ac3e28ccde274,4,0,0.0,0.0,308.59,,True
dbc51f5e45d654ecc16cb68e6817ecea,1,0,0.0,0.0,199.99,,True
dbec9a0a7efeff029d4d9dce7dc4cc95,3,0,0.0,0.0,1170.0,,True
dc120d932ddf9d4dfb6fd68beefda622,1,0,0.0,0.0,130.0,,True
dc50afafdfa325eadc890c7fa42a8f4e,4,0,0.0,0.0,424.2,,True
dc64d75cc406bb0697be983831430e60,4,0,0.0,0.0,813.0,,True
dc7192adf8ba09569261f4a8d576afe0,7,0,0.0,0.0,917.0,,True
dcb7367a92f5ffb89f1e2152ed260285,1,0,0.0,0.0,79.9,,True
dcf3755cefcdc158ad0b7bdde51e871b,3,0,0.0,0.0,269.7,,True
dd264199fc8b687ad029de7de6d760e6,1,0,0.0,0.0,87.9,,True
dd39ad39b5d3df33037e141c72497ba6,2,0,0.0,0.0,135.8,,True
dd5450b022b2d00a2145a66331e1aef6,1,0,0.0,0.0,59.0,,True
dd58ee93286b0821565574c570e9e1dc,2,0,0.0,0.0,2948.0,,True
dd88d13bea9e4c2bf47daf224f8141e5,1,0,0.0,0.0,458.0,,True
dd8a29ce82d5c705ba932d81494600a5,2,0,0.0,0.0,205.75,,True
dd9661d3cda1e6feb237f0c4d8b26f2e,1,0,0.0,0.0,174.0,,True
dda37071807e404c5bb2a1590c66326f,1,0,0.0,0.0,199.99,,True
ddd51ae8cda92f3995a51fc0f0f3eec7,8,0,0.0,0.0,842.7,,True
dde698c6d0bd24834c586e5111c2bba7,1,0,0.0,0.0,155.9,,True
de09d00cfc265b8804c7df34075a68fa,3,0,0.0,0.0,784.0,,True
de0c78824586e9a5f5f04fd84e25df39,14,0,0.0,0.0,2489.3,,True
de66a66f2dd06bb9ec37aa96987466a3,7,0,0.0,0.0,353.32,,True
deaadd805612bf94faaa9fa702516e11,0,0,,0.0,50.0,,True
debe6615cd90cc0c2eac2b8988e1f628,5,0,0.0,0.0,278.5,,True
dedcab67899479e4ea5dcc4eba47f587,2,0,0.0,0.0,84.0,,True
df0f42bc4c2142eacf0eaf2cffd0cfbb,14,0,0.0,0.0,1654.0,,True
df47da4ae86fa4db890d05aaf24e21d8,5,0,0.0,0.0,310.5,,True
df91910b6a03bb2e3358fa6a35e32f6f,13,0,0.0,0.0,2312.1,,True
dfc475d54e1b6dbeeb7d7d9bdaa63827,18,0,0.0,0.0,1793.76,,True
dff87e4de60c9736ce8df835951b09bc,0,0,,0.0,998.0,,True
e00d85ce20ea50c1224c66ca5050527d,1,0,0.0,0.0,149.0,,True
e0482f2c769468c3bbcd8a01e09d98c5,1,0,0.0,0.0,189.0,,True
e0487761face83d64fcada2408959a36,2,0,0.0,0.0,49.25,,True
e0a3c37054ade6478d923a6efc10f308,2,0,0.0,0.0,219.8,,True
e0b162a693bc7f9eab00f783a31d60ea,1,0,0.0,0.0,20.0,,True
e0eabded302882513ced4ea3eb0c7059,8,0,0.0,0.0,978.4,,True
e116c7455dd26a4d8c3e92532583905f,0,0,,0.0,36.76,,True
e1643dff33666ca629e3644c02738179,3,0,0.0,0.0,170.0,,True
e174dc2de86d60fee178170a154c05e7,0,0,,0.0,19.8,,True
e1a210d482714ce337763a19aef94ba4,0,0,,0.0,49.9,,True
e1bed63d68ac36fe1f3061befe196af5,1,0,0.0,0.0,199.0,,True
e1c76f339ebd5460999f25a2aa8c92c5,1,0,0.0,0.0,899.9,,True
e1dc0754bada9ee4cfe9713f22f61292,12,0,0.0,0.0,885.0,,True
e21a1e8be4715b0fcfd5385643bc49c4,20,0,0.0,0.0,703.6,,True
e250d617a0ad591ba9bd663e584a895d,8,0,0.0,0.0,904.12,,True
e256a62e0ac58c0edfba09966142d561,12,0,0.0,0.0,1474.11,,True
e2a1ac9bf33e5549a2a4f834e70df2f8,5,0,0.0,0.0,14999.45,,True
e2c92f9c1c7746d899d18f2e158bbff7,12,0,0.0,0.0,1894.7,,True
e3b4998c7a498169dc7bce44e6bb6277,1,0,0.0,0.0,6897.9,,True
e3d3b3efac954a60d61be70b7e05b49b,3,0,0.0,0.0,1282.05,,True
e3e15e2c0b9700561efac21c6be48066,0,0,,0.0,97.24,,True
e3e290b38963293022cdcd6db8328103,3,0,0.0,0.0,135.7,,True
e4253cef933647000a82ff39c67b7bde,0,0,,0.0,68.0,,True
e433f5fd4050e3352b5d83522b7fe24b,1,0,0.0,0.0,548.06,,True
e439f7176d763f92de325271111b2fd5,6,0,0.0,0.0,1348.4,,True
e45edf75f568ed2f93f78d060e246e25,6,0,0.0,0.0,164.3,,True
e46bc031f2c5bae4ccb40bb90712e9b4,0,0,,0.0,277.3,,True
e48b04bf1aa1ef711caebeb7aede6180,25,0,0.0,0.0,3187.1,,True
e48cc16ab70bfa09e1401740dce0b3d7,14,0,0.0,0.0,1084.83,,True
e49c26c3edfa46d227d5121a6b6e4d37,34,0,0.0,0.0,3654.25,,False
e4ebd3f87bf70440014f07ddda7fbe03,7,0,0.0,0.0,671.5,,True
e4fc40017a6d22c46a14ac2e17f87c3e,1,0,0.0,0.0,387.0,,True
e503f22be6a4f456d9851920a5d9c670,2,0,0.0,0.0,198.9,,True
e51f22821f0c12a16ad5c020cdcd55e9,4,0,0.0,0.0,898.71,,True
e53d5b9b29d1218281f4a907ada18626,4,0,0.0,0.0,350.67,,True
e546117ed9cafbc40239c0c78635c584,2,0,0.0,0.0,456.0,,True
e5545d4d4473876ea78c5bcebca365c3,1,0,0.0,0.0,44.5,,True
e560e4022d8f7aebf155db95946c5c0f,2,0,0.0,0.0,780.0,,True
e5899683388855d3dabe8913bbe365de,3,0,0.0,0.0,452.88,,True
e58a5b390e28abc0b216cfb0e07d27d7,7,0,0.0,0.0,1022.6,,True
e595809a6c31ec4314fd06ef198c244d,1,0,0.0,0.0,39.0,,True
e59e489e2ea74bd409b798b5daf49de3,3,0,0.0,0.0,495.0,,True
e59e575a175fadcadf8479e191770425,1,0,0.0,0.0,199.9,,True
e5c84227854980f1db19a58958c551d9,4,0,0.0,0.0,72.81,,True
e5cbe890e679490127e9a390b46bbd20,2,0,0.0,0.0,908.99,,True
e5d4b2b0c3bca22085f7a19a28de0c42,4,0,0.0,0.0,205.8,,True
e5def42655b7490edac5a56fe8e9e603,1,0,0.0,0.0,129.9,,True
e601b04acf48b4576e73ddca9481f0dc,15,0,0.0,0.0,491.94,,True
e603cf3fec55f8697c9059638d6c8eb5,7,0,0.0,0.0,297.0,,True
e627629ba868740e287800f1a9be81c2,11,0,0.0,0.0,504.5,,True
e628d4a53c109f09ca88098338b3a3f5,0,0,,0.0,285.0,,True
e644cbadf7eeb30d0d29f335ce7d52ec,7,0,0.0,0.0,878.9,,True
e64882b4ef12aee8d0faca4db5b681f4,1,0,0.0,0.0,230.0,,True
e64ddbe1cbcf4f2fc3092b7c481f3f9d,1,0,0.0,0.0,20.9,,True
e6a69c4a27dfdd98ffe5aa757ad744bc,21,0,0.0,0.0,2076.2,,True
e6ffc9ac6a7adc9d16a1cfc2286dd546,0,0,,0.0,34.99,,True
e70053bf73d1b5863932e53a9fa47496,7,0,0.0,0.0,4025.0,,True
e72b4feb7abe210c52aa667abc25a3a2,1,0,0.0,0.0,38.2,,True
e732329483fd5f27367dd997b47f598a,1,0,0.0,0.0,109.9,,True
e73bf2cea7fe4b0b4d287a7568ed1099,4,0,0.0,0.0,737.7,,True
e76ecc7e9a1a1e3c6df9d2a8261c423d,1,0,0.0,0.0,20.0,,True
e7f3bf1ecd8526eb7f3b18059e6716e5,17,0,0.0,0.0,1471.54,,True
e83e93b71371817b11d78a63ff156aee,2,0,0.0,0.0,286.0,,True
e882b2a25a10b9c057cc49695f222c19,57,0,0.0,0.0,51057.54,,False
e88c9b79e592e370d6bd852eeefbf057,8,0,0.0,0.0,251.87,,True
e88f7a2995ba184710d339c5c4bf2e30,2,0,0.0,0.0,251.6,,True
e8ff5a6ceb895583033fc2a0f314e3c2,1,0,0.0,0.0,139.89,,True
e908c0f3646e8b60375734a350d95d71,1,0,0.0,0.0,2951.0,,True
e94b64dc6979b302a5a5be1662c83bb6,2,0,0.0,0.0,306.89,,True
e9511df20ccd82658a30c37b7fb343af,22,0,0.0,0.0,2096.6,,True
e9874ae10b2d60d43917b6bbfa13a599,1,0,0.0,0.0,199.0,,True
e9b6c33b71b67737693b4cfa68341c8d,1,0,0.0,0.0,119.9,,True
e9c2dc0dd4ac38448289be644ac94f42,3,0,0.0,0.0,118.39,,True
e9c6969d40e6a3d2d0f90013165c2b98,10,0,0.0,0.0,5239.98,,True
e9e446d01bd10a97a8ffcfc4a3a20cb2,3,0,0.0,0.0,60.05,,True
ea1776927851da2532aa70d6a32c095a,2,0,0.0,0.0,318.8,,True
ea3ebea5317b0efbc663ecc8ce5e9bc2,3,0,0.0,0.0,299.7,,True
ea4e9ce63a2134743b4a92777437fcdd,3,0,0.0,0.0,316.6,,True
ea65d8b58316a6f2362f2a9e4b3e86ad,9,0,0.0,0.0,2061.4,,True
ea6b12bf9ffe2bac34602ec631d97a47,9,0,0.0,0.0,2625.8,,True
ea846a0e7ad98a741783e886d89dfa44,2,0,0.0,0.0,137.0,,True
eaaa46e98c9e61f6764dd1d7a2ab8b3e,1,0,0.0,0.0,98.0,,True
ead2bab70821ea148476ae9bc08548ac,9,0,0.0,0.0,412.1,,True
eae9af4811c294c56795d70e715b7337,1,0,0.0,0.0,15.9,,True
eaf6d55068dea77334e8477d3878d89e,3,0,0.0,0.0,51.0,,True
eb1bf309f4f6af9a97e9ddac3fdbeabe,1,0,0.0,0.0,22.3,,True
eb4a59a06b3948e851a7d7a830bcbc42,1,0,0.0,0.0,64.0,,True
eb72802c83dc7547529c9546d1a9b8ef,8,0,0.0,0.0,1063.92,,True
eb9267cccc90f1b49c8d2f9887c7dd97,1,0,0.0,0.0,319.9,,True
eb9cd5b35d95206585e2185318cb5c61,2,0,0.0,0.0,550.0,,True
ebd1417732defaf66c50b5a800eb293e,1,0,0.0,0.0,309.0,,True
ec21206b7894c503788a684a7bc822a6,1,0,0.0,0.0,247.8,,True
ec5c1d94df153d473b37f880977ae58e,2,0,0.0,0.0,199.67,,True
ec933281fb017b5020d06df29c3f77e8,8,0,0.0,0.0,1432.0,,True
ed46f1eb4a638113deb2a1137b5f22e9,4,0,0.0,0.0,3470.0,,True
ed49da7cadefc454d6a67de249eab240,1,0,0.0,0.0,43.0,,True
ed4acab38528488b65a9a9c603ff024a,31,0,0.0,0.0,12759.45,,False
ed859002ad59dbf8cf3602696a6c3000,6,0,0.0,0.0,2421.7,,True
ed9eef5be0992d413d251fadba1a410d,3,0,0.0,0.0,404.1,,True
edb58a1390adf273840030a3d6253829,1,0,0.0,0.0,39.9,,True
edb65fe661681b1c0de8bd47c8655855,1,0,0.0,0.0,69.0,,True
edc518ba25576a0188a0e8f2c3af186f,6,0,0.0,0.0,1647.39,,True
eddd1991bd6d9309995a480c39b95137,2,0,0.0,0.0,866.0,,True
ede2977fbaf3738583170735ca403f6c,1,0,0.0,0.0,289.9,,True
ee27a8f15b1dded4d213a468ba4eb391,1,0,0.0,0.0,6499.0,,True
ee2fbacc2fc3794e656cc4d933d59ce7,2,0,0.0,0.0,464.97,,True
eec3469d83e142f9a104886655338c37,4,0,0.0,0.0,185.7,,True
eed78ac17f7f795a19a709745f00cd4e,22,0,0.0,0.0,4349.5,,True
ef30892870c278497523264be1be2241,9,0,0.0,0.0,783.2,,True
ef728fa1f17436c91ed1ccd03dcf9631,3,0,0.0,0.0,128.7,,True
ef9952469137ff190bacafe117f51537,5,0,0.0,0.0,1002.66,,True
efff9341f3f8f5237b44ff67ed36a7bf,5,0,0.0,0.0,872.99,,True
f00f5b35d0abcacbdd863672f4bb2c1a,1,0,0.0,0.0,299.0,,True
f021c962aaba8ef6eb527a9c2c8394d1,5,0,0.0,0.0,4398.5,,True
f049a72cf58fd31b11f8919cade515e7,3,0,0.0,0.0,138.75,,True
f0563bacf40c311f1c4d3d6b67b8a7a7,0,0,,0.0,1199.0,,True
f08a5b9dd6767129688d001acafc21e5,11,0,0.0,0.0,14069.63,,True
f09b760d23495ac9a7e00d29b769007c,1,0,0.0,0.0,21.9,,True
f09e26011d833ddab11593c1a097a92a,0,0,,0.0,79.9,,True
f0e103c63864d5405b958d984b6e94c9,11,0,0.0,0.0,951.7,,True
f0ec6a2adb05c62655a26dd347b8dede,0,0,,0.0,72.0,,True
f0ec78809fe0bc3edb11c9fe5b97b059,2,0,0.0,0.0,62.6,,True
f114dca2828bf718548db175ebe2cfcd,1,0,0.0,0.0,139.0,,True
f1198c871e0171278b63f40d112caeec,2,0,0.0,0.0,475.8,,True
f12d3c2a14729ae461b920c11fe20fdc,9,0,0.0,0.0,364.45,,True
f18112da765e0971ca5d510dec322bdd,2,0,0.0,0.0,327.8,,True
f19516b9ff26bfeb091b30108db4ddbd,3,0,0.0,0.0,727.6,,True
f1b854361f4e15d5851b494df66f22b2,3,0,0.0,0.0,1168.8,,True
f1c1ac3f3efc07e659c035008e615e66,3,0,0.0,0.0,2561.96,,True
f1ce5fdecd64935c28b9ff932751d0dc,2,0,0.0,0.0,158.0,,True
f1fd5ab1181f827ffad998c1a5de7d74,15,0,0.0,0.0,7045.99,,True
f1fdf2d13186575751aa25876536d85c,1,0,0.0,0.0,26.3,,True
f205b1a3ca9a34e0f8a228bae6e4c7b3,8,0,0.0,0.0,1088.0,,True
f2336e113377dd21c744d9c4fc8293a9,4,0,0.0,0.0,3563.0,,True
f235413f677777a0738ff215d0184901,2,0,0.0,0.0,1696.7,,True
f25e239052084705e17a982bc600ab2a,8,0,0.0,0.0,7380.0,,True
f266295f49a28eee21f413e0cbb0521d,2,0,0.0,0.0,149.8,,True
f26d70155c2b6326fcfa1780c8c684e4,1,0,0.0,0.0,202.89,,True
f3041c2e75ec683697a6a5ea82192210,1,0,0.0,0.0,145.0,,True
f3055483058c84d75ca2a3314fb4deef,0,0,,0.0,67.5,,True
f307937c1bb287c3efc2a514b94b0d1d,1,0,0.0,0.0,189.99,,True
f326006815956455b2859abd58fe7e39,9,0,0.0,0.0,3147.16,,True
f3511c85f59f8dec53d140501ee8e7a8,1,0,0.0,0.0,69.9,,True
f356c348fbc8df6a882823e21f5ce8b7,2,0,0.0,0.0,195.18,,True
f35becee938e982bd615edf8ef12bcfb,6,0,0.0,0.0,148.59,,True
f3862c2188522d89860c38a3ea8b550d,1,0,0.0,0.0,15.5,,True
f3975e8a41157005d4bcbb358678cd9b,2,0,0.0,0.0,178.8,,True
f3b80352b986ab4d1057a4b724be19d0,86,0,0.0,0.0,10505.1,,False
f3c38ab652836d21de61fb8314b69182,15,0,0.0,0.0,1581.0,,True
f410c8873029fcc3809b9df6d0b28914,2,0,0.0,0.0,289.8,,True
f41ce2e25237f9092cd8e6e7516c7a2f,26,0,0.0,0.0,2030.9,,True
f435898e493ba0356019a0b1cb8b55b1,10,0,0.0,0.0,649.76,,True
f43827dd686be3a4a80e00aa299990fb,1,0,0.0,0.0,95.54,,True
f44b6f775a2b390380e0e30b5c9d3eee,10,0,0.0,0.0,2930.0,,True
f4a04f7be452aa3bb31760bf00055dd0,18,0,0.0,0.0,1312.1,,True
f4ce8ca9fa7157e3b33f536ac9a4487d,4,0,0.0,0.0,409.6,,True
f52c2422904463fdd7741f99045fecb6,12,0,0.0,0.0,567.79,,True
f5403d3f50089112c4eed37928b7f622,0,0,,0.0,190.8,,True
f543ba3c973276f519d89d59bd46cead,0,0,,0.0,258.0,,True
f5b44895715ddfe3087dc414f30268f3,19,0,0.0,0.0,378.8,,True
f5b84683a9bf9e1df748cf40f601b39c,1,0,0.0,0.0,83.9,,True
f626e15b7314c267e4429010866f70e9,5,0,0.0,0.0,193.55,,True
f650a9708fa1bab22bdd8d3a818cc415,4,0,0.0,0.0,507.75,,True
f664f98bfda2eaf266a23ff144e7a872,2,0,0.0,0.0,153.99,,True
f67efa3f0b6761102a7f8c6b7b571f5d,31,0,0.0,0.0,5188.68,,False
f7315bb81aea4ddca2d39e249a801c98,2,0,0.0,0.0,379.8,,True
f7c31656c19db6275a8acadca289f426,1,0,0.0,0.0,61.56,,True
f7df46c1e0ec44eed5c6726478da4a17,0,0,,0.0,429.7,,True
f805b96fa705ba7995a221f1749dc141,7,0,0.0,0.0,2744.44,,True
f88adb15807168d3c43d71021090ce4a,3,0,0.0,0.0,488.8,,True
f8d5c7085db9a4ad2b8c1ffbeb2798c8,6,0,0.0,0.0,263.0,,True
f8e2c1b59cd4225a3e4fd0d013a76b93,2,0,0.0,0.0,219.8,,True
f8f35af4634605e6693c17cc3ffff5a8,1,0,0.0,0.0,90.0,,True
f90f77ef2799a27f80d90c425ca944f7,1,0,0.0,0.0,70.0,,True
f9244d45189d3a3605499abddeade7d5,20,0,0.0,0.0,15731.43,,True
f92d8c817434bd2d84d4e9c61322b7fa,5,0,0.0,0.0,174.84,,True
f9903dd0f812c7e771fcad47b6fff231,10,0,0.0,0.0,1684.85,,True
f9a02f1922d1de564392e656d82b3fda,0,0,,0.0,125.9,,True
f9bbdd976532d50b7816d285a22bd01e,1,0,0.0,0.0,268.0,,True
f9ec7093df3a7b346b7bcf7864069ca3,9,0,0.0,0.0,519.2,,True
f9eda05b67bef472deaddbba84aca289,0,0,,0.0,185.0,,True
f9eedec3129e8cc6b6429c42d0808c5b,2,0,0.0,0.0,789.8,,True
f9f68daa2af419d38f745478bcb3da1a,1,0,0.0,0.0,22.4,,True
fa14641f57b655e933124a9ea49cd7a5,7,0,0.0,0.0,359.93,,True
fa18c782a4866d313cadab567097f8f1,0,0,,0.0,58.99,,True
fa1a9dec3a9940c072684a46728bf1fc,55,0,0.0,0.0,6674.0,,False
fa5fdc4e4bb6bd1009ad0e4ac4096562,1,0,0.0,0.0,161.99,,True
fa7ad8ae9bcb2c4493fdf38e96b1d74f,0,0,,0.0,88.0,,True
fa8d335d68129e464e60c1826a683e96,1,0,0.0,0.0,139.9,,True
fac1a9017ade7bdc94058fc1c969f355,9,0,0.0,0.0,2010.84,,True
fac35d150712afb921ec59ac5f39bb11,5,0,0.0,0.0,696.0,,True
fad44952713764836814be105382aee5,32,0,0.0,0.0,5129.0,,False
fadb07c842a2aef5d5a676b85f220e71,7,0,0.0,0.0,398.75,,True
fb3cfbc8a86f5d7fbb4d36b8df63f60d,10,0,0.0,0.0,1007.3,,True
fb503a924a0b9db19d83dd0ac6dbef8c,1,0,0.0,0.0,13.9,,True
fb8904a8ea99f8831b64ce27db2c1765,2,0,0.0,0.0,278.0,,True
fc0b214b59a83615fea981c6424a02ae,1,0,0.0,0.0,159.9,,True
fc38b5dceee1a730fad8853453437fbd,5,0,0.0,0.0,119.2,,True
fc4751cfe3b279c419615b9b00c1abb4,1,0,0.0,0.0,453.7,,True
fc59392d66ef99377e50356ee4f3b4e1,5,0,0.0,0.0,519.99,,True
fc5a0d7a310a7a41abf86a458585ff2b,1,0,0.0,0.0,162.8,,True
fc6295add6f51a0936407ead70c1001d,1,0,0.0,0.0,160.0,,True
fc906263ca5083d09dce42fe02247800,112,0,0.0,0.0,4497.7,,False
fc908879b9ca1bd65419e54e50432d38,4,0,0.0,0.0,119.2,,True
fc99f99385ae90f66f01733856fb88c9,0,0,,0.0,89.9,,True
fcba71d4d5db057f43249145e4eb1e27,3,0,0.0,0.0,494.55,,True
fd312b6bf05efac6c3772d5b52205d8a,2,0,0.0,0.0,118.7,,True
fd435faa3c0422b60440ea3480d0e77c,1,0,0.0,0.0,749.0,,True
fdf736c18c589ed030e058312203e1b2,1,0,0.0,0.0,30.0,,True
fe19dce63ae80346207c6c55713d1023,1,0,0.0,0.0,49.9,,True
fe1b067411b8c5066e962aa146ccee03,8,0,0.0,0.0,847.78,,True
fe4cd9461203cee790d36792420b310f,3,0,0.0,0.0,391.15,,True
fe8055980a4ff7f64ed889c2b5926929,3,0,0.0,0.0,196.7,,True
fe9d9cf8631285d5982c6e2cf27fb114,1,0,0.0,0.0,69.9,,True
feb793c88d836c3a75efa4b5a3465d70,1,0,0.0,0.0,466.0,,True
fec6275253471ace26d209bbaa64cd0f,9,0,0.0,0.0,2840.0,,True
fec6912baad85d41729669edd6b4d3b8,0,0,,0.0,210.0,,True
fec8cd45395b3cb0c2b173d7739706a1,4,0,0.0,0.0,1280.0,,True
fedaedd3ca31d56ab33e92035e4b361c,1,0,0.0,0.0,39.9,,True
fedf2c1386e137f296b3bbf3b635e69d,2,0,0.0,0.0,131.74,,True
ff1e15b778c700abdd4d239b81ac466d,7,0,0.0,0.0,414.3,,True
ff314fa6033cc68ec451c47aee2d6ba4,2,0,0.0,0.0,537.9,,True
ff4e2d38692ce827b1a4f4b8196e680d,11,0,0.0,0.0,518.9,,True
ff4ea69c2a729e83e63c7579e4ef8170,8,0,0.0,0.0,7017.0,,True
ff82e8873fba613f2261a9acc896fd84,4,0,0.0,0.0,124.6,,True
ffa6adafb71b807dc13159e26431354c,17,0,0.0,0.0,2669.9,,True
ffad1e7127fb622cb64a900751590acd,10,0,0.0,0.0,884.3,,True
ffcfefa19b08742c5d315f2791395ee5,0,0,,0.0,69.9,,True
ffdd9f82b9a447f6f8d4b91554cc7dd3,18,0,0.0,0.0,2101.2,,True
ffff564a4f9085cd26170f4732393726,8,0,0.0,0.0,1426.3,,True
